6afed8e8-e415-401a-998a-e49d0ed7531e,True,13,"2021, 12, 05, 14, 59, 38"
f283c7da-a6d3-406b-b755-df12036dc68c,False,13,"2021, 12, 05, 14, 59, 38"
3fc9b087-21e6-4364-92db-c0e1c57d1619,True,178,"2021, 12, 05, 14, 59, 38"
1cf826f7-80c6-4162-8459-ba0192b0ce1d,False,178,"2021, 12, 05, 14, 59, 38"
44655347-0bd8-4fa3-94cf-dc91946662b2,True,211,"2021, 12, 05, 14, 59, 38"
17a91107-e7a7-4a42-9b07-edc1eb5f5dca,False,211,"2021, 12, 05, 14, 59, 38"
529132d4-3e7b-4fab-9184-11ccc5badbad,True,74,"2021, 12, 05, 14, 59, 38"
f3289725-a406-410f-acb6-a90bf8236560,False,74,"2021, 12, 05, 14, 59, 38"
01b14e9d-6713-4b19-aa9d-1e7a7dc88dc6,True,57,"2021, 12, 05, 14, 59, 38"
d5657a3b-f7f3-4ecf-bfab-d74f6799b179,False,57,"2021, 12, 05, 14, 59, 38"
759ae814-c316-4e1e-a02e-5ef00ba88296,True,216,"2021, 12, 05, 14, 59, 38"
144cc3eb-28b1-4101-bb58-9652daebea78,False,216,"2021, 12, 05, 14, 59, 38"
123a73b6-f50b-47ca-9988-c0a1d46dc62f,True,143,"2021, 12, 05, 14, 59, 38"
888cdf18-c5aa-4e67-953b-0b1f49d4dcd1,False,143,"2021, 12, 05, 14, 59, 38"
dc535940-cc5c-41ef-9d73-3ffdb210e8fc,True,204,"2021, 12, 05, 14, 59, 38"
033c128a-77a5-4707-8200-fdf2e176fac4,False,204,"2021, 12, 05, 14, 59, 38"
4d0e5e3d-7762-4b33-9e94-81f383bc317c,True,141,"2021, 12, 05, 14, 59, 38"
d0d326fb-bccd-44c0-80d2-dbbdc04a1b4a,False,141,"2021, 12, 05, 14, 59, 38"
d4e0cfd7-3386-4286-8ef7-b7a81a925616,True,49,"2021, 12, 05, 14, 59, 38"
8e7fd013-0e34-424c-a419-d0a7b061ed25,False,49,"2021, 12, 05, 14, 59, 38"
8069562f-c404-48a7-bf68-6368c43ff070,True,130,"2021, 12, 05, 14, 59, 38"
40942a5c-f5a3-43f0-a7ce-66c6a7184bcb,False,130,"2021, 12, 05, 14, 59, 38"
cdec1866-d09e-47de-bea6-adf05021c39d,True,102,"2021, 12, 05, 14, 59, 38"
d5c7133f-2e29-4f6f-be1f-fcdcdc20ff09,False,102,"2021, 12, 05, 14, 59, 38"
f1a3a244-1449-40fc-88cd-3c467dcf4652,True,65,"2021, 12, 05, 14, 59, 38"
579c4a97-b5df-438a-bceb-fbaf7ee5e38b,False,65,"2021, 12, 05, 14, 59, 38"
76e1918f-2910-4580-bf86-816557e4be2a,True,218,"2021, 12, 05, 14, 59, 38"
81c17f40-655b-4847-bf5e-a3303296511b,False,218,"2021, 12, 05, 14, 59, 38"
c614d3a7-c8e4-426a-a93d-ac48a8238de2,True,28,"2021, 12, 05, 14, 59, 38"
e25841b8-5bbf-4fec-8d43-f4b9aaedb2de,False,28,"2021, 12, 05, 14, 59, 38"
0b6f19f7-6a9b-46bf-a4eb-255bf5522540,True,126,"2021, 12, 05, 14, 59, 38"
3003d21f-463e-4df7-bbc7-9417c467a5a2,False,126,"2021, 12, 05, 14, 59, 38"
3fafe33c-90fa-4c0d-be02-ffedb3462cf1,True,64,"2021, 12, 05, 14, 59, 38"
5d99d544-1f48-439e-b562-78d2ff0aa587,False,64,"2021, 12, 05, 14, 59, 38"
327a943d-16e0-4eca-83de-1f3172029c87,True,205,"2021, 12, 05, 14, 59, 38"
02416f08-17d3-4cf3-83ad-46627c708d15,False,205,"2021, 12, 05, 14, 59, 38"
eaade5d5-3cb2-46ce-a1da-b5b566055b3a,True,169,"2021, 12, 05, 14, 59, 38"
93112332-b5d5-4aee-a33e-2d4e0c745ab4,False,169,"2021, 12, 05, 14, 59, 38"
adf80f81-ffe8-4d11-a3e1-ec64b8c38c0a,True,26,"2021, 12, 05, 14, 59, 38"
aae1b967-26b6-475b-8e8f-ae25bf9af1bc,False,26,"2021, 12, 05, 14, 59, 38"
5587436f-96d3-4ad3-acac-8dc1ffd088d0,True,203,"2021, 12, 05, 14, 59, 38"
16ebfb7a-d8f0-48c3-93ef-fe91c2382140,False,203,"2021, 12, 05, 14, 59, 38"
7ec833b2-b817-414a-bb59-60f9a346c73c,True,158,"2021, 12, 05, 14, 59, 38"
c3c80429-eda5-4738-a6c1-fa4526291ced,False,158,"2021, 12, 05, 14, 59, 38"
843cd78f-32f7-4afe-96de-41fd8ee47d09,True,100,"2021, 12, 05, 14, 59, 38"
a788b36b-c754-4a47-982f-daf19f41d6f0,False,100,"2021, 12, 05, 14, 59, 38"
77901b90-14f3-4f97-835a-e87842b32153,True,5,"2021, 12, 05, 14, 59, 38"
aa40c082-b752-40e7-97fc-3f365b419195,False,5,"2021, 12, 05, 14, 59, 38"
8f212b1b-dbbf-472a-9548-59224524c833,True,124,"2021, 12, 05, 14, 59, 38"
852a68a2-dc9c-458a-ac11-62711a2ca848,False,124,"2021, 12, 05, 14, 59, 38"
d71521df-ec5b-4bd1-ab5c-6e17f58da58a,True,82,"2021, 12, 05, 14, 59, 38"
852606ce-af95-4abf-b8f8-5b8b3d4f69aa,False,82,"2021, 12, 05, 14, 59, 38"
78915136-0336-4a79-86db-f1c90570c671,True,191,"2021, 12, 05, 14, 59, 38"
7060e5ce-8c25-44f6-961b-8958eb5ef84c,False,191,"2021, 12, 05, 14, 59, 38"
b6a82996-83b6-4547-8232-d592ef2f27ad,True,30,"2021, 12, 05, 14, 59, 38"
bf64126e-3a2c-4709-aa2e-83c8f88964ef,False,30,"2021, 12, 05, 14, 59, 38"
29a32a45-110c-47a2-87fd-3d64e323735e,True,144,"2021, 12, 05, 14, 59, 38"
d5516d6f-6c14-4b2f-9bd2-f6bff651a315,False,144,"2021, 12, 05, 14, 59, 38"
a7d80313-9354-413f-a5b1-2638dd892491,True,92,"2021, 12, 05, 14, 59, 38"
23e684c6-f9bd-496d-afd5-852281d8865e,False,92,"2021, 12, 05, 14, 59, 38"
b66791f9-8d0a-4e4c-a155-a9355bc403ed,True,234,"2021, 12, 05, 14, 59, 38"
c02cf43d-1827-4137-bc35-1ba7c610eece,False,234,"2021, 12, 05, 14, 59, 38"
319522e4-1b5a-4233-9544-64172f2e6c09,True,155,"2021, 12, 05, 14, 59, 38"
e0c20559-f3a1-40de-a78c-26eaa378fdfb,False,155,"2021, 12, 05, 14, 59, 38"
829cd524-17ac-41c5-87b9-cddcdc84e041,True,88,"2021, 12, 05, 14, 59, 38"
81e1bfd8-91a6-42c9-bf1b-f6ec8f14d9d0,False,88,"2021, 12, 05, 14, 59, 38"
2c640bd7-8563-4d0a-8e5e-8e6a6baa2f71,True,85,"2021, 12, 05, 14, 59, 38"
707a77a6-7bf9-47cd-b7e7-b38579dc8177,False,85,"2021, 12, 05, 14, 59, 38"
b268e7b1-26f7-4c3a-a7a4-a97821b6199a,True,45,"2021, 12, 05, 14, 59, 38"
f9fba172-fc50-40a6-83de-af5e736aae41,False,45,"2021, 12, 05, 14, 59, 38"
6b44103a-6aef-40e9-b1ed-1481f82a2e6b,True,61,"2021, 12, 05, 14, 59, 38"
30cda8cc-c58b-4360-ad6d-6dc470ed4342,False,61,"2021, 12, 05, 14, 59, 38"
abcc6cd2-e431-4c99-aedc-1351710c6c1d,True,24,"2021, 12, 05, 14, 59, 38"
851cf751-0c5c-4a0c-907d-ed9a26ff3cc9,False,24,"2021, 12, 05, 14, 59, 38"
a35f421e-a7ac-407d-b3ef-6bfcc072e060,True,98,"2021, 12, 05, 14, 59, 38"
2cf37161-0a76-4423-aa12-4396a427c669,False,98,"2021, 12, 05, 14, 59, 38"
ef7faa30-6dc8-48af-8fbc-e455b53d8d9d,True,95,"2021, 12, 05, 14, 59, 38"
500e4822-922d-44ce-9b96-5a411b820113,False,95,"2021, 12, 05, 14, 59, 38"
a7b241cd-a481-4ac6-acfd-9995d253fa42,True,35,"2021, 12, 05, 14, 59, 38"
c8acf959-bf0c-484a-b922-31f113094791,False,35,"2021, 12, 05, 14, 59, 38"
26dc184b-049d-4e85-8145-4c337ca7f1b8,True,156,"2021, 12, 05, 14, 59, 38"
a492f5b7-a4a5-4f1d-8372-d75c1289b70f,False,156,"2021, 12, 05, 14, 59, 38"
7e745ad0-e23c-4bdd-b29a-a1a9fb1bfc50,True,168,"2021, 12, 05, 14, 59, 38"
72437a96-6786-4b4c-a8df-f5342bd03316,False,168,"2021, 12, 05, 14, 59, 38"
4b6f6304-527c-4d20-a102-6345c5bbc1cb,True,80,"2021, 12, 05, 14, 59, 38"
18ac4a7f-ecd3-4818-857b-a1798d0251f9,False,80,"2021, 12, 05, 14, 59, 38"
2d97dd7d-5739-49fb-a298-97ae3b77e9b0,True,125,"2021, 12, 05, 14, 59, 38"
aeda6ce9-3d82-4524-9055-819bc6af5142,False,125,"2021, 12, 05, 14, 59, 38"
0fc2bd6f-528f-41a3-82f9-9d0a3db63634,True,87,"2021, 12, 05, 14, 59, 38"
de9aeda9-11b4-4aa8-a9b0-b084f496c47a,False,87,"2021, 12, 05, 14, 59, 38"
9678d831-3f93-4978-95ff-a94ce261b1c9,True,21,"2021, 12, 05, 14, 59, 38"
a6f6946e-52bb-4865-81f5-1dc05769eba3,False,21,"2021, 12, 05, 14, 59, 38"
d0c001f9-f330-45c4-94e9-a640a292249a,True,8,"2021, 12, 05, 14, 59, 38"
e58487ce-611e-4133-9409-ae46a5652024,False,8,"2021, 12, 05, 14, 59, 38"
15848ca8-f4c2-4b3f-b20a-3b997017a5c1,True,193,"2021, 12, 05, 14, 59, 38"
332f7a33-8af6-41bc-9865-bc2e27e41676,False,193,"2021, 12, 05, 14, 59, 38"
a9906dff-533a-43b4-a53c-c38424c27b0a,True,214,"2021, 12, 05, 14, 59, 38"
ee4f0c9b-0360-427f-b7b4-432b5ee6f438,False,214,"2021, 12, 05, 14, 59, 38"
db40c991-0c09-4305-acf3-8ab44131c6b0,True,25,"2021, 12, 05, 14, 59, 38"
c5fd169c-8e07-4079-b673-aa0c3abd075f,False,25,"2021, 12, 05, 14, 59, 38"
9853e14e-85e2-48ed-9904-d0527cf79d7b,True,183,"2021, 12, 05, 14, 59, 38"
d138624f-7588-48e4-b1b3-a4c9f45ca590,False,183,"2021, 12, 05, 14, 59, 38"
9b278569-1a6e-4273-a11e-9c43c907e3bc,True,73,"2021, 12, 05, 14, 59, 38"
f333b9c9-1762-4d51-913b-7972c901ad9d,False,73,"2021, 12, 05, 14, 59, 38"
a10c9ced-d304-4dfb-bfce-24628cc5100b,True,150,"2021, 12, 05, 14, 59, 38"
893bcaf0-3f3b-4022-8d66-1ae1f9e0b8fc,False,150,"2021, 12, 05, 14, 59, 38"
e66ecfc6-ea99-46ae-b09d-2d70c7de8cef,True,219,"2021, 12, 05, 14, 59, 38"
9949c0be-2f2a-4845-8dd6-89614be33c56,False,219,"2021, 12, 05, 14, 59, 38"
dbc438d7-6fe0-48bd-aabd-b31e0721fb35,True,117,"2021, 12, 05, 14, 59, 38"
a655f4ff-61ce-4ed5-a939-90fccbefa62d,False,117,"2021, 12, 05, 14, 59, 38"
f7500d87-bd9c-4489-81fe-27b7bc1f17f7,True,164,"2021, 12, 05, 14, 59, 38"
2e378da0-eed9-4000-85b5-ce1197947e2f,False,164,"2021, 12, 05, 14, 59, 38"
440ccc88-3133-4fdf-a9c9-17c3b4b2d279,True,237,"2021, 12, 05, 14, 59, 38"
e9f1cf16-1f0f-4e11-855d-8f93368f31a4,False,237,"2021, 12, 05, 14, 59, 38"
88add378-a321-409f-b2e4-270e069ea23d,True,176,"2021, 12, 05, 14, 59, 38"
8c741907-cb20-4035-bd2d-3bcd7912af42,False,176,"2021, 12, 05, 14, 59, 38"
7000ced4-22d1-43ea-9036-6536f24b5f9f,True,251,"2021, 12, 05, 14, 59, 38"
9939e36b-0f5a-44d4-8633-3749dfc45fff,False,251,"2021, 12, 05, 14, 59, 38"
83235563-cb75-4c2e-88e2-5992209efa8e,True,202,"2021, 12, 05, 14, 59, 38"
43266bc0-f55f-4ec2-8357-025337e90d15,False,202,"2021, 12, 05, 14, 59, 38"
b3078c20-95c8-4755-91f1-54299f9024ef,True,152,"2021, 12, 05, 14, 59, 38"
e7ce9cc3-6100-4166-b497-74ef08e932a5,False,152,"2021, 12, 05, 14, 59, 38"
23e1738d-655c-4f09-a27e-1ee0d38dfad6,True,217,"2021, 12, 05, 14, 59, 38"
705692bc-18b1-476e-a4dc-5c074d0cdc65,False,217,"2021, 12, 05, 14, 59, 38"
1616bd4f-14d3-47d4-b882-226859ed9ca8,True,101,"2021, 12, 05, 14, 59, 38"
04d8d7be-1457-493b-9b8f-098203a5631e,False,101,"2021, 12, 05, 14, 59, 38"
e23d26ec-bcac-4c7e-bc91-4412329f7810,True,6,"2021, 12, 05, 14, 59, 38"
4f3b6ad4-784a-4732-84bc-fa51322fd98b,False,6,"2021, 12, 05, 14, 59, 38"
5939d8b3-c49d-41d0-9a29-2705aa4a7c60,True,114,"2021, 12, 05, 14, 59, 38"
d36a2735-8043-4ec5-9bfd-8ae3f9d93109,False,114,"2021, 12, 05, 14, 59, 38"
3433b076-bb14-40b2-878b-ebbd6b40c7bb,True,159,"2021, 12, 05, 14, 59, 38"
8abc2d9f-c236-426e-805e-60a616fbd7f8,False,159,"2021, 12, 05, 14, 59, 38"
30d35757-318b-458f-9acf-1bf41309d3a5,True,1,"2021, 12, 05, 14, 59, 38"
0d4bcab6-4257-4a31-9e83-b040edbed018,False,1,"2021, 12, 05, 14, 59, 38"
907daa2d-9913-451c-bc53-ae20595d43b1,True,182,"2021, 12, 05, 14, 59, 38"
025ecb69-d140-4b37-bdc3-915b5fefabf3,False,182,"2021, 12, 05, 14, 59, 38"
27087c2e-25b3-49cf-bfe1-31509f72ec85,True,115,"2021, 12, 05, 14, 59, 38"
de4c2d42-bb95-4866-80a0-6de5294ec932,False,115,"2021, 12, 05, 14, 59, 38"
7e877dc7-f222-46b1-b202-806dcbd4b4e4,True,154,"2021, 12, 05, 14, 59, 38"
53dceaf1-fdd7-4cb8-b0de-13c10b71c31a,False,154,"2021, 12, 05, 14, 59, 38"
d1899468-0b6c-4fc3-859f-5b46eb92c71e,True,67,"2021, 12, 05, 14, 59, 38"
7fb07a50-193e-4716-93cf-a5ebb000eaf0,False,67,"2021, 12, 05, 14, 59, 38"
2578fff1-7218-41e1-a96e-543be0106768,True,72,"2021, 12, 05, 14, 59, 38"
4b82018a-7984-46a6-8052-621cd375114e,False,72,"2021, 12, 05, 14, 59, 38"
4880149b-d274-4694-8964-25b322452bb4,True,248,"2021, 12, 05, 14, 59, 38"
cea25310-5fc1-4981-99b1-4dcb22861418,False,248,"2021, 12, 05, 14, 59, 38"
181a548d-618c-4a80-8da1-882e094354b9,True,209,"2021, 12, 05, 14, 59, 38"
677abbc7-8861-4c29-b206-d33d6f097cf3,False,209,"2021, 12, 05, 14, 59, 38"
fc58ceb2-a0a6-4f7f-8d46-9caddcd364bc,True,239,"2021, 12, 05, 14, 59, 38"
dfef5b0f-11ce-40e5-bb67-02898a664fc7,False,239,"2021, 12, 05, 14, 59, 38"
9e1caef0-94a2-41d0-ba20-c3309b58756c,True,194,"2021, 12, 05, 14, 59, 38"
bbdb2b3b-e1f1-4fb6-bb36-3d1252f3a23f,False,194,"2021, 12, 05, 14, 59, 38"
7275b291-ea16-4292-9c9f-21c46bba0647,True,197,"2021, 12, 05, 14, 59, 38"
424ec470-c88c-4964-a19b-618ce29d764d,False,197,"2021, 12, 05, 14, 59, 38"
bfc1d27b-7483-4a08-892e-edc534ecd9ec,True,229,"2021, 12, 05, 14, 59, 38"
705cc20d-9e5e-4209-ace5-8fa70160d31c,False,229,"2021, 12, 05, 14, 59, 38"
e326200a-09de-4a69-ba16-9b96ca6a9aa7,True,132,"2021, 12, 05, 14, 59, 38"
716e5b00-282a-41dd-800e-67f22d007c03,False,132,"2021, 12, 05, 14, 59, 38"
5f099094-6230-4384-adf1-b48e6413781a,True,15,"2021, 12, 05, 14, 59, 38"
389bd72c-c04a-4720-91d2-5e1abc41c84a,False,15,"2021, 12, 05, 14, 59, 38"
78ebde9b-d84f-4fcd-a246-01e4686c615e,True,136,"2021, 12, 05, 14, 59, 38"
555e203a-45fc-455a-a882-8fd6ed2d4bcd,False,136,"2021, 12, 05, 14, 59, 38"
d5d14ddf-513c-465e-ae85-03e34821a06f,True,210,"2021, 12, 05, 14, 59, 38"
2b6f2a01-eb49-41ae-ab98-3eb3e5620d32,False,210,"2021, 12, 05, 14, 59, 38"
dd3b55fe-e734-4133-b190-3d3a77625bef,True,213,"2021, 12, 05, 14, 59, 38"
55dae9cc-e823-4f02-9f86-2130c4af4a78,False,213,"2021, 12, 05, 14, 59, 38"
47f5d18f-d9ae-43f5-8f0a-5b11b2bd2a59,True,106,"2021, 12, 05, 14, 59, 38"
14c70455-a352-40f5-9225-9c4c97db5034,False,106,"2021, 12, 05, 14, 59, 38"
e2ea23a4-4e19-402e-86b7-2d6db4b02329,True,231,"2021, 12, 05, 14, 59, 38"
e2b46ac5-c12c-4468-95d2-087112ef1bda,False,231,"2021, 12, 05, 14, 59, 38"
bed9ec61-5add-4c3a-8b0c-f1b5b2f196cc,True,66,"2021, 12, 05, 14, 59, 38"
364a4d11-1ab1-41b0-b64d-4791bf66df2b,False,66,"2021, 12, 05, 14, 59, 38"
9651e151-6364-4785-9b57-7b1acac0af70,True,170,"2021, 12, 05, 14, 59, 38"
ca93fb2e-06c0-4a04-bdc0-3cb92722a2a0,False,170,"2021, 12, 05, 14, 59, 38"
546b24f1-95c9-4236-8e7e-f52c61a5534e,True,198,"2021, 12, 05, 14, 59, 38"
24db2c5f-9f9a-4bd6-9f59-7b5ff71abb3d,False,198,"2021, 12, 05, 14, 59, 38"
9e860432-da8f-4ddd-97ec-498fae231ea6,True,163,"2021, 12, 05, 14, 59, 38"
4b98141e-3e62-440a-bff2-04af87031464,False,163,"2021, 12, 05, 14, 59, 38"
1930d286-a9e3-423a-8b39-1a4300dff01e,True,224,"2021, 12, 05, 14, 59, 38"
39c5a196-9f8d-4b7f-972a-b4e98a75c638,False,224,"2021, 12, 05, 14, 59, 38"
e1d5e183-6b09-4c1e-aeda-c0062bce9350,True,177,"2021, 12, 05, 14, 59, 38"
18da944a-e8ca-4a9f-b6c4-35979f2568a9,False,177,"2021, 12, 05, 14, 59, 38"
51c20d5a-2456-4121-a30e-770bde405cfb,True,97,"2021, 12, 05, 14, 59, 38"
ffe8de91-f0ac-4c56-9eec-db93926c9cc8,False,97,"2021, 12, 05, 14, 59, 38"
1d50a003-8b65-4644-bfdd-040f84ed01d0,True,116,"2021, 12, 05, 14, 59, 38"
8d9b9ba0-79ee-4c82-bd3a-38ba94f23d7c,False,116,"2021, 12, 05, 14, 59, 38"
dfa7af38-8aaf-458e-9e8b-118fd09f9a14,True,109,"2021, 12, 05, 14, 59, 38"
b2003feb-bc3c-4a29-8a6b-5997a5ed35ff,False,109,"2021, 12, 05, 14, 59, 38"
1d130336-03e7-4268-943c-54ffce8faea6,True,20,"2021, 12, 05, 14, 59, 38"
7e191a9a-f37d-4dfe-8725-4c286e30c9ab,False,20,"2021, 12, 05, 14, 59, 38"
5dcead52-8f16-472a-83cc-f496807d083a,True,228,"2021, 12, 05, 14, 59, 38"
b3178025-e0c9-405d-b789-893edde46489,False,228,"2021, 12, 05, 14, 59, 38"
ad36bf3e-cf7b-43f4-8e88-ab0601333ff6,True,41,"2021, 12, 05, 14, 59, 38"
7550007f-e29f-4e84-865e-eafadf4df86e,False,41,"2021, 12, 05, 14, 59, 38"
08f556ba-89b6-480b-8bf4-9d041006d622,True,69,"2021, 12, 05, 14, 59, 38"
5126d256-71aa-49c9-8502-8994ef9b702d,False,69,"2021, 12, 05, 14, 59, 38"
864c5396-776d-4c0b-860a-130c58bfd154,True,128,"2021, 12, 05, 14, 59, 38"
e1da1334-caed-4687-8868-b1e3dc60a8d0,False,128,"2021, 12, 05, 14, 59, 38"
3e57188a-9c27-4593-8b64-70431225c58f,True,196,"2021, 12, 05, 14, 59, 38"
5629c0e2-d768-4fef-b543-09d406175918,False,196,"2021, 12, 05, 14, 59, 38"
63dab1ea-1eea-4e47-ada8-7a7f24e22134,True,129,"2021, 12, 05, 14, 59, 38"
396bdce4-2457-46e7-a6bf-c9b53d68e1bf,False,129,"2021, 12, 05, 14, 59, 38"
da1fe12d-b3c7-475d-8b8b-3e2ae34630a6,True,103,"2021, 12, 05, 14, 59, 38"
a66241e9-0f8b-4e9f-9eb2-bfe251f3a740,False,103,"2021, 12, 05, 14, 59, 38"
9ed5584f-df1b-4278-9984-0a052068a85a,True,206,"2021, 12, 05, 14, 59, 38"
5a247554-8e4c-47e2-a54c-74622fac706d,False,206,"2021, 12, 05, 14, 59, 38"
3d8548e9-0255-4b80-8cfe-c56853eb286a,True,166,"2021, 12, 05, 14, 59, 38"
b98de8e1-1803-4bf1-be66-aa04e9999246,False,166,"2021, 12, 05, 14, 59, 38"
0a67d7f1-8def-46d0-a0a3-1894f31c55f4,True,123,"2021, 12, 05, 14, 59, 38"
46951d6e-f88f-4334-aecd-59d8190f5ddb,False,123,"2021, 12, 05, 14, 59, 38"
5a02ef1d-b297-4707-a28a-aa37ca13d6c4,True,146,"2021, 12, 05, 14, 59, 38"
a31bf644-c67b-4afb-8250-aea4d901cae0,False,146,"2021, 12, 05, 14, 59, 38"
556d083a-5eb2-4e09-b2f8-9e20dcd8be0a,True,19,"2021, 12, 05, 14, 59, 38"
b7a27260-807d-44de-a644-983825546aab,False,19,"2021, 12, 05, 14, 59, 38"
e5fded04-de70-42af-b1ef-5c7365c1c2aa,True,47,"2021, 12, 05, 14, 59, 38"
23c26c38-cb4c-4c91-8c75-5e74724a749d,False,47,"2021, 12, 05, 14, 59, 38"
6b839e33-56dd-437d-830e-aa89238a18a1,True,46,"2021, 12, 05, 14, 59, 38"
52a6af0c-8110-42d9-986b-c60d399ef266,False,46,"2021, 12, 05, 14, 59, 38"
0a9b5712-85b7-4cc0-a619-416413054dab,True,157,"2021, 12, 05, 14, 59, 38"
5b8eb4aa-b9c6-4846-8fa3-029170f461d1,False,157,"2021, 12, 05, 14, 59, 38"
8684e997-6719-4b26-83a1-c0a176879f57,True,186,"2021, 12, 05, 14, 59, 38"
36443ff7-cb32-467e-a5c0-7751a5a36c95,False,186,"2021, 12, 05, 14, 59, 38"
3b95a851-1580-4306-aadc-832a81e31166,True,37,"2021, 12, 05, 14, 59, 38"
4b0cd10a-76c0-4627-b8b5-6676268e478a,False,37,"2021, 12, 05, 14, 59, 38"
4d4b742b-fa66-401c-88c3-e1749ebc47e0,True,171,"2021, 12, 05, 14, 59, 38"
3e764e28-6276-42eb-a9a6-67577493673d,False,171,"2021, 12, 05, 14, 59, 38"
e24a1153-c6e4-4c3c-b86e-cc84f59ca848,True,10,"2021, 12, 05, 14, 59, 38"
6acd4780-c9ee-4c21-ab4d-92c1a533c51d,False,10,"2021, 12, 05, 14, 59, 38"
2cd1595b-479e-4b09-9e61-e072d0a3ba6c,True,236,"2021, 12, 05, 14, 59, 38"
f4a8bb3b-0fcd-47cc-9d6a-81efd48672b3,False,236,"2021, 12, 05, 14, 59, 38"
4f3c823a-91fd-4008-92b7-b43851b860e4,True,50,"2021, 12, 05, 14, 59, 39"
1b21ec90-4272-42b4-b35d-a9c1ff254a3d,False,50,"2021, 12, 05, 14, 59, 39"
cbd4a73d-a8e7-49dc-835f-9d43a0f34623,True,75,"2021, 12, 05, 14, 59, 39"
9e5dde82-ad95-4693-a04e-d201d1bcd4ec,False,75,"2021, 12, 05, 14, 59, 39"
4736c8b0-34b2-480f-bfe0-2b20269a1537,True,221,"2021, 12, 05, 14, 59, 39"
ec20776e-1e2e-43b1-be3d-04ae3472dca4,False,221,"2021, 12, 05, 14, 59, 39"
c372c895-96ce-4046-82e8-1679494f1cf4,True,27,"2021, 12, 05, 14, 59, 39"
43898435-90c2-44c4-bc03-ea5298d28ac3,False,27,"2021, 12, 05, 14, 59, 39"
c1a7c48a-6220-41c4-a448-5985820a774e,True,56,"2021, 12, 05, 14, 59, 39"
8be739e4-3b18-416e-841c-8242b89bf583,False,56,"2021, 12, 05, 14, 59, 39"
813803f4-5df9-43be-9038-1016cdfb6b27,True,122,"2021, 12, 05, 14, 59, 39"
cf534d1b-a7cb-400f-9d7e-e74640578c4a,False,122,"2021, 12, 05, 14, 59, 39"
b880544f-a940-4614-9908-a6d57899d810,True,104,"2021, 12, 05, 14, 59, 39"
4443b807-527a-4fc8-a59e-bdfa49259f7c,False,104,"2021, 12, 05, 14, 59, 39"
01562696-ba54-46f1-8ede-e5fc2ec33e7f,True,68,"2021, 12, 05, 14, 59, 39"
f366cca8-e322-4296-b1b5-e1efb6b22949,False,68,"2021, 12, 05, 14, 59, 39"
bfb0d360-4416-478b-add6-71e5c5f0af6b,True,226,"2021, 12, 05, 14, 59, 39"
9aa9f802-8185-4a7a-a854-965b891c8be4,False,226,"2021, 12, 05, 14, 59, 39"
3929c8a9-2a45-4b4d-b70c-8886bf2f85d0,True,153,"2021, 12, 05, 14, 59, 39"
2d1afdf4-37f5-4e8c-abd3-a90fd7961346,False,153,"2021, 12, 05, 14, 59, 39"
36df02fe-5dae-46b2-8fb6-9e223f183bb9,True,127,"2021, 12, 05, 14, 59, 39"
af467d1b-491e-47c0-ba1f-b13b7abb8682,False,127,"2021, 12, 05, 14, 59, 39"
e8c0aa00-5b62-4700-ab7b-1bc30befc124,True,34,"2021, 12, 05, 14, 59, 39"
c389fc1d-b4ad-434b-8fdd-0949143bc3df,False,34,"2021, 12, 05, 14, 59, 39"
7a24b664-1c64-42b7-bc5d-16c970ed94a5,True,38,"2021, 12, 05, 14, 59, 39"
5bea22e7-ee45-4e02-889f-ae92042ff5bc,False,38,"2021, 12, 05, 14, 59, 39"
54304106-fae2-4a3a-ad44-b9cce21177b5,True,227,"2021, 12, 05, 14, 59, 39"
2327d7f0-55e1-4525-826f-e62f690a6eca,False,227,"2021, 12, 05, 14, 59, 39"
6f81c11f-6dbc-472f-8b06-14ce86de18da,True,36,"2021, 12, 05, 14, 59, 39"
151685fd-8c0d-453c-acbd-711b9ba996ae,False,36,"2021, 12, 05, 14, 59, 39"
e0d53ccb-bafd-497e-b4a6-0a28552720ce,True,180,"2021, 12, 05, 14, 59, 39"
617cb835-5689-4516-9b4a-01ec914c9e86,False,180,"2021, 12, 05, 14, 59, 39"
d2476319-9aba-4aee-bbb5-0bb25d9a5fc7,True,160,"2021, 12, 05, 14, 59, 39"
606be9f9-0697-4add-98ce-3c034ece18c2,False,160,"2021, 12, 05, 14, 59, 39"
046779c5-9acd-47ea-b481-85dff74bb6d2,True,145,"2021, 12, 05, 14, 59, 39"
01ddea29-fa5d-4c8a-be5e-5509ab0ed966,False,145,"2021, 12, 05, 14, 59, 39"
981a9169-0936-4d8f-8c5f-014558409601,True,232,"2021, 12, 05, 14, 59, 39"
c64bab54-2054-421f-9a65-2f6be7cd8d0f,False,232,"2021, 12, 05, 14, 59, 39"
7728c5d9-655c-4670-af5a-08423fe07ced,True,84,"2021, 12, 05, 14, 59, 39"
07dc4bb3-f6f6-46ec-80b7-c10d495e6691,False,84,"2021, 12, 05, 14, 59, 39"
614d0bce-eef6-4056-9a93-141d5675b72c,True,105,"2021, 12, 05, 14, 59, 39"
42374907-6162-4d20-a726-f5939f1f61ef,False,105,"2021, 12, 05, 14, 59, 39"
e7dfb157-37a6-4f8f-89a3-e18c256065ed,True,86,"2021, 12, 05, 14, 59, 39"
18619d55-8789-47d8-bc24-920f7ed4f879,False,86,"2021, 12, 05, 14, 59, 39"
aba66562-e104-40ee-abed-5072922163e6,True,243,"2021, 12, 05, 14, 59, 39"
ebdf57fa-0ee2-4d58-8fd3-20ea2e6eccd6,False,243,"2021, 12, 05, 14, 59, 39"
e206b0f2-45e8-421f-a07c-839a18655800,True,11,"2021, 12, 05, 14, 59, 39"
99bb2901-352e-4564-8680-f16f20e3eb8d,False,11,"2021, 12, 05, 14, 59, 39"
f0c9e8f3-e7f6-4e6f-a50f-0fd064af8b10,True,81,"2021, 12, 05, 14, 59, 39"
f36921af-1603-4c4c-a3af-80cf1da9f451,False,81,"2021, 12, 05, 14, 59, 39"
2c78a30e-07a1-4079-9d38-b5848efcaf90,True,250,"2021, 12, 05, 14, 59, 39"
832a6738-13e9-4cbf-943a-344c889784b8,False,250,"2021, 12, 05, 14, 59, 39"
b43b76a3-daec-4475-860b-30f3dd818ef5,True,195,"2021, 12, 05, 14, 59, 39"
7d160616-18b6-4196-958a-5174545a437f,False,195,"2021, 12, 05, 14, 59, 39"
c2d16a28-16a4-4949-90fe-b5b12bd99155,True,52,"2021, 12, 05, 14, 59, 39"
54356aa2-1964-4353-b0f8-e764d95e59dd,False,52,"2021, 12, 05, 14, 59, 39"
6c883018-cf93-49f0-9e87-0a1339c27681,True,17,"2021, 12, 05, 14, 59, 39"
d46cf898-1762-4742-9448-885e90c6fda3,False,17,"2021, 12, 05, 14, 59, 39"
d60cd928-648b-4c1c-9607-72e6eae7420a,True,174,"2021, 12, 05, 14, 59, 39"
7d9e0f89-159b-4bf4-a1d9-a1de6e75c72d,False,174,"2021, 12, 05, 14, 59, 39"
1284f082-360c-443f-a924-214faebb6108,True,96,"2021, 12, 05, 14, 59, 39"
5dac823e-dd3f-4bb4-9650-6dc1f0a58a9d,False,96,"2021, 12, 05, 14, 59, 39"
cea39236-1ade-48f8-ac02-88d9b30000b6,True,32,"2021, 12, 05, 14, 59, 39"
8208d519-9490-4bec-8e1e-d9efca0652d4,False,32,"2021, 12, 05, 14, 59, 39"
4892679f-16e0-4c9a-afdd-4b2392730e8b,True,167,"2021, 12, 05, 14, 59, 39"
d4168a98-0dfd-46d7-8f2d-f63d793528bc,False,167,"2021, 12, 05, 14, 59, 39"
ed2910e2-90cb-40ca-ad54-3419e37ea7db,True,230,"2021, 12, 05, 14, 59, 39"
7f8a2e19-4230-473e-9afb-4ff7174bccac,False,230,"2021, 12, 05, 14, 59, 39"
9f5802ad-564f-4dc2-9bcb-7993ecb2f428,True,62,"2021, 12, 05, 14, 59, 39"
3ebf4774-9cd3-42e9-b89d-12aea0a96a3d,False,62,"2021, 12, 05, 14, 59, 39"
a6079f05-fb16-4b3b-8433-28cdebcb32a5,True,78,"2021, 12, 05, 14, 59, 39"
f2728dc8-6b06-4346-ab92-c8ea043f33c7,False,78,"2021, 12, 05, 14, 59, 39"
d51c5d26-4f2a-455e-89b5-4b3a00284ab3,True,225,"2021, 12, 05, 14, 59, 39"
adaf07ce-6270-4e35-a55b-51b8ce96c460,False,225,"2021, 12, 05, 14, 59, 39"
866f4453-e666-4136-9613-d2220e0e0fd3,True,244,"2021, 12, 05, 14, 59, 39"
249512ee-4cb8-4ed2-b620-f5e4019c1117,False,244,"2021, 12, 05, 14, 59, 39"
18d22aa9-b5ee-40ab-b707-e5dadcc3bddd,True,40,"2021, 12, 05, 14, 59, 39"
37a5c086-c689-4d2f-baee-8a95b53f23f7,False,40,"2021, 12, 05, 14, 59, 39"
1d8d9358-9cad-4dbd-a143-7ad73db34a12,True,59,"2021, 12, 05, 14, 59, 39"
47040c46-f299-4921-8133-7b5917e7f053,False,59,"2021, 12, 05, 14, 59, 39"
08449010-7282-4f0d-9bcc-f97e41493ab3,True,9,"2021, 12, 05, 14, 59, 39"
978032ae-1570-4f3c-905b-e95b59e1fcc5,False,9,"2021, 12, 05, 14, 59, 39"
0d510f6f-28ce-4e7f-83cb-a6467fbf5522,True,89,"2021, 12, 05, 14, 59, 39"
239f16a4-2ec7-4820-809e-144a811a7114,False,89,"2021, 12, 05, 14, 59, 39"
886afe81-691a-4fe2-afc3-d2eb6cd1f5a2,True,246,"2021, 12, 05, 14, 59, 39"
26340a1a-8a14-4232-b7cc-96d3c7d2a61c,False,246,"2021, 12, 05, 14, 59, 39"
c23a7cdc-bdd1-46f9-b6d7-33b7dae06cad,True,245,"2021, 12, 05, 14, 59, 39"
922b531e-2b39-4d70-85a4-901e73e78005,False,245,"2021, 12, 05, 14, 59, 39"
6f28295f-caa6-445b-b433-3dfa6d4ab380,True,12,"2021, 12, 05, 14, 59, 39"
40347166-f02d-41b3-9af7-7c3a3003e853,False,12,"2021, 12, 05, 14, 59, 39"
55e6a7a0-ab8f-4f08-be92-af4d6940455b,True,113,"2021, 12, 05, 14, 59, 39"
a60f26e6-64ef-4771-bd75-9ed4f0976ec1,False,113,"2021, 12, 05, 14, 59, 39"
35e7f75d-ba79-44a6-a213-c5f56fd4ab85,True,42,"2021, 12, 05, 14, 59, 39"
60c87014-6bfd-4612-b970-4946d2f56d57,False,42,"2021, 12, 05, 14, 59, 39"
00cc613b-d9c4-4808-8522-51de147941e9,True,137,"2021, 12, 05, 14, 59, 39"
918cebd3-f2c6-485e-b2f8-6bce281cd4e6,False,137,"2021, 12, 05, 14, 59, 39"
9ba009c1-8072-4faf-97e5-24191cc6a249,True,94,"2021, 12, 05, 14, 59, 39"
fa3e84a7-e303-4f21-a528-8fa6ff17353c,False,94,"2021, 12, 05, 14, 59, 39"
84252976-09fd-46e9-a846-2331df28d222,True,172,"2021, 12, 05, 14, 59, 39"
205bb761-7db8-4695-9e79-9cbd99fed7d2,False,172,"2021, 12, 05, 14, 59, 39"
efc6c564-a40f-4c42-904d-c4619d13d585,True,184,"2021, 12, 05, 14, 59, 39"
075d89f2-275c-4ea0-b288-2eb8d2cbd919,False,184,"2021, 12, 05, 14, 59, 39"
3e61ba43-f361-47e8-9d54-26afaeedeec0,True,142,"2021, 12, 05, 14, 59, 39"
a030228b-ef7f-4ea1-9451-d40def2e44ad,False,142,"2021, 12, 05, 14, 59, 39"
b393e20c-fc17-4d3e-8f08-d4c23c2232b1,True,71,"2021, 12, 05, 14, 59, 39"
a38f4d4b-9ecc-46c8-8bc5-ccb08852cc15,False,71,"2021, 12, 05, 14, 59, 39"
89edcd87-9128-48d4-a6d0-d58ebd2a12c0,True,120,"2021, 12, 05, 14, 59, 39"
4f3bc775-ac71-4c66-8e7e-b47b26b7af47,False,120,"2021, 12, 05, 14, 59, 39"
0f32b416-b059-4762-b407-c45305bc5e07,True,207,"2021, 12, 05, 14, 59, 39"
a217d887-abcc-4de2-a85f-fb523da4e673,False,207,"2021, 12, 05, 14, 59, 39"
6084ce82-4377-49d5-bc25-8b80cd84865f,True,134,"2021, 12, 05, 14, 59, 39"
e0bec7e2-ef1c-4291-b0b5-a6be3e0fa7d5,False,134,"2021, 12, 05, 14, 59, 39"
1aadb1be-7a2e-4486-9666-799bd3b5c46e,True,63,"2021, 12, 05, 14, 59, 39"
a9fb8369-b1e3-4d0e-98cf-51a952cae9f7,False,63,"2021, 12, 05, 14, 59, 39"
315e3733-c4c3-45de-aca9-3209da5921fd,True,220,"2021, 12, 05, 14, 59, 39"
91cdc51c-6f1b-4743-a38b-b3a478642292,False,220,"2021, 12, 05, 14, 59, 39"
84cb4d0d-86ed-44e3-9f0d-efe0fe03a964,True,208,"2021, 12, 05, 14, 59, 39"
1cbd1468-dc6c-4c51-8823-2df18f3baa36,False,208,"2021, 12, 05, 14, 59, 39"
b8a642c2-1faa-4467-a6a4-b4facb5bd043,True,31,"2021, 12, 05, 14, 59, 39"
488df55c-cf86-41fe-92da-f52fce4eebb7,False,31,"2021, 12, 05, 14, 59, 39"
c8c7818e-164a-45ed-b80b-351afa7a641c,True,77,"2021, 12, 05, 14, 59, 39"
c04db535-5238-49b3-9d40-b36a12a399a8,False,77,"2021, 12, 05, 14, 59, 39"
7a051aec-25ac-4f9a-9685-6a2c3d7415be,True,4,"2021, 12, 05, 14, 59, 39"
ca3b49a4-8d86-44dc-bb26-d52d61f1bca2,False,4,"2021, 12, 05, 14, 59, 39"
907b75d1-134b-4729-ab73-cbb2188d5610,True,14,"2021, 12, 05, 14, 59, 39"
897af17a-7591-4b40-b9eb-f5a4ce1b2d74,False,14,"2021, 12, 05, 14, 59, 39"
62052c39-2298-4cba-867f-2d13da6ce909,True,99,"2021, 12, 05, 14, 59, 39"
533a5b12-86db-45d8-805c-8a344d8e0c7f,False,99,"2021, 12, 05, 14, 59, 39"
2671ef9d-e547-4e00-b9c3-f8ac92e2695c,True,192,"2021, 12, 05, 14, 59, 39"
7ea98f3b-3234-475b-9566-4002bf28b345,False,192,"2021, 12, 05, 14, 59, 39"
966802e9-3101-4fea-b31a-085d60b28f5c,True,187,"2021, 12, 05, 14, 59, 39"
4016c817-971a-4e89-8990-5041362d9e3e,False,187,"2021, 12, 05, 14, 59, 39"
5cb7b599-735d-4f54-b827-0452ea5b9766,True,161,"2021, 12, 05, 14, 59, 39"
30b221e8-193f-4a84-aff1-7b92bfdfb312,False,161,"2021, 12, 05, 14, 59, 39"
96a0bd7b-291b-4b66-a98d-168a4fb03c33,True,238,"2021, 12, 05, 14, 59, 39"
95dbcf6a-8604-4d85-a33b-fdf5f75f9793,False,238,"2021, 12, 05, 14, 59, 39"
5369488a-e5df-49b2-900b-8295b4c78c87,True,54,"2021, 12, 05, 14, 59, 39"
5d0e3245-42bd-4fe8-9d87-ba2e1cb8af36,False,54,"2021, 12, 05, 14, 59, 39"
5c0bc985-421f-44ce-bfc8-ca266477d41d,True,235,"2021, 12, 05, 14, 59, 39"
d83a74c5-7c51-46eb-9b68-3b230ba573f2,False,235,"2021, 12, 05, 14, 59, 39"
74274f23-2c73-486f-a93c-e39709e892bc,True,93,"2021, 12, 05, 14, 59, 39"
ea700297-280d-4473-97dc-ba24c3c4c172,False,93,"2021, 12, 05, 14, 59, 39"
df1db59e-8dbd-45e0-b299-6b5194cb0315,True,33,"2021, 12, 05, 14, 59, 39"
6da96a26-c89e-45a2-b3e3-96a022a22bf5,False,33,"2021, 12, 05, 14, 59, 39"
963e4321-e487-4c39-9d4b-86374bb95c3a,True,119,"2021, 12, 05, 14, 59, 39"
58fae43f-7164-4d6d-970f-57e9ff8fda99,False,119,"2021, 12, 05, 14, 59, 39"
8ae11144-a19b-4c9d-941d-2e4704da8f3f,True,242,"2021, 12, 05, 14, 59, 39"
ff6d0476-a609-4ca8-b475-ccb51d6dbd28,False,242,"2021, 12, 05, 14, 59, 39"
15bdb7e1-ae3c-4812-8f1e-b5a8bad3f645,True,110,"2021, 12, 05, 14, 59, 39"
4b6b77d9-7c9e-4eda-a5e8-7d8ff3c24feb,False,110,"2021, 12, 05, 14, 59, 39"
ab3cd2ec-5cd2-4b5f-be82-63f85551a072,True,111,"2021, 12, 05, 14, 59, 39"
90420e94-51b4-4d3e-b8e3-8d476bccf47b,False,111,"2021, 12, 05, 14, 59, 39"
0ef68a1f-8697-4741-b2ac-b60c03a05ce5,True,212,"2021, 12, 05, 14, 59, 39"
b9d954fd-4249-4be0-8b44-26d9303637c2,False,212,"2021, 12, 05, 14, 59, 39"
f6cec19d-03d0-46fc-a621-0872b47c084d,True,223,"2021, 12, 05, 14, 59, 39"
028ae306-b209-4da1-a232-f7e6524f4b9e,False,223,"2021, 12, 05, 14, 59, 39"
7f66ef97-af96-4bb9-8f30-724f6038d389,True,60,"2021, 12, 05, 14, 59, 39"
421c1520-6145-46f8-8d2a-383648117535,False,60,"2021, 12, 05, 14, 59, 39"
b5c65205-4ff4-4de6-896b-c2341f7011f5,True,0,"2021, 12, 05, 14, 59, 39"
7ed61103-1daf-4970-bcd5-5be4ebb21ff2,False,0,"2021, 12, 05, 14, 59, 39"
b88ce6ab-f57b-46d3-9e95-21090958ff5a,True,222,"2021, 12, 05, 14, 59, 39"
90c1c264-123f-4b9a-9ee3-10358438c05a,False,222,"2021, 12, 05, 14, 59, 39"
4720b547-f837-4a1b-87c2-23e8bd492724,True,190,"2021, 12, 05, 14, 59, 39"
1df143dc-3064-4b83-923f-b4c20cdd9ac3,False,190,"2021, 12, 05, 14, 59, 39"
91666b38-3966-4eb1-95a9-02a2c13114bc,True,108,"2021, 12, 05, 14, 59, 39"
177f1ee5-6baa-4b42-b895-52c00d9bae90,False,108,"2021, 12, 05, 14, 59, 39"
1e44c2a2-d0e1-4521-9964-3da0ffbcbf91,True,3,"2021, 12, 05, 14, 59, 39"
61987a38-6db2-488c-a267-798d1a464bc6,False,3,"2021, 12, 05, 14, 59, 39"
01193cb8-a5ee-4531-b0bf-4f92258ac04a,True,215,"2021, 12, 05, 14, 59, 39"
f2dfe36a-54f6-40eb-9c63-8289aefa5213,False,215,"2021, 12, 05, 14, 59, 39"
785a2a78-df0e-48c7-890c-26dfc9aa41bd,True,18,"2021, 12, 05, 14, 59, 39"
91af0c38-d0a4-41a5-9aa9-0b24da1b2676,False,18,"2021, 12, 05, 14, 59, 39"
f61fc904-a3ea-4bf9-a226-b0fd60b01e4b,True,91,"2021, 12, 05, 14, 59, 39"
d95e09c0-de9c-4216-b226-c6474f77effb,False,91,"2021, 12, 05, 14, 59, 39"
4865fa57-818d-4b90-8a0e-2ce03e5dbc49,True,23,"2021, 12, 05, 14, 59, 39"
e2a72735-63f3-41d6-ba77-c5a2742b0c4c,False,23,"2021, 12, 05, 14, 59, 39"
527e91c0-2356-4b75-ada8-fb3b8f56915e,True,188,"2021, 12, 05, 14, 59, 39"
edb598b7-b1ee-48bd-9133-c07f4afbc258,False,188,"2021, 12, 05, 14, 59, 39"
ba7d6ccb-0d1e-4166-882b-4fbdd0bcd566,True,148,"2021, 12, 05, 14, 59, 39"
c989c834-72b1-4825-99e4-d10a534a409f,False,148,"2021, 12, 05, 14, 59, 39"
d0d39a25-c2ce-4441-9b75-6abd58a7116b,True,2,"2021, 12, 05, 14, 59, 39"
30f4c71e-c053-40ff-b8c5-26bb8e4850f1,False,2,"2021, 12, 05, 14, 59, 39"
21c78f20-c0ea-49fd-a7cc-289c8347c0c3,True,247,"2021, 12, 05, 14, 59, 39"
353ca458-9d6a-4c30-b0f8-9a462d31c859,False,247,"2021, 12, 05, 14, 59, 39"
7b969ccf-cec7-4044-9f54-7d6da06c500d,True,162,"2021, 12, 05, 14, 59, 39"
4bfdfc4f-0d81-40af-be81-acc1f22d285e,False,162,"2021, 12, 05, 14, 59, 39"
5af0d7f6-39b1-4bbf-b503-f60684ed069d,True,121,"2021, 12, 05, 14, 59, 39"
4ace8d23-4a5c-4eb3-b620-0868661f4336,False,121,"2021, 12, 05, 14, 59, 39"
621d0f61-f922-4edd-b0a6-5dcc7855125d,True,179,"2021, 12, 05, 14, 59, 39"
94ee4de5-d398-49b8-98db-2c0c04f04d51,False,179,"2021, 12, 05, 14, 59, 39"
5cda1561-721b-4333-8531-39005307b2b2,True,200,"2021, 12, 05, 14, 59, 39"
85c86956-0451-4c40-abab-641b64c22601,False,200,"2021, 12, 05, 14, 59, 39"
962b3d0d-c283-4f54-8425-e5c6976860f8,True,29,"2021, 12, 05, 14, 59, 39"
753d66de-f68d-405c-87b8-4911c4ac7eef,False,29,"2021, 12, 05, 14, 59, 39"
0156a677-25d5-4a65-ba9e-8d37f4e91cfd,True,199,"2021, 12, 05, 14, 59, 39"
86788e9e-5cbe-4fd9-8887-2c721e8f634e,False,199,"2021, 12, 05, 14, 59, 39"
5fc35975-a17a-49ba-9ab3-8ec793cf3e3b,True,53,"2021, 12, 05, 14, 59, 39"
ad8ba382-94a9-489b-b3be-a2474bf10ff4,False,53,"2021, 12, 05, 14, 59, 39"
34894d14-5edc-4169-81f9-9441e3cf2d10,True,201,"2021, 12, 05, 14, 59, 39"
5eda2490-e953-4155-9c8c-63c3f04ce432,False,201,"2021, 12, 05, 14, 59, 39"
58a56bdd-7785-424b-bec6-23dc437189b5,True,58,"2021, 12, 05, 14, 59, 39"
7a6cd492-c51d-4fb9-8571-9b8b8504bb41,False,58,"2021, 12, 05, 14, 59, 39"
3a57088a-5ee1-48cd-bfd9-4cc1058461c9,True,135,"2021, 12, 05, 14, 59, 39"
9a947706-04f4-43c5-9629-1c169fbd0184,False,135,"2021, 12, 05, 14, 59, 39"
848d6654-ffea-4fd4-88fb-7287131732b7,True,185,"2021, 12, 05, 14, 59, 39"
583bf3c8-a53b-4b68-8bbe-b5f718fd0710,False,185,"2021, 12, 05, 14, 59, 39"
68e85a8b-cbb7-4995-9f0a-4b03687ed167,True,189,"2021, 12, 05, 14, 59, 39"
c7b995c7-6843-4107-982a-84442e98a20e,False,189,"2021, 12, 05, 14, 59, 39"
817c704b-8a71-471e-9b24-9ed509376d2a,True,55,"2021, 12, 05, 14, 59, 39"
7f2e120e-5f6e-4507-8bd7-e0533941231b,False,55,"2021, 12, 05, 14, 59, 39"
836cbae4-88cc-4334-9737-7f500aed7f8c,True,140,"2021, 12, 05, 14, 59, 39"
fa338316-6620-41d9-a075-2acb984945b1,False,140,"2021, 12, 05, 14, 59, 39"
cc530f01-a9e2-4e0e-bdca-6d6467d069a0,True,39,"2021, 12, 05, 14, 59, 39"
32b1c6ce-640c-4139-91c0-a9be60017f25,False,39,"2021, 12, 05, 14, 59, 39"
8b9f664d-8860-43c5-a5ff-fbc0456c7633,True,90,"2021, 12, 05, 14, 59, 39"
0172f5e4-ccdf-4f0f-992e-82a48e4b10e6,False,90,"2021, 12, 05, 14, 59, 39"
a6d8ca97-51cf-4811-a0af-d34d04fe9fc6,True,181,"2021, 12, 05, 14, 59, 39"
efc3c1f6-a125-4e72-a8d2-87342f69ddd3,False,181,"2021, 12, 05, 14, 59, 39"
7d445993-26f5-494b-96f9-dd0640dcd13a,True,48,"2021, 12, 05, 14, 59, 39"
2ac0b332-79b5-4ff5-acf6-e3b98d4092a6,False,48,"2021, 12, 05, 14, 59, 39"
1d3cd09d-55b4-4451-9ed6-87572abbd466,True,16,"2021, 12, 05, 14, 59, 39"
9a15c034-477d-4a41-a7dd-943e3d6b8dd5,False,16,"2021, 12, 05, 14, 59, 39"
8d5e24c3-94e1-4b3a-a536-acec125deb6f,True,79,"2021, 12, 05, 14, 59, 39"
3d60b87b-0634-4581-8782-24e650cd8938,False,79,"2021, 12, 05, 14, 59, 39"
71f86fcb-7446-457d-9af9-82a4df83312b,True,76,"2021, 12, 05, 14, 59, 39"
82be5526-3e50-4563-88ef-4ffe5b0f3c39,False,76,"2021, 12, 05, 14, 59, 39"
e88d58b7-388a-4aa8-a32d-03eded0a9a5b,True,112,"2021, 12, 05, 14, 59, 39"
056ee0a6-719a-4308-8170-243b97acb1c6,False,112,"2021, 12, 05, 14, 59, 39"
3f6d26eb-82c5-4564-898c-32bada97ac2f,True,43,"2021, 12, 05, 14, 59, 39"
3054f2ad-6af9-4812-8252-0ea99cf0598d,False,43,"2021, 12, 05, 14, 59, 39"
c2906ec5-09dc-405c-829f-28b50fadafa0,True,133,"2021, 12, 05, 14, 59, 39"
d61c56e1-c02b-4678-8792-7de94882af31,False,133,"2021, 12, 05, 14, 59, 39"
94a6b299-de8a-43d2-909a-ebb69e51cf9c,True,7,"2021, 12, 05, 14, 59, 39"
f161a7a0-1707-48f7-b50f-6650314bb602,False,7,"2021, 12, 05, 14, 59, 39"
e73edf7b-3ba5-46be-9094-eeb945ff7549,True,107,"2021, 12, 05, 14, 59, 39"
345ebc2e-a1b4-43b3-aae4-09906d2a34eb,False,107,"2021, 12, 05, 14, 59, 39"
74840555-48bd-490f-8382-197759ab1bcd,True,149,"2021, 12, 05, 14, 59, 39"
9e95009e-03c8-4eb4-8bc3-87c57aa88d29,False,149,"2021, 12, 05, 14, 59, 39"
823f36ac-ef06-48f0-8c6a-1b3819f0c360,True,240,"2021, 12, 05, 14, 59, 39"
bef7e978-2948-4ff5-a18b-6dd0387dca4c,False,240,"2021, 12, 05, 14, 59, 39"
57ebbdeb-f7cc-4d5e-9eef-284794e95551,True,44,"2021, 12, 05, 14, 59, 39"
3813c428-1672-4d78-b828-a89744008c2b,False,44,"2021, 12, 05, 14, 59, 39"
8884d1f6-cdd1-46ae-b1ca-f97afb8699f2,True,249,"2021, 12, 05, 14, 59, 39"
e9c891f5-9c7e-4981-9fc0-d5700ced17c1,False,249,"2021, 12, 05, 14, 59, 39"
f900ba1b-eac0-436a-8715-f008c4142682,True,151,"2021, 12, 05, 14, 59, 39"
10ad5415-e8b0-455e-971f-ba3d245768bc,False,151,"2021, 12, 05, 14, 59, 39"
b86c73a2-d850-40d5-99c1-cd4ab9c708ad,True,22,"2021, 12, 05, 14, 59, 39"
8c496ed5-feb1-4171-bf5e-30abc803b929,False,22,"2021, 12, 05, 14, 59, 39"
e39c1a15-ee5f-4b95-a818-8950a77a4d5f,True,165,"2021, 12, 05, 14, 59, 39"
b4eb091d-2617-47a9-a37d-b8c51d16be97,False,165,"2021, 12, 05, 14, 59, 39"
9d8262b0-6f09-4057-9957-8ad9a7b858f6,True,118,"2021, 12, 05, 14, 59, 39"
7f42a544-d3cb-429f-a228-ff71432d2d6d,False,118,"2021, 12, 05, 14, 59, 39"
9daddfff-5e40-46b8-b039-0265e03c7727,True,51,"2021, 12, 05, 14, 59, 39"
355f3c91-eed6-4060-80ba-0e5516f83290,False,51,"2021, 12, 05, 14, 59, 39"
89b7d754-d4c9-4c61-a540-72f34a713d19,True,233,"2021, 12, 05, 14, 59, 39"
30dd1be5-7423-4afa-9e58-bcf2f51c5219,False,233,"2021, 12, 05, 14, 59, 39"
7da1fe5e-a3cf-4c17-82c7-f8a22ca50ce8,True,147,"2021, 12, 05, 14, 59, 39"
6619a523-fafe-44e8-8409-71308960d655,False,147,"2021, 12, 05, 14, 59, 39"
aea63094-44f1-4c1a-bee7-eeec7bf5504d,True,175,"2021, 12, 05, 14, 59, 39"
a60f8875-aebe-40e5-93c1-08e9976f068d,False,175,"2021, 12, 05, 14, 59, 39"
1393db68-1616-43b4-9ddd-db9242685589,True,70,"2021, 12, 05, 14, 59, 39"
c4e5f0bb-1662-4204-a775-32396cd0dcd9,False,70,"2021, 12, 05, 14, 59, 40"
7c4c11e6-0aaf-4d92-b753-93022ed8fc3f,True,83,"2021, 12, 05, 14, 59, 40"
0867eeec-01c1-4c94-a242-b420b6a8f918,False,83,"2021, 12, 05, 14, 59, 40"
cf83bf26-ccfd-420b-820e-1db5c02cb906,True,173,"2021, 12, 05, 14, 59, 40"
7800910b-ef8b-4c2f-8d5f-af2a11195900,False,173,"2021, 12, 05, 14, 59, 40"
37cbb855-f3fe-456c-9f05-ddc970d2aecc,True,131,"2021, 12, 05, 14, 59, 40"
d7c4059c-9d70-4690-831f-f93f3fb98179,False,131,"2021, 12, 05, 14, 59, 40"
001eb17a-575d-4bb7-a194-0c75f9db5fcd,True,139,"2021, 12, 05, 14, 59, 40"
5463074d-6aef-48b0-9f51-2f18b3e2c45f,False,139,"2021, 12, 05, 14, 59, 40"
58d43437-98e2-4efb-bc52-47aa349d8873,True,138,"2021, 12, 05, 14, 59, 40"
703a319e-92fd-41b6-97f1-7824ce651a67,False,138,"2021, 12, 05, 14, 59, 40"
2c0ae113-6d1c-43cb-bb8c-d29731c572e2,True,241,"2021, 12, 05, 14, 59, 40"
a9653eee-46e8-4ac8-b55a-8573141bc2ec,False,241,"2021, 12, 05, 14, 59, 40"
17d0245c-b0cd-4010-87d3-3a6b04c31ed5,True,47,"2021, 12, 05, 15, 00, 58"
ed3d9c5b-5c20-4e06-9d62-d963f7ae3d25,True,211,"2021, 12, 05, 15, 01, 03"
9b1643de-8410-4e34-bb56-112d49c1be9a,True,76,"2021, 12, 05, 15, 01, 08"
29e385d7-8178-47b6-8b8d-23ada1a826f2,True,98,"2021, 12, 05, 15, 01, 13"
6c8d6725-5a5b-4f12-b94f-6ade03faf75f,True,49,"2021, 12, 05, 15, 01, 18"
66a863d0-1862-4c7c-9625-941f9621b780,True,7,"2021, 12, 05, 15, 01, 22"
3b4a63de-b3e0-4d20-83c2-3a0b7be569b0,True,248,"2021, 12, 05, 15, 01, 27"
76982d29-64a7-4779-9be1-094962d85f4a,True,176,"2021, 12, 05, 15, 01, 32"
c890526f-df95-4891-8a8a-a7dc91ae3539,True,111,"2021, 12, 05, 15, 01, 37"
7c5c4cdd-259f-4139-8efb-29e17d8bd9d7,True,48,"2021, 12, 05, 15, 01, 41"
130f93fd-9c33-4f51-ad14-92ccc4fb69b2,True,160,"2021, 12, 05, 15, 01, 46"
9875d720-67e9-4ef5-9062-8656546462ad,True,133,"2021, 12, 05, 15, 01, 51"
57f94561-1e65-4b5d-99d2-77fe9ea8a06f,True,207,"2021, 12, 05, 15, 01, 55"
da892374-e904-4096-9b8c-10f7b95988e5,True,232,"2021, 12, 05, 15, 02, 00"
b5c292af-a2bc-4d88-be34-b62e453f1449,True,216,"2021, 12, 05, 15, 02, 05"
5403268d-adc1-499f-bd0c-c571c38ec8d0,True,183,"2021, 12, 05, 15, 02, 09"
687b5ac5-d3b5-44ac-9426-341508f1523a,True,75,"2021, 12, 05, 15, 02, 14"
f2b9ca8a-965c-41b3-bd22-055f90343170,True,33,"2021, 12, 05, 15, 02, 20"
c4feac6e-f605-466a-adf0-d5d07ac3c82b,True,233,"2021, 12, 05, 15, 02, 24"
ffe29dd4-24b1-4e9b-8777-afe38c7c7527,True,218,"2021, 12, 05, 15, 02, 29"
c8056da5-e732-4e54-9534-c6abd0df876c,True,72,"2021, 12, 05, 15, 02, 34"
3a8fd395-6bed-43b2-8aab-2360097777ca,True,181,"2021, 12, 05, 15, 02, 39"
9c0ee249-64e7-484d-babe-0075d22b96b0,True,130,"2021, 12, 05, 15, 02, 44"
6a9a7883-e62b-44fc-bb2f-d21f8e5b54ff,True,124,"2021, 12, 05, 15, 02, 48"
28c3e37b-7776-4267-9a96-4057b00ee65e,True,146,"2021, 12, 05, 15, 02, 53"
3d7060b0-bb5d-4f1a-a8a3-30bd6c9fba2c,True,159,"2021, 12, 05, 15, 02, 58"
655baa31-5b46-4cc6-b077-79734848ff47,True,113,"2021, 12, 05, 15, 03, 03"
f3e500b8-44c1-4669-978c-c7fbd2a2a9b0,True,173,"2021, 12, 05, 15, 03, 08"
1e233888-2cf5-4acd-bfa3-4090c943a624,True,140,"2021, 12, 05, 15, 03, 13"
42d8f2b5-5249-4a35-8217-662ff9882790,True,35,"2021, 12, 05, 15, 03, 18"
07a34188-cd5a-4b2d-91c3-d7f763c19105,True,157,"2021, 12, 05, 15, 03, 22"
f1dc6cf7-8225-4ae7-b231-a79a99a9588f,True,150,"2021, 12, 05, 15, 09, 50"
5651e437-d808-47db-9a9a-9646d8ad21ce,True,176,"2021, 12, 05, 15, 09, 50"
75a6fc84-9d5b-4d01-b481-35d1ecf55e00,True,79,"2021, 12, 05, 15, 09, 50"
553f8777-0fd5-49aa-96e1-49daa934b5e2,True,133,"2021, 12, 05, 15, 09, 50"
1d1e2bcf-a0fe-4023-977d-cc100b5581a4,True,43,"2021, 12, 05, 15, 09, 50"
46653535-bc41-4a4d-875a-2e4d61f886ec,True,228,"2021, 12, 05, 15, 09, 50"
e881705d-c493-4b08-b879-d703d775d9d8,True,88,"2021, 12, 05, 15, 09, 50"
00df3c95-ee49-43fd-ba9c-1c5e31cb4e93,True,13,"2021, 12, 05, 15, 09, 50"
97306c65-e1de-4279-9d9b-e30ffe8b42f5,True,188,"2021, 12, 05, 15, 09, 50"
749d2d67-d37a-4658-9af0-70d5d406240b,True,161,"2021, 12, 05, 15, 09, 50"
717721ab-9b8a-452b-8d25-74a8af2657f9,True,124,"2021, 12, 05, 15, 09, 50"
6b62112f-cd0c-44f1-bfb1-4ba273e7ca73,True,197,"2021, 12, 05, 15, 09, 50"
3bac1aad-2be1-4a54-930a-3a630020ec62,True,251,"2021, 12, 05, 15, 09, 50"
e320b687-c766-4ae9-9d31-61c01ff9ac42,True,63,"2021, 12, 05, 15, 09, 50"
4f0ac324-b3fa-4efa-8180-8d643dbdbcc8,True,192,"2021, 12, 05, 15, 09, 50"
5f4a4d79-a1af-45aa-b7af-ddbf3dffd5eb,True,22,"2021, 12, 05, 15, 09, 50"
d8b723e7-9388-4cad-a67c-fd29d4261067,True,114,"2021, 12, 05, 15, 09, 50"
2bc6fc3a-9d18-438a-a3e4-f2f1002bb711,True,75,"2021, 12, 05, 15, 09, 50"
48ca8f4e-9d96-4a4f-87ba-41d3d85aaf43,True,66,"2021, 12, 05, 15, 09, 50"
16f31bc3-cde2-4d2f-b090-85373a069fa8,True,246,"2021, 12, 05, 15, 09, 50"
ed5f0d73-1e6b-44d3-bbda-824114bdf34b,True,225,"2021, 12, 05, 15, 09, 50"
da7522ce-df9a-4d71-ae11-dc465c0dac92,True,224,"2021, 12, 05, 15, 09, 50"
00749470-dfd8-46cf-8214-f7ccb7c12346,True,95,"2021, 12, 05, 15, 09, 50"
6ef99b5c-8b64-410f-b42c-5ac32e49c60e,True,220,"2021, 12, 05, 15, 09, 50"
6ba1636a-9a07-4854-927d-6723298a04f4,True,38,"2021, 12, 05, 15, 09, 50"
7dca3834-9db7-476c-a66d-0f7c1d74b209,True,34,"2021, 12, 05, 15, 09, 50"
9d5e5bee-ac07-419c-b1c9-e34c5e900221,True,39,"2021, 12, 05, 15, 09, 50"
d5eb29ca-643d-4867-b714-918395dca169,True,233,"2021, 12, 05, 15, 09, 50"
bca38f94-f768-4a02-b596-8de16e9e7944,True,0,"2021, 12, 05, 15, 09, 50"
3b6df732-7a9a-4f32-84e4-b2003e693f5f,True,189,"2021, 12, 05, 15, 09, 50"
124afc48-d43f-43ee-9d5d-f01c140861d7,True,72,"2021, 12, 05, 15, 09, 50"
626e62c4-33ed-434c-839a-2832bee621b1,True,196,"2021, 12, 05, 15, 09, 50"
41918819-0863-46cf-be72-a49e67b8d819,True,201,"2021, 12, 05, 15, 09, 50"
00dcb973-da46-48ce-b429-b5f7e2e9fd35,True,46,"2021, 12, 05, 15, 09, 50"
9ff51866-ad2d-4c58-9328-4320deb232a4,True,214,"2021, 12, 05, 15, 09, 50"
9b1f17d6-46bd-4623-90c5-7ea55ca15b50,True,186,"2021, 12, 05, 15, 09, 50"
1c884252-9a3b-437d-bc35-13109d83aab2,True,170,"2021, 12, 05, 15, 09, 50"
3a9fa229-d57e-4522-9021-6c9bffcca711,True,89,"2021, 12, 05, 15, 09, 50"
ed153218-d8ae-401b-89c3-d0ee5c4da4af,True,141,"2021, 12, 05, 15, 09, 50"
e1fc3938-8348-4cf1-bf7d-2af7fe84a0d7,True,181,"2021, 12, 05, 15, 09, 51"
52202b09-8e0c-4a86-bb23-f06c2d623077,True,110,"2021, 12, 05, 15, 09, 51"
c754a7b0-6de9-4d8e-881b-1b6c85612001,True,245,"2021, 12, 05, 15, 09, 51"
bc1ed288-63f2-4b08-8db7-21c5fe51616e,True,23,"2021, 12, 05, 15, 09, 51"
917ad2e3-0683-4f50-82f7-8de81913fca5,True,52,"2021, 12, 05, 15, 09, 51"
823aaab8-f1b5-4755-bd92-920a9e860122,True,61,"2021, 12, 05, 15, 09, 51"
50a018f5-f434-4ba7-a988-c7382d9dfb13,True,151,"2021, 12, 05, 15, 09, 51"
9d62cf8a-baef-4f96-bdf6-25ce83229502,True,130,"2021, 12, 05, 15, 09, 51"
cb9df31f-ab41-4b39-91ed-3ecfe43f90cc,True,169,"2021, 12, 05, 15, 09, 51"
8b560855-969e-45dd-b983-2551faf904db,True,87,"2021, 12, 05, 15, 09, 51"
fda14422-f048-4513-b7e2-cf7ef4dbafc6,True,64,"2021, 12, 05, 15, 09, 51"
7446d66e-04d1-4a52-8b95-e5e562428e47,True,36,"2021, 12, 05, 15, 09, 51"
1b98f0da-cc2f-4de4-b8c4-062d3f00cd7a,True,184,"2021, 12, 05, 15, 09, 51"
a47504c3-08fa-4af0-b38f-84195028d41b,True,107,"2021, 12, 05, 15, 09, 51"
e8daaed8-8bf8-4e66-8964-0b0abb81dc37,True,98,"2021, 12, 05, 15, 09, 51"
e0931b89-3d54-4c00-9a44-2b323457fe0c,True,120,"2021, 12, 05, 15, 09, 51"
970b89d1-9660-4a07-a6b0-2c6a03c23e8a,True,195,"2021, 12, 05, 15, 09, 51"
21c94e83-baf6-4811-821e-a42b07793d78,True,243,"2021, 12, 05, 15, 09, 51"
e83588eb-4a2d-4f0e-af25-98e6926e5a4d,True,31,"2021, 12, 05, 15, 09, 51"
57025769-5c54-44be-a319-f0a08cad7a5c,True,249,"2021, 12, 05, 15, 09, 51"
f53ef094-4122-4d8c-a430-3c0a42bd54ea,True,106,"2021, 12, 05, 15, 09, 51"
38666102-15a5-4144-82ee-c9ed2f3561d3,True,200,"2021, 12, 05, 15, 09, 51"
757c9196-73e6-48a8-8321-17bd5650456b,True,1,"2021, 12, 05, 15, 09, 51"
f42e49c1-e600-4eb6-a80e-5126e93ddf14,True,35,"2021, 12, 05, 15, 09, 51"
ece1b5b4-ce5d-43c4-a86b-b1c164d78776,True,173,"2021, 12, 05, 15, 09, 51"
43b4ef12-c050-4db1-be0a-1e4f50c80819,True,100,"2021, 12, 05, 15, 09, 51"
b355bc09-8de3-4962-9253-722b2d8f2bce,True,37,"2021, 12, 05, 15, 09, 51"
971ac60d-40ce-4ddd-a6b7-48e8b818fb42,True,212,"2021, 12, 05, 15, 09, 51"
bb4c48d6-674f-4cb8-b315-8dc8d1b177d4,True,11,"2021, 12, 05, 15, 09, 51"
329f40f8-f59d-4f55-8272-b0d9f965ef42,True,218,"2021, 12, 05, 15, 09, 51"
7bc86e87-7526-4986-bf84-a26e5455b15c,True,167,"2021, 12, 05, 15, 09, 51"
0590e024-21c3-4c2b-99fb-07d58ddfc082,True,129,"2021, 12, 05, 15, 09, 51"
b8a93044-1b33-4d9a-b3a7-e5cd4c67f8d2,True,51,"2021, 12, 05, 15, 09, 51"
d9af56a8-ffe6-4b98-af3d-d76011a6137c,True,12,"2021, 12, 05, 15, 09, 51"
70912335-1074-4b6d-8520-e88e5f2cd5b4,True,17,"2021, 12, 05, 15, 09, 51"
00fc84ad-71c7-489e-a7ec-80064232c93a,True,247,"2021, 12, 05, 15, 09, 51"
478654f7-d635-442f-a416-bdc9b1f19c02,True,25,"2021, 12, 05, 15, 09, 51"
f3b01878-6bd4-46c6-94b9-7e498294dc56,True,5,"2021, 12, 05, 15, 09, 51"
7a8f7658-5a31-485b-949f-f99a7a178154,True,153,"2021, 12, 05, 15, 09, 51"
db1c2311-992b-4e70-9ad8-e3a88d323240,True,239,"2021, 12, 05, 15, 09, 51"
4f488caf-27ab-4553-bb28-2cb1a817109a,True,112,"2021, 12, 05, 15, 09, 51"
580f768d-a878-4bbb-97ea-4626eb1dec83,True,92,"2021, 12, 05, 15, 09, 51"
b108e3b1-ecd7-4d7d-8dd9-059051a24404,True,135,"2021, 12, 05, 15, 09, 51"
f58c519c-f08a-4fc0-9493-c86cf75fde6c,True,128,"2021, 12, 05, 15, 09, 51"
6d03ab04-4611-4377-88bc-b322e543bac2,True,7,"2021, 12, 05, 15, 09, 51"
1718016f-9a91-40f5-bdc6-33f4f8732936,True,132,"2021, 12, 05, 15, 09, 51"
5ffac3ba-ba77-4859-aaff-2fa2dd553df1,True,50,"2021, 12, 05, 15, 09, 51"
de6b4587-f2f6-4ad9-a2b9-21b130489e64,True,227,"2021, 12, 05, 15, 09, 51"
a1b44b71-c74e-4d31-b149-db85a470a0fe,True,229,"2021, 12, 05, 15, 09, 51"
4a46a375-ca41-40cd-acfb-e326d16861ea,True,223,"2021, 12, 05, 15, 09, 51"
71e043d9-855a-47c7-918a-cedc477729f1,True,121,"2021, 12, 05, 15, 09, 51"
c35c7eb5-5831-4ad8-a301-f64d37b473d9,True,123,"2021, 12, 05, 15, 09, 51"
5e98a353-312c-43a0-81b3-f08583b181cd,True,86,"2021, 12, 05, 15, 09, 51"
a3126b7d-6e96-4e69-a0ae-962431fe93ef,True,117,"2021, 12, 05, 15, 09, 51"
b490d655-50ec-4355-91c4-c9f9b8b981b1,True,28,"2021, 12, 05, 15, 09, 51"
e9415dc6-0d03-4ab3-b45e-dcf75eaf463a,True,211,"2021, 12, 05, 15, 09, 51"
170ca3e0-968c-4d4c-805b-347cfbc51aa9,True,154,"2021, 12, 05, 15, 09, 51"
618e397f-229f-4e6b-b731-46e226817253,True,143,"2021, 12, 05, 15, 09, 51"
c7e96176-58bd-4ee1-adc5-53ff28b7fd9a,True,69,"2021, 12, 05, 15, 09, 51"
2601736f-9847-4e6a-b25b-0d6e036713d2,True,113,"2021, 12, 05, 15, 09, 51"
bdeec6af-28b3-4248-b76d-1afacb244db8,True,210,"2021, 12, 05, 15, 09, 51"
b6b8207f-bda9-4872-9dbc-66553bf6ffda,True,118,"2021, 12, 05, 15, 09, 51"
854768e4-b871-482c-ab97-367b7abe1af0,True,171,"2021, 12, 05, 15, 09, 51"
9122c049-e2e7-4f67-a7a0-47016f56786f,True,96,"2021, 12, 05, 15, 09, 51"
b7791381-ae8f-4fd7-ac7a-9bcc7ace1b2f,True,9,"2021, 12, 05, 15, 09, 51"
a8c82925-a87d-4602-b926-89cf36bcd2a0,True,119,"2021, 12, 05, 15, 09, 51"
aaddbed4-c7ee-4713-abff-5830e636bc4c,True,193,"2021, 12, 05, 15, 09, 51"
3f264045-13cf-437d-aeb5-79488ce524c4,True,21,"2021, 12, 05, 15, 09, 51"
adc471c0-0e64-4f66-ba73-d6b032ed5a5e,True,20,"2021, 12, 05, 15, 09, 51"
6dc1e37d-8b16-4032-8187-f055bb0c57e5,True,19,"2021, 12, 05, 15, 09, 51"
246000a7-ace7-4286-bfa0-d1c8995f28e8,True,73,"2021, 12, 05, 15, 09, 51"
dcd99205-ca22-4e79-9bd9-352781d2a95b,True,232,"2021, 12, 05, 15, 09, 51"
03c539b7-0982-4cea-b914-82f8add94638,True,155,"2021, 12, 05, 15, 09, 51"
3eeaa72b-16c3-4ed0-b2cf-d5aa89de5b09,True,29,"2021, 12, 05, 15, 09, 51"
807d05a4-592f-436d-9157-63dd10d72076,True,140,"2021, 12, 05, 15, 09, 51"
5086b1ae-2e9a-4103-9463-3a5dd6070411,True,202,"2021, 12, 05, 15, 09, 51"
cc5d163f-1071-4632-9e4a-68090e4a0fef,True,148,"2021, 12, 05, 15, 09, 51"
da4b6aa0-e3f5-41a0-b27b-b925424a1f1f,True,203,"2021, 12, 05, 15, 09, 51"
5893eb77-7395-4fcb-852e-077c10920157,True,152,"2021, 12, 05, 15, 09, 51"
ab1d3304-6f76-4ad5-aa68-2904dafb58be,True,183,"2021, 12, 05, 15, 09, 51"
f31c972b-47af-4b41-a7b3-054cbe02901d,True,221,"2021, 12, 05, 15, 09, 51"
db01e689-37ad-4101-a5ab-231de420c60b,True,240,"2021, 12, 05, 15, 09, 51"
8341b7f9-0161-4264-b649-a4da8dd25375,True,97,"2021, 12, 05, 15, 09, 51"
a454328a-14f6-43cf-b6b9-ec51d6f65c74,True,8,"2021, 12, 05, 15, 09, 51"
1edc9320-c716-4298-bcc8-fd963d3bf9ee,True,45,"2021, 12, 05, 15, 09, 51"
1bbefd64-8a28-4c17-b9c8-acd1fd7005d7,True,137,"2021, 12, 05, 15, 09, 51"
e05b0ba7-f294-432d-8e26-026e72b86a7b,True,168,"2021, 12, 05, 15, 09, 51"
6a7a880a-b8c2-45bc-b5d5-c4ecd4c916d3,True,215,"2021, 12, 05, 15, 09, 51"
e5d29571-235a-407b-a145-f090200b63a9,True,33,"2021, 12, 05, 15, 09, 51"
30f655b7-4c4f-4c88-ae63-f24380f9722a,True,60,"2021, 12, 05, 15, 09, 51"
6867cb3a-8de3-4360-ac4f-9d076ed4a639,True,222,"2021, 12, 05, 15, 09, 51"
cd691c0e-d862-4877-9a54-e3380c334310,True,115,"2021, 12, 05, 15, 09, 51"
686d4318-9beb-4b7d-86db-6771d24838ad,True,172,"2021, 12, 05, 15, 09, 51"
b4857f26-ed58-4596-8451-1424f494ee09,True,57,"2021, 12, 05, 15, 09, 51"
29453de4-648f-4cc4-8b2e-497bde52efb5,True,237,"2021, 12, 05, 15, 09, 51"
80cdaac3-3c74-4a99-a991-ea8ba25763a2,True,164,"2021, 12, 05, 15, 09, 51"
fcddf7af-fc20-4970-a5fd-4fbeeeb72a71,True,47,"2021, 12, 05, 15, 09, 51"
8756431c-19f4-4165-8cd4-937ac8089156,True,160,"2021, 12, 05, 15, 09, 51"
5703f489-bfb5-4a79-96c5-8a980b9c59ca,True,162,"2021, 12, 05, 15, 09, 51"
1c65a544-a3e6-4680-9bcd-902022ade4e3,True,238,"2021, 12, 05, 15, 09, 51"
5a1b9fac-d8d1-439e-9eed-96e3e3393b65,True,111,"2021, 12, 05, 15, 09, 51"
17431a5d-3d1f-4a31-90d8-e81ba0088ac2,True,84,"2021, 12, 05, 15, 09, 51"
539fd2da-b015-4888-9cd2-4b47ac3c1e3d,True,54,"2021, 12, 05, 15, 09, 51"
004b7ff8-705f-42a2-acc1-8aa3408a17f3,True,14,"2021, 12, 05, 15, 09, 51"
a70a0877-153d-4b3d-8bc3-9c75b3a26689,True,58,"2021, 12, 05, 15, 09, 51"
1bf95e5f-237c-43af-967e-16cef96557b8,True,142,"2021, 12, 05, 15, 09, 51"
3935cc8d-01f7-46eb-9b7c-6b76b1a24545,True,103,"2021, 12, 05, 15, 09, 51"
2efefb9f-3bec-43bb-8eb6-230f05550772,True,18,"2021, 12, 05, 15, 09, 51"
15717319-f964-4c39-ab26-c613afc2bc3e,True,3,"2021, 12, 05, 15, 09, 51"
cfe18440-718f-4390-b634-7ce31c9051f7,True,105,"2021, 12, 05, 15, 09, 51"
727baa44-3284-4c37-9b92-3abd503305fd,True,219,"2021, 12, 05, 15, 09, 51"
d924654c-83d4-421c-a292-a96bffd583a2,True,146,"2021, 12, 05, 15, 09, 51"
981dabe1-1559-4046-a56d-119a7e61d0cd,True,191,"2021, 12, 05, 15, 09, 51"
ea62a015-60fa-4122-93d4-47b0d54e5a51,True,125,"2021, 12, 05, 15, 09, 51"
8c3f03b6-729d-46ba-8df3-1d7131a73f54,True,122,"2021, 12, 05, 15, 09, 51"
eb0d008b-9c17-404f-8df9-b3a496dafbbb,True,30,"2021, 12, 05, 15, 09, 51"
6424ec8e-f34c-4aa3-b164-7f6750844a32,True,149,"2021, 12, 05, 15, 09, 51"
583e10e3-babe-466e-b23e-b1af40f10ef3,True,199,"2021, 12, 05, 15, 09, 51"
17a11f49-aa56-4077-99e7-0b71da91c317,True,59,"2021, 12, 05, 15, 09, 51"
42169737-3177-4153-ae0b-a8a9582e4764,True,175,"2021, 12, 05, 15, 09, 51"
a63c7893-61c8-4547-8d1c-9c535ab84323,True,217,"2021, 12, 05, 15, 09, 51"
13fcdd77-5627-4388-b22e-1df286e1801e,True,205,"2021, 12, 05, 15, 09, 51"
7a83e52d-3a6d-4f46-818e-e8ce235dd2aa,True,67,"2021, 12, 05, 15, 09, 51"
7d2207e3-a006-4258-a4c4-d055018cb2c4,True,134,"2021, 12, 05, 15, 09, 51"
b4110a5c-450e-4e49-b42c-2af794ad0eb2,True,198,"2021, 12, 05, 15, 09, 51"
c4dfaa96-ed31-4228-bb2d-34a3f5ee5bc5,True,68,"2021, 12, 05, 15, 09, 51"
63ecfab6-5361-4734-a316-7a2e0bce016e,True,138,"2021, 12, 05, 15, 09, 51"
1942862f-83d4-4047-b993-ac5e05aa34f8,True,244,"2021, 12, 05, 15, 09, 51"
eb770fa6-0d1e-4f52-901c-db21b6ac7a12,True,6,"2021, 12, 05, 15, 09, 51"
55741a35-e988-4fdc-b5a2-b1f90ffc1d0c,True,44,"2021, 12, 05, 15, 09, 51"
6586797b-8b2c-4dcf-af73-28628332b576,True,156,"2021, 12, 05, 15, 09, 51"
d4acec5e-2610-4ab8-a5d8-3b97913cedca,True,187,"2021, 12, 05, 15, 09, 51"
4957518f-3b7c-492b-9b85-b805433d1f19,True,248,"2021, 12, 05, 15, 09, 51"
8fcbeaa3-c076-4c9e-8a38-4a70d27d2d1c,True,82,"2021, 12, 05, 15, 09, 51"
fab7036c-6b96-4332-ba58-c387a328b4fc,True,2,"2021, 12, 05, 15, 09, 51"
5145cbd4-cd66-451b-8fc2-63ae00966f27,True,62,"2021, 12, 05, 15, 09, 51"
5aa1c884-17f6-4a16-aa6c-5337c476944b,True,41,"2021, 12, 05, 15, 09, 51"
f13462a8-d01d-483c-84b5-3e5dabddac62,True,40,"2021, 12, 05, 15, 09, 51"
b4f1fe08-2f68-4ef7-8268-a60d9a8faa4d,True,204,"2021, 12, 05, 15, 09, 52"
32843d92-8dcb-4477-8dc5-54bee0c572ba,True,230,"2021, 12, 05, 15, 09, 52"
2f27239d-1d0d-4e43-a359-9aa5edb20ab5,True,216,"2021, 12, 05, 15, 09, 52"
e11b0bfc-a185-429f-84d2-38164dc67f69,True,234,"2021, 12, 05, 15, 09, 52"
8d688ece-584a-4155-a833-519a646adf0a,True,77,"2021, 12, 05, 15, 09, 52"
bc38b0b1-7322-4f04-ae6f-e21ce3eb42cc,True,231,"2021, 12, 05, 15, 09, 52"
cfbfc17c-b8e6-45ed-9f43-6e6ff2ee3dbb,True,53,"2021, 12, 05, 15, 09, 52"
50cf311f-ffec-4c38-b265-26bbb97fd4ec,True,145,"2021, 12, 05, 15, 09, 52"
d38e5171-ad05-438d-8b51-4508a14a89b4,True,127,"2021, 12, 05, 15, 09, 52"
3c3558ee-c783-43e9-9a90-61cfa49c683c,True,147,"2021, 12, 05, 15, 09, 52"
795f45f5-baac-49c9-a33b-86776df552a5,True,139,"2021, 12, 05, 15, 09, 52"
7c847354-6abf-4fa5-bf7e-f90e8fc9bf88,True,32,"2021, 12, 05, 15, 09, 52"
5c61d915-a4dd-4140-830b-828319314220,True,180,"2021, 12, 05, 15, 09, 52"
28353834-d7a6-4774-acbe-ba99159143cb,True,26,"2021, 12, 05, 15, 09, 52"
17d64cac-e795-4a51-881d-45aa832f9579,True,209,"2021, 12, 05, 15, 09, 52"
030f008e-ef0f-4abe-8f67-ac70caf96378,True,85,"2021, 12, 05, 15, 09, 52"
6a6a04a9-9410-4fd7-9d6a-0ea730cde505,True,194,"2021, 12, 05, 15, 09, 52"
cd794d80-0e04-425e-be8d-3852643b8d47,True,102,"2021, 12, 05, 15, 09, 52"
fad4b366-88b2-455b-97c4-c46089781ca6,True,116,"2021, 12, 05, 15, 09, 52"
9ba059f6-dc55-4086-b566-afa69027d63d,True,49,"2021, 12, 05, 15, 09, 52"
2026799a-a5e6-4444-a1f5-e9d6ea648b82,True,157,"2021, 12, 05, 15, 09, 52"
bae9a9c9-3b98-44fd-892a-262e1cc50880,True,178,"2021, 12, 05, 15, 09, 52"
b0421492-34ba-4c9f-88f2-1faa234e8871,True,136,"2021, 12, 05, 15, 09, 52"
c590e0e3-dec6-4911-8d44-b7cc11b7d156,True,158,"2021, 12, 05, 15, 09, 52"
77f3c729-05cd-4a1a-a5c7-59f302e59eb1,True,74,"2021, 12, 05, 15, 09, 52"
ae6067e9-ac9f-4127-9962-8fbc50256ed9,True,236,"2021, 12, 05, 15, 09, 52"
b7c089bf-5eae-47bc-a421-a897a2f979b4,True,174,"2021, 12, 05, 15, 09, 52"
a609b0d7-75ce-4c31-8772-6a6fbf8f90e9,True,55,"2021, 12, 05, 15, 09, 52"
ea985562-9e17-4fb8-b12f-be0f780682f4,True,185,"2021, 12, 05, 15, 09, 52"
01715641-7472-4c14-9a38-99b9b18c19f7,True,83,"2021, 12, 05, 15, 09, 52"
0d008716-7071-4b2d-b1ee-6b6e78d40125,True,109,"2021, 12, 05, 15, 09, 52"
335895d5-3c27-45f7-b03e-375c14257499,True,206,"2021, 12, 05, 15, 09, 52"
5c414db0-4b6b-4563-a6cf-ac64364f4f4e,True,76,"2021, 12, 05, 15, 09, 52"
c7c976c5-f59b-46b6-ad5f-606bf304cf95,True,78,"2021, 12, 05, 15, 09, 52"
6e08978a-d6de-410a-a3d9-d6fa064b62a3,True,24,"2021, 12, 05, 15, 09, 52"
30567307-eed6-4039-a3a3-c9e8039fe021,True,242,"2021, 12, 05, 15, 09, 52"
56cddc54-b56b-41eb-8b02-83045f94c98c,True,101,"2021, 12, 05, 15, 09, 52"
35815fed-23ce-4b25-92c7-13663e0cad08,True,71,"2021, 12, 05, 15, 09, 52"
abbc5bed-d613-4942-9c39-e4fb9250f739,True,126,"2021, 12, 05, 15, 09, 52"
663ad722-1d04-4aa3-9cc0-d002275f6ff7,True,4,"2021, 12, 05, 15, 09, 52"
26073178-9af1-477b-b9e6-0632395becbd,True,70,"2021, 12, 05, 15, 09, 52"
11c5131a-466e-40e2-9aa7-d47bef26de7d,True,177,"2021, 12, 05, 15, 09, 52"
142aed60-cc80-4ca6-baee-1bf6cae3f089,True,166,"2021, 12, 05, 15, 09, 52"
e7728d1a-bfc7-49e9-a2da-94f1878c9d22,True,48,"2021, 12, 05, 15, 09, 52"
969acc16-09a9-49d0-a74d-beab2fb2df05,True,16,"2021, 12, 05, 15, 09, 52"
d396d015-10b2-4875-9fdc-dc1e4fed01b7,True,15,"2021, 12, 05, 15, 09, 52"
12b8bf06-95fd-4985-a44e-efea564e6120,True,91,"2021, 12, 05, 15, 09, 52"
e818f176-96b1-4ab7-8cda-552165633892,True,179,"2021, 12, 05, 15, 09, 52"
8a6b031a-c158-418f-8f47-376b914fbed0,True,108,"2021, 12, 05, 15, 09, 52"
b483f63f-c346-4995-b56e-0ddcc91c504a,True,104,"2021, 12, 05, 15, 09, 52"
83029fa6-ae49-4b17-ad00-f78ec21642b8,True,163,"2021, 12, 05, 15, 09, 52"
21581198-ab38-4e22-be05-4b3f897d6fc7,True,165,"2021, 12, 05, 15, 09, 52"
7a24cb06-5957-4f52-baaf-4f3c3e26526a,True,235,"2021, 12, 05, 15, 09, 52"
da8053ae-aa2e-4d2c-9a0d-34210b42a941,True,241,"2021, 12, 05, 15, 09, 52"
a0caa304-836b-4461-a38f-44ad7e606d3b,True,27,"2021, 12, 05, 15, 09, 52"
9c174ae1-8acb-44e8-a559-109ceb60e6b9,True,90,"2021, 12, 05, 15, 09, 52"
e360c11d-b9db-4398-a0f0-a436bfc7a88f,True,144,"2021, 12, 05, 15, 09, 52"
43a693b0-a7d1-409c-9e96-389625adec20,True,93,"2021, 12, 05, 15, 09, 52"
173161be-f8b7-49d9-8607-1ffcb65db76f,True,182,"2021, 12, 05, 15, 09, 52"
87090830-ce2f-42fe-86b8-a6170ad3172c,True,56,"2021, 12, 05, 15, 09, 52"
f4e24a8a-eaf0-4963-9d83-08e91dc9ea40,True,80,"2021, 12, 05, 15, 09, 52"
c2e5ef1c-ca93-4da2-8325-59b27727cfa6,True,207,"2021, 12, 05, 15, 09, 52"
a24da6ae-2d4b-47d3-a662-571f6d04523c,True,94,"2021, 12, 05, 15, 09, 52"
2fdb8776-55da-4ab9-8fed-7a2e21a01258,True,42,"2021, 12, 05, 15, 09, 52"
3606b80c-32de-4e4e-87d6-d784d5c3962d,True,213,"2021, 12, 05, 15, 09, 52"
f6871fef-6cfd-472a-8a8c-ead9a93a816d,True,226,"2021, 12, 05, 15, 09, 52"
e4831887-1328-424b-9aef-6df36abee9da,True,10,"2021, 12, 05, 15, 09, 52"
379e3af3-693a-42ac-aa9b-cfbf8993b975,True,131,"2021, 12, 05, 15, 09, 52"
63d13ae4-51d2-4920-a72d-4ae7bbad951e,True,81,"2021, 12, 05, 15, 09, 52"
4f72f3f6-205f-4fdb-b6b9-e815eba1fb5c,True,190,"2021, 12, 05, 15, 09, 52"
e029a124-5a4b-44c9-8bb1-8a07b01f0875,True,159,"2021, 12, 05, 15, 09, 52"
2d7a6c71-b523-4549-8310-48b69950649b,True,250,"2021, 12, 05, 15, 09, 52"
96bed615-c7f6-49be-88ba-d01b8c9c11ec,True,99,"2021, 12, 05, 15, 09, 52"
0a442349-a363-4f7a-af2a-327a081e0853,True,65,"2021, 12, 05, 15, 09, 52"
9d1e349b-4b7c-47b1-9bd5-4b4acd25e487,True,208,"2021, 12, 05, 15, 09, 52"
