3ca0297f-ba8e-453b-8f75-cd3f6aabd207,True,220,"2021, 10, 31, 15, 59, 09"
3b85c523-6c86-4ab8-a5a0-361e5c0a0d6e,True,221,"2021, 10, 31, 15, 59, 16"
bdde73b6-c942-46e5-8242-a43a9504ab5b,False,220,"2021, 10, 31, 15, 59, 21"
7ba5828d-ae60-4650-b514-7a331dc277e9,True,222,"2021, 10, 31, 15, 59, 21"
8385c62d-8e15-4986-a161-41e9f2052126,False,221,"2021, 10, 31, 15, 59, 27"
e8879580-61fe-4e63-9a38-8a2592428d80,True,223,"2021, 10, 31, 15, 59, 27"
9b7db472-c732-4f77-9b57-2ba66e313e51,False,222,"2021, 10, 31, 15, 59, 33"
1c766e9b-f361-40a1-b72e-440c48c746f8,True,224,"2021, 10, 31, 15, 59, 33"
0d452efa-c0db-44c7-810f-c669dc51fe25,False,223,"2021, 10, 31, 15, 59, 40"
6484ae54-4ce9-4c02-8eb8-44ee0e11da49,True,225,"2021, 10, 31, 15, 59, 40"
a1694dd3-e8ae-4e54-a6f8-2aa3672d4cfd,False,224,"2021, 10, 31, 15, 59, 46"
32f69fa4-874a-43c2-a8cb-d7c0dbbca758,True,226,"2021, 10, 31, 15, 59, 46"
52ac8cf9-e16c-4105-9c22-2409522499df,False,225,"2021, 10, 31, 15, 59, 52"
c304a9ed-5355-4b7f-9695-7b128df9d1e7,True,227,"2021, 10, 31, 15, 59, 52"
aa9ea890-ef5f-4aa8-8e30-c8ae3538c6f9,False,226,"2021, 10, 31, 15, 59, 57"
4ad5cc10-d903-48a9-b68a-ad3a7097258b,True,228,"2021, 10, 31, 15, 59, 57"
9296d4a1-83e8-405d-a694-af06e6469baf,False,227,"2021, 10, 31, 16, 00, 03"
db890a45-ad74-4316-a24d-583784928d8d,True,229,"2021, 10, 31, 16, 00, 03"
edb2edfb-56a1-4b7b-91cf-88ea586937de,False,228,"2021, 10, 31, 16, 00, 09"
eef29d9f-d0d5-4d7d-8774-244aa953b1cb,True,150,"2021, 10, 31, 16, 00, 09"
7b7208ac-d930-4c3f-ae40-eff6531872cf,False,229,"2021, 10, 31, 16, 00, 15"
1a51a2c2-a46f-4005-bc80-bf9543904613,True,151,"2021, 10, 31, 16, 00, 15"
192dea74-ca4c-4de5-a6a7-00bfb98209c8,False,150,"2021, 10, 31, 16, 00, 21"
9ba90a82-4721-4ef6-8b4a-ec37ed9283d0,True,152,"2021, 10, 31, 16, 00, 21"
939e78a1-33de-4371-a904-687fe6ac23c9,False,151,"2021, 10, 31, 16, 00, 27"
b90dbd52-e219-4b27-ad6f-28059cffd29c,True,153,"2021, 10, 31, 16, 00, 27"
b04b70b0-e249-4544-8da0-f0bf6124cea7,False,152,"2021, 10, 31, 16, 00, 33"
f231f43b-ab0f-42b8-b8e4-dbd69a2f961d,True,154,"2021, 10, 31, 16, 00, 33"
09c88a55-4f0d-4418-bc5c-754d2fdf9c92,False,153,"2021, 10, 31, 16, 00, 38"
a1b227ca-3b92-43f8-81f7-dd2e64aa2c78,True,155,"2021, 10, 31, 16, 00, 38"
4dad241f-030b-41c9-8c57-a9a7fbc04e16,False,154,"2021, 10, 31, 16, 00, 45"
12f4318d-d28b-4e05-b422-756d1bcfc509,True,156,"2021, 10, 31, 16, 00, 45"
7205d0d6-42ee-4468-8c8e-e8c3ff0762b1,False,155,"2021, 10, 31, 16, 00, 51"
45f922be-ed19-4e15-aba8-0b4f7097bd15,True,157,"2021, 10, 31, 16, 00, 51"
d08e9d6e-74f4-49a3-9fa6-b9b52601ad0f,False,156,"2021, 10, 31, 16, 00, 57"
090288dc-234b-4101-bd0c-7f5fade0ede6,True,158,"2021, 10, 31, 16, 00, 57"
b6464b9d-7839-43d3-827c-1d3a9efb5202,False,157,"2021, 10, 31, 16, 01, 03"
41b0cd58-e16b-43c5-a8ad-4ca9408fc404,True,159,"2021, 10, 31, 16, 01, 03"
1b24fcea-e696-47fe-be0a-ef66b9e69885,False,158,"2021, 10, 31, 16, 01, 08"
4c85e1f6-721a-4034-8f99-e522a8178168,True,50,"2021, 10, 31, 16, 01, 08"
7ca4f65d-1f8c-4034-9442-ba2dab1c6ae5,False,159,"2021, 10, 31, 16, 01, 15"
64de2629-7ee7-4a1a-820f-94e3a4e9cac5,True,51,"2021, 10, 31, 16, 01, 15"
03a0ccba-a0ca-48b3-afca-65e4d2fb9475,False,50,"2021, 10, 31, 16, 01, 21"
6d2705ed-6f3b-47d6-b4be-3e1abb4f82c2,True,52,"2021, 10, 31, 16, 01, 21"
1ecaaffd-edfc-4768-9dfb-5dfb7352122a,False,51,"2021, 10, 31, 16, 01, 27"
a5857d13-c446-4638-a9ac-8f2c8970eb89,True,53,"2021, 10, 31, 16, 01, 27"
ab051d4a-fea6-4dae-8d4c-fa52a9ecf360,False,52,"2021, 10, 31, 16, 01, 32"
254c2690-79ed-486b-8538-df52c285a520,True,54,"2021, 10, 31, 16, 01, 32"
d3fb26ba-3a85-4dbc-83f6-1de4c9d6974e,False,53,"2021, 10, 31, 16, 01, 39"
29726ea4-d376-49f5-a846-b7ddf80d562d,True,55,"2021, 10, 31, 16, 01, 39"
67fa8cb0-fbb4-44b2-ba08-11a981e31b6c,False,54,"2021, 10, 31, 16, 01, 46"
f4fbcd79-1986-4736-8c8d-23b1ce0dd2d8,True,56,"2021, 10, 31, 16, 01, 46"
91f92d71-3fde-4f5a-8d3f-89de0165ceec,False,55,"2021, 10, 31, 16, 01, 51"
749ad9b4-2ad3-4684-95f1-e7c5a6fe95e9,True,57,"2021, 10, 31, 16, 01, 51"
ee461b12-a24a-4ca8-8c77-a17208da1185,False,56,"2021, 10, 31, 16, 01, 57"
b96e28d6-48c4-4108-9937-8e5fc50c7351,True,58,"2021, 10, 31, 16, 01, 57"
104f485f-5946-4c1b-8392-5964ccca42de,False,57,"2021, 10, 31, 16, 02, 03"
d5b0011f-339e-43fd-abfe-c70e036c2dde,True,59,"2021, 10, 31, 16, 02, 03"
fec7b470-6365-4a6e-8987-45079877aa50,False,58,"2021, 10, 31, 16, 02, 09"
73e78297-db56-4152-85b3-a3311486be32,True,0,"2021, 10, 31, 16, 02, 09"
e30e4c86-bf20-4b5d-a841-0a3118b45400,False,59,"2021, 10, 31, 16, 02, 17"
38579e58-8d16-4395-83d8-d77a3c46652c,True,1,"2021, 10, 31, 16, 02, 17"
6dd60034-fef6-475a-a339-36db552d0320,False,0,"2021, 10, 31, 16, 02, 23"
ebed76dc-5cfc-4389-8ecc-954b577fb6f2,True,2,"2021, 10, 31, 16, 02, 23"
b7f98075-00ff-4a57-8b72-29f9217e924b,False,1,"2021, 10, 31, 16, 02, 29"
274ccae3-ed0e-435e-9df1-94529e8e001a,True,3,"2021, 10, 31, 16, 02, 29"
7ce0a9a5-6d8b-4b3f-8f03-3309dbfec7aa,False,2,"2021, 10, 31, 16, 02, 35"
afbea6be-8009-4166-bd0f-a05c0ff23bc3,True,4,"2021, 10, 31, 16, 02, 35"
44212aeb-dc27-4374-bf56-92eab230f891,False,3,"2021, 10, 31, 16, 02, 42"
aa363735-1f32-4669-b14b-d30bbb91c6a1,True,5,"2021, 10, 31, 16, 02, 42"
5f233c8b-c699-4d16-8a07-bd3e7f7d1a4f,False,4,"2021, 10, 31, 16, 02, 48"
bf051637-8030-4542-aab2-3c62cd8b8551,True,6,"2021, 10, 31, 16, 02, 48"
89287c24-0987-4b00-a590-45165266a466,False,5,"2021, 10, 31, 16, 02, 54"
6d67a69b-60d8-4ed5-bfc2-ad6a513e08c5,True,7,"2021, 10, 31, 16, 02, 54"
9b9db278-31b8-4a05-981d-1c88b6d47569,False,6,"2021, 10, 31, 16, 03, 00"
f507d687-2ceb-4f99-a51f-736b133ad82e,True,8,"2021, 10, 31, 16, 03, 00"
48e4b646-dc72-43cd-ad9f-a816329147ea,False,7,"2021, 10, 31, 16, 03, 06"
d8bf2e4f-f995-45ac-bd98-2563e5f329e6,True,9,"2021, 10, 31, 16, 03, 06"
a7a8c5e7-6366-4190-a9c0-dea2af089bca,False,8,"2021, 10, 31, 16, 03, 12"
d99ae2fa-16cf-4bbb-8748-777d87e9f0e6,True,246,"2021, 10, 31, 16, 03, 12"
1e378d33-02e8-4ec9-95ab-3b3491f93b68,False,9,"2021, 10, 31, 16, 03, 17"
03de51b5-d763-4796-a999-ff65c1dd4764,True,247,"2021, 10, 31, 16, 03, 17"
607a3af5-44b7-4234-9020-a3ca9d472095,False,246,"2021, 10, 31, 16, 03, 23"
9b4a0270-5cbb-49a7-a8f2-97e075fde3de,True,248,"2021, 10, 31, 16, 03, 23"
3c4eee88-3019-49ab-9018-df76e1fda84c,False,247,"2021, 10, 31, 16, 03, 29"
ae0a2bce-ecc1-46bc-9ae6-b26c522aa7c0,True,249,"2021, 10, 31, 16, 03, 29"
6ff2cd86-70f1-4e89-8ef8-13a247ad49d0,False,248,"2021, 10, 31, 16, 03, 38"
13494f56-0a9d-4b2c-b803-843c103d46a5,True,250,"2021, 10, 31, 16, 03, 38"
1179de7b-337c-41e5-8b4a-463f3a6d72af,False,249,"2021, 10, 31, 16, 03, 45"
e661f418-9ab8-4858-aad3-590b830d7f7e,True,251,"2021, 10, 31, 16, 03, 45"
8a657608-c5f8-436b-aa35-2d1fa82dcee9,False,250,"2021, 10, 31, 16, 03, 51"
77a4f958-f5f6-4768-8cc9-3a27dd86617c,True,180,"2021, 10, 31, 16, 03, 51"
d1667213-e646-4c5b-af63-5f41f0ce9dca,False,251,"2021, 10, 31, 16, 03, 57"
967644c8-9179-4930-8425-2a2577341f80,True,181,"2021, 10, 31, 16, 03, 57"
6708d186-babb-4633-b796-94a5143695c7,False,180,"2021, 10, 31, 16, 04, 03"
1a28cb1a-430e-4c8c-9537-f43c74c1ad5a,True,182,"2021, 10, 31, 16, 04, 03"
4fde8f2f-f042-437e-b3f9-7cd4a2424297,False,181,"2021, 10, 31, 16, 04, 09"
f4757547-4b42-4ca4-acbc-cdbebdd16ba5,True,183,"2021, 10, 31, 16, 04, 09"
c4a9e34b-4766-433a-8fc8-564bc7a857a6,False,182,"2021, 10, 31, 16, 04, 16"
f705da31-ae92-42f6-b316-6b729253c8e1,True,184,"2021, 10, 31, 16, 04, 16"
bd966233-c65a-4cd7-98d8-e155287ea238,False,183,"2021, 10, 31, 16, 04, 23"
8189e8cf-4725-4988-b4cd-989f6c537e4e,True,185,"2021, 10, 31, 16, 04, 23"
2cb9d6da-b48f-49c2-b8c6-42a88642092a,False,184,"2021, 10, 31, 16, 04, 29"
8bcb01a3-f0cc-49e3-9841-717b75ac7561,True,186,"2021, 10, 31, 16, 04, 29"
43ffb8b1-3c93-4dc6-b2c2-151025e90ef8,False,185,"2021, 10, 31, 16, 04, 35"
929192f0-4d4e-49c2-90cb-de4832aa2927,True,187,"2021, 10, 31, 16, 04, 35"
1c834436-3335-4324-8269-cc3cd29f8ee6,False,186,"2021, 10, 31, 16, 04, 41"
32b5792c-72bc-4b48-a354-5dab7d2c0782,True,188,"2021, 10, 31, 16, 04, 41"
e1a4e01c-31db-45bf-a9eb-3732894f47ed,False,187,"2021, 10, 31, 16, 04, 49"
1a975765-8673-45b7-8e0d-13c9031c7023,True,189,"2021, 10, 31, 16, 04, 49"
c343a2c8-3b8b-4123-97c0-2cbbc9c98415,False,188,"2021, 10, 31, 16, 04, 55"
4be5fad3-a292-431a-801a-b47b13d29bd0,True,110,"2021, 10, 31, 16, 04, 55"
a3f2787b-d059-44da-83ab-fc6a97340443,False,189,"2021, 10, 31, 16, 05, 01"
474c4c8a-7330-4f39-add7-7394a1739331,True,111,"2021, 10, 31, 16, 05, 01"
3f384fa7-c0d1-4d7a-aea5-1a97a994a49f,False,110,"2021, 10, 31, 16, 05, 07"
30f2130c-50e6-48e5-b2a9-3439e1dd53ca,True,112,"2021, 10, 31, 16, 05, 07"
7137821d-a08d-44a9-bb85-66cb993caf4b,False,111,"2021, 10, 31, 16, 05, 13"
8c382ccb-fd71-4e12-907b-07e946248789,True,113,"2021, 10, 31, 16, 05, 13"
8a028ffc-0b81-4a72-bd43-a5bb2b0ed6eb,False,112,"2021, 10, 31, 16, 05, 20"
266ffb3f-f04c-413c-b1c9-9348b3aade76,True,114,"2021, 10, 31, 16, 05, 20"
5e08bf0c-8950-42db-8027-fc798a11058a,False,113,"2021, 10, 31, 16, 05, 26"
dc83a5c7-0f48-47fe-af59-57a0dd8ec976,True,115,"2021, 10, 31, 16, 05, 26"
4495b835-388d-4d66-a7ba-e8859c0fd1ad,False,114,"2021, 10, 31, 16, 05, 33"
df2b6a87-b8eb-461d-a98e-204122546c96,True,116,"2021, 10, 31, 16, 05, 33"
00875424-fac9-46f6-b46e-5083bc1f29d2,False,115,"2021, 10, 31, 16, 05, 39"
9ace3f82-9182-44db-a1ba-42cac191a824,True,117,"2021, 10, 31, 16, 05, 39"
a47e68f4-e129-4f7b-b43e-32b322ed4671,False,116,"2021, 10, 31, 16, 05, 45"
4ca308e8-243d-4910-8618-91d8db8f339f,True,118,"2021, 10, 31, 16, 05, 45"
655d535a-afe7-48df-8b01-8fe31564b72b,False,117,"2021, 10, 31, 16, 05, 51"
0532c3dc-9821-4352-923d-158c9243fe4f,True,119,"2021, 10, 31, 16, 05, 51"
1969b2f9-e027-4e4c-b05b-3f5ec8f5bd31,False,118,"2021, 10, 31, 16, 05, 57"
f03008a9-9882-4ce1-a5e8-d065902b74ce,True,190,"2021, 10, 31, 16, 05, 57"
f99894ae-b70b-4dee-8133-40d5a1d8bfd2,False,119,"2021, 10, 31, 16, 06, 02"
d039444b-cbf2-4020-9bca-ee90d991f46f,True,191,"2021, 10, 31, 16, 06, 02"
db84a346-236b-45b8-b293-23cf27e750d6,False,190,"2021, 10, 31, 16, 06, 09"
90d75422-4a35-4907-ba38-3417baca07ec,True,192,"2021, 10, 31, 16, 06, 09"
6b2fe6fe-c2e6-40cc-b87d-90deee6fab5e,False,191,"2021, 10, 31, 16, 06, 15"
320694fb-9c63-4113-b89e-a709f159eb07,True,193,"2021, 10, 31, 16, 06, 15"
0319f71b-d379-45d5-bc60-300af18343dd,False,192,"2021, 10, 31, 16, 06, 21"
faed6eeb-e9f7-4f27-ad58-f806d367473d,True,194,"2021, 10, 31, 16, 06, 21"
9559af16-313b-434b-b592-0c9f0141ad9c,False,193,"2021, 10, 31, 16, 06, 27"
343ab0ea-ae91-4465-873c-670a29b31aa6,True,195,"2021, 10, 31, 16, 06, 27"
b3cbaa14-3307-4958-a363-0dba673bcb7a,False,194,"2021, 10, 31, 16, 06, 33"
cf444612-d383-4507-9b69-5183a6a6aac6,True,196,"2021, 10, 31, 16, 06, 33"
c2133549-b3eb-47a7-992e-bd96d0836728,False,195,"2021, 10, 31, 16, 06, 40"
043690de-bad6-4683-b628-4b061b239dc8,True,197,"2021, 10, 31, 16, 06, 40"
f9dbd60d-b93c-4eae-a21d-8410aea4d097,False,196,"2021, 10, 31, 16, 06, 48"
2b54bc27-7d66-4b50-bb2c-324a0ea3d93e,True,198,"2021, 10, 31, 16, 06, 48"
b8e86f30-bd3c-408c-87c0-05cd2e6ce87b,False,197,"2021, 10, 31, 16, 06, 55"
35deda2b-c15f-4dfa-a391-50e28ccdacde,True,199,"2021, 10, 31, 16, 06, 55"
b5bc7a44-4d41-4d27-ae7d-6abbf9e58279,False,198,"2021, 10, 31, 16, 07, 01"
a270d3bb-726a-4c20-b85a-c559d4c8ab56,True,210,"2021, 10, 31, 16, 07, 01"
243bbfa3-a071-4bef-85e4-cb6d375566a8,False,199,"2021, 10, 31, 16, 07, 09"
69a305d1-95eb-49c9-8765-07f1a82cd8e9,True,211,"2021, 10, 31, 16, 07, 09"
f4c1f878-d247-423b-8d0c-8a4ecfd9bc26,False,210,"2021, 10, 31, 16, 07, 16"
ccc9d276-934f-4f3f-bfb7-5115c45cc6d9,True,212,"2021, 10, 31, 16, 07, 16"
f717da9b-bb0d-4312-b8dd-c933d85e3086,False,211,"2021, 10, 31, 16, 07, 22"
44adc291-14bc-46f0-a64a-33175e5dfb2b,True,213,"2021, 10, 31, 16, 07, 22"
c226ecfd-4293-4b97-9fcd-32f20ecec1fb,False,212,"2021, 10, 31, 16, 07, 28"
fe7a0c13-d401-4f07-a06b-8b31843b2e93,True,214,"2021, 10, 31, 16, 07, 28"
1d1c3e34-6371-4108-ba73-d9bfa9681115,False,213,"2021, 10, 31, 16, 07, 35"
b71e16cc-3e14-4f14-811c-b4f90abf3333,True,215,"2021, 10, 31, 16, 07, 35"
31ab44bf-08a9-47f7-b7f9-a8848759fc38,False,214,"2021, 10, 31, 16, 07, 42"
02683e18-d2ed-4b92-aa6e-35c38fe886f0,True,216,"2021, 10, 31, 16, 07, 42"
bbe35b9e-1b6c-4afc-95c0-a4bb1e7b1642,False,215,"2021, 10, 31, 16, 07, 49"
73ace94d-f2ff-4d7b-9ecf-751732ca9c29,True,217,"2021, 10, 31, 16, 07, 49"
2e220837-9f21-4da3-a625-30afdaef04c8,False,216,"2021, 10, 31, 16, 07, 55"
a9dd6854-8779-4c24-b994-44a6c5c81025,True,218,"2021, 10, 31, 16, 07, 55"
0e95e639-b61e-4f9c-95a4-a90ce56a67ad,False,217,"2021, 10, 31, 16, 08, 02"
eec63078-8e69-4086-b7a5-a10a82b5848b,True,219,"2021, 10, 31, 16, 08, 02"
8d609e94-f303-4373-aa98-0c2c77a45269,False,218,"2021, 10, 31, 16, 08, 08"
62bcf2ce-a89b-42c1-9fd0-f4e68b513b04,True,120,"2021, 10, 31, 16, 08, 08"
190915cf-abae-4d5a-b9a6-bec8c3fb20da,False,219,"2021, 10, 31, 16, 08, 14"
a18f0878-ec76-44f3-a5e5-6d88f8dc5687,True,121,"2021, 10, 31, 16, 08, 14"
bf719a8d-ce47-4637-8f92-3fecdf66ef86,False,120,"2021, 10, 31, 16, 08, 20"
8cd812e8-e5ab-4040-93ce-f327d33bfc75,True,122,"2021, 10, 31, 16, 08, 20"
11a51b40-fe08-46ee-9a28-4fbfb6394e64,False,121,"2021, 10, 31, 16, 08, 26"
60bae1ed-c9ec-4832-8ed5-6c98c88f73cb,True,123,"2021, 10, 31, 16, 08, 26"
d187fae3-bf0b-4dea-befd-4ae39d5f8944,False,122,"2021, 10, 31, 16, 08, 32"
ed145c05-c735-4ab8-a888-492c1dee9922,True,124,"2021, 10, 31, 16, 08, 32"
c29e076b-5f4c-41ad-865a-4eaa93017612,False,123,"2021, 10, 31, 16, 08, 39"
37039b7d-e28b-45bc-a725-6b7bc660ff83,True,125,"2021, 10, 31, 16, 08, 39"
c0d77e8b-6b4b-477e-ad37-aed97688a78b,False,124,"2021, 10, 31, 16, 08, 45"
359abb6a-9d62-461d-b895-594550424138,True,126,"2021, 10, 31, 16, 08, 45"
be242da0-629d-41a2-a13b-3fd579dffe55,False,125,"2021, 10, 31, 16, 08, 51"
ceddb85c-b3cf-489c-9a30-32918417572c,True,127,"2021, 10, 31, 16, 08, 51"
9b3d8232-73de-41eb-b7cf-3bb782204a33,False,126,"2021, 10, 31, 16, 08, 57"
3831d43b-07c0-46dc-85b4-d006fe35556e,True,128,"2021, 10, 31, 16, 08, 57"
52c178fc-559d-44f8-b6c7-e679c8bc647e,False,127,"2021, 10, 31, 16, 09, 03"
eb79bbe1-4e99-4f80-953d-9322efe60261,True,129,"2021, 10, 31, 16, 09, 03"
a5863d53-2ad0-4a6a-8e9e-33b01833dde9,False,128,"2021, 10, 31, 16, 09, 09"
42e5d77f-f1c2-4ec2-9398-131e76d89dff,True,70,"2021, 10, 31, 16, 09, 09"
143f7918-50bc-43dc-ac5c-0ac434354e20,False,129,"2021, 10, 31, 16, 09, 16"
24939111-44a1-4535-8c2a-df295e4a8dd5,True,71,"2021, 10, 31, 16, 09, 16"
f7d0ea9e-4b58-4c7f-b178-3271fd04f8a5,False,70,"2021, 10, 31, 16, 09, 23"
672bf91a-ab7c-40c6-abfb-92419497cace,True,72,"2021, 10, 31, 16, 09, 23"
391fe2b7-ae7f-45e1-a040-d0689337ce1b,False,71,"2021, 10, 31, 16, 09, 29"
854f3f21-f2b0-4d3e-9ba9-8bfee2701f05,True,73,"2021, 10, 31, 16, 09, 29"
641c6fed-7156-4d78-ab77-03680b6715d2,False,72,"2021, 10, 31, 16, 09, 37"
dccda03e-317b-451a-bf9f-b37cbe2fd357,True,74,"2021, 10, 31, 16, 09, 37"
397fafba-3dee-4c04-93e6-6359700fc80c,False,73,"2021, 10, 31, 16, 09, 43"
19ef2e31-d97a-4496-abec-d9f72d4f526b,True,75,"2021, 10, 31, 16, 09, 43"
8055a36a-bd69-48e5-87fe-e04863351b9c,False,74,"2021, 10, 31, 16, 09, 50"
d3c2bbc3-4970-4ddf-9738-263424f4dab9,True,76,"2021, 10, 31, 16, 09, 50"
e1efce99-e963-4a79-a1f5-44d6430b0654,False,75,"2021, 10, 31, 16, 09, 57"
6d3df408-4962-4944-a6e0-e9cf762cf361,True,77,"2021, 10, 31, 16, 09, 57"
0ba4a91e-44e1-4c5d-9bae-e0852e582c39,False,76,"2021, 10, 31, 16, 10, 03"
f9989a87-56b9-40cb-b6e3-943a105c28ad,True,78,"2021, 10, 31, 16, 10, 03"
4ec588e2-c7ff-4629-b0e1-e86971ec547f,False,77,"2021, 10, 31, 16, 10, 09"
c44348cd-867f-402c-9be7-c321cc3c2e57,True,79,"2021, 10, 31, 16, 10, 09"
cbe58281-bb83-49d3-a1a9-95c7e98d5259,False,78,"2021, 10, 31, 16, 10, 15"
48a53537-814b-45c5-8c86-5ecc2dfcb3b5,True,10,"2021, 10, 31, 16, 10, 15"
aae4af7f-2fd0-4f69-8456-7552cb084fae,False,79,"2021, 10, 31, 16, 10, 21"
40267b97-6650-4d3e-972f-cbb88e64d1fc,True,11,"2021, 10, 31, 16, 10, 21"
6e452ebb-2a68-4f2c-9c72-169f6f6fd2f5,False,10,"2021, 10, 31, 16, 10, 27"
f8d49d14-b026-4397-96ba-b4d9d1f3132e,True,12,"2021, 10, 31, 16, 10, 27"
7acd27a6-48b1-4c80-9d11-a66a8b62a721,False,11,"2021, 10, 31, 16, 10, 34"
48773d49-e164-43b1-b062-4a99fc4316c2,True,13,"2021, 10, 31, 16, 10, 34"
f4130d85-a99a-4149-9897-a7c9b722c677,False,12,"2021, 10, 31, 16, 10, 41"
1e91bd1f-b084-438c-bc46-6b1079e409bc,True,14,"2021, 10, 31, 16, 10, 41"
2d9ea68c-70db-4c86-a688-240c7f01acda,False,13,"2021, 10, 31, 16, 10, 47"
030b1f78-4c6d-4adc-ba61-fc9adf09cb57,True,15,"2021, 10, 31, 16, 10, 47"
39d47882-a3ed-4766-80db-593b87743bd8,False,14,"2021, 10, 31, 16, 10, 53"
0300b4f9-3ce3-48d7-97c9-b9a64f3cb6de,True,16,"2021, 10, 31, 16, 10, 53"
cb3166ff-05da-4ed3-bbf3-3b054b9d5e3e,False,15,"2021, 10, 31, 16, 11, 00"
34c6c167-128e-498b-a0c9-cf2e3b92d8fe,True,17,"2021, 10, 31, 16, 11, 00"
419560e0-5160-43a5-9f2e-eff59e43bc4c,False,16,"2021, 10, 31, 16, 11, 06"
721cbaf3-1c37-4383-a62c-dd42079d1ad1,True,18,"2021, 10, 31, 16, 11, 06"
5dd1c51b-f663-4aa2-ad22-1deeaebcb86a,False,17,"2021, 10, 31, 16, 11, 12"
d0dc90cb-2f90-4efa-a081-76ca02e0e112,True,19,"2021, 10, 31, 16, 11, 12"
065df42f-837b-4bcf-bfa1-6156e4a60d84,False,18,"2021, 10, 31, 16, 11, 19"
db509aff-90e4-4c0e-aff4-8dbe06437c86,True,80,"2021, 10, 31, 16, 11, 19"
3aae772e-2caf-422c-8b40-9f24c2307a0f,False,19,"2021, 10, 31, 16, 11, 25"
5daf3618-0d0e-4c30-8742-b2c5e2a6222d,True,81,"2021, 10, 31, 16, 11, 25"
e0c1f801-55b9-488b-8e06-018e825f414b,False,80,"2021, 10, 31, 16, 11, 31"
cac8aec9-d9e4-4566-b262-a1fdc10eb158,True,82,"2021, 10, 31, 16, 11, 31"
b1e477ea-1162-4018-816c-2a469379cb07,False,81,"2021, 10, 31, 16, 11, 37"
3504f185-f9d2-46f7-a326-c93848003445,True,83,"2021, 10, 31, 16, 11, 37"
3c941298-a116-455c-b114-5f8ea33b4b8c,False,82,"2021, 10, 31, 16, 11, 43"
61a72cbe-5dc5-4284-989e-0d2c5bab8fc0,True,84,"2021, 10, 31, 16, 11, 43"
bff0671d-654f-4126-9c5c-453275ad45ca,False,83,"2021, 10, 31, 16, 11, 50"
ba4e70c6-2f84-4f7a-b678-cde54e3a2d1d,True,85,"2021, 10, 31, 16, 11, 50"
5ba9abcf-e8b3-44ee-b469-93ab77bf6259,False,84,"2021, 10, 31, 16, 11, 56"
2e979280-c7b8-487b-9299-9f5827340342,True,86,"2021, 10, 31, 16, 11, 56"
c05b648f-898e-4851-b314-e1b3a1a0129f,False,85,"2021, 10, 31, 16, 12, 02"
6a956b5b-9bd4-4386-a517-c3065c2aebb9,True,87,"2021, 10, 31, 16, 12, 02"
d7894bc3-fbb7-4c1d-ba42-fa69359c9be8,False,86,"2021, 10, 31, 16, 12, 08"
7b0575a4-afe9-4e9c-bbc6-9dd4a928759a,True,88,"2021, 10, 31, 16, 12, 08"
05c836ed-c6bd-4b6c-97ad-96f0d8b9ca62,False,87,"2021, 10, 31, 16, 12, 14"
4c05f138-eb05-436b-8040-345a51add634,True,89,"2021, 10, 31, 16, 12, 14"
6da51acf-51cb-4d11-bb36-908f11df1433,False,88,"2021, 10, 31, 16, 12, 20"
7dee1d44-46b3-4cfa-a0a5-ad5170190696,True,230,"2021, 10, 31, 16, 12, 20"
10f40852-9724-4515-9e41-855527c6bead,False,89,"2021, 10, 31, 16, 12, 26"
25082807-1901-48ff-b392-5696a77a11e1,True,231,"2021, 10, 31, 16, 12, 26"
e60f3cdf-3926-4c0a-b97c-cbdb8a02b632,False,230,"2021, 10, 31, 16, 12, 32"
866c89e7-e64d-4b2e-8f31-d83c09fdb5bf,True,232,"2021, 10, 31, 16, 12, 32"
293a643b-dc12-4ff8-a9da-fc5a7b293f75,False,231,"2021, 10, 31, 16, 12, 38"
5c0718c7-dadb-43b3-839a-91b750d1b62e,True,233,"2021, 10, 31, 16, 12, 38"
44324fc2-133b-4b8e-986f-5c111f9a77a7,False,232,"2021, 10, 31, 16, 12, 44"
19498922-bdf7-4700-a065-3875ff872656,True,234,"2021, 10, 31, 16, 12, 44"
73ec6296-bdee-4b89-bc8b-5677949f2690,False,233,"2021, 10, 31, 16, 12, 51"
ece713ca-9ce9-4404-96fe-9d38dd2fa97f,True,235,"2021, 10, 31, 16, 12, 51"
5494ea0e-534c-4c74-a29c-6d5483590751,False,234,"2021, 10, 31, 16, 12, 57"
3f3b4b1d-5090-4fbd-93c6-777626d9f3ee,True,236,"2021, 10, 31, 16, 12, 57"
b83f071f-ef86-4273-9a3d-b1e9bea0dcde,False,235,"2021, 10, 31, 16, 13, 03"
bba278ef-1634-4369-b546-8a3c45ac0e3b,True,237,"2021, 10, 31, 16, 13, 03"
a96bc9a0-fbfa-4755-a35f-c63b1d495801,False,236,"2021, 10, 31, 16, 13, 09"
b78e5b12-ea20-40e1-b08a-437aa1132932,True,238,"2021, 10, 31, 16, 13, 09"
b71dcc94-c9aa-4f2f-b92b-39a637cdadef,False,237,"2021, 10, 31, 16, 13, 15"
4dc53345-8c3b-4c20-9206-3b2f1bee6537,True,239,"2021, 10, 31, 16, 13, 15"
bcafc80c-252e-4cf3-9276-e19e187c0bb4,False,238,"2021, 10, 31, 16, 13, 21"
ebd97774-6a08-42a1-bc0a-ee59ae411cd8,True,140,"2021, 10, 31, 16, 13, 21"
b165de01-802a-4a74-a347-055536395053,False,239,"2021, 10, 31, 16, 13, 28"
f8c706cd-0647-4497-a1f8-a216e8e6c8c9,True,141,"2021, 10, 31, 16, 13, 28"
cc9c3eac-1cba-48f9-ad09-ebc60e1efcfc,False,140,"2021, 10, 31, 16, 13, 34"
eeb07699-e45f-4ba3-8f35-b3396fbed0eb,True,142,"2021, 10, 31, 16, 13, 34"
52dd32cb-aea9-4c91-a957-c6e660485cd3,False,141,"2021, 10, 31, 16, 13, 40"
056cac33-5729-4ad8-b3cd-fa3d9ec93c40,True,143,"2021, 10, 31, 16, 13, 40"
912a8af7-90ad-4e47-9f1b-9e8fd904dea9,False,142,"2021, 10, 31, 16, 13, 46"
8dbf1feb-f312-43c2-a288-5358259987ad,True,144,"2021, 10, 31, 16, 13, 46"
0e971b72-12a8-4b69-b5d5-33bb21484a54,False,143,"2021, 10, 31, 16, 13, 52"
52d08145-5f93-422b-9d2d-67ae4f571cbb,True,145,"2021, 10, 31, 16, 13, 52"
1f63b096-4737-42ff-869c-097c3058e361,False,144,"2021, 10, 31, 16, 13, 58"
c648ab2d-2d49-4367-92cb-3083878a29a4,True,146,"2021, 10, 31, 16, 13, 58"
b0799645-aea5-4a78-a614-3c3e6e85f44c,False,145,"2021, 10, 31, 16, 14, 04"
17bb44e7-c49e-43a5-af33-1c5b8975616f,True,147,"2021, 10, 31, 16, 14, 04"
68cb457d-9f19-4084-89c2-c62c1dfba028,False,146,"2021, 10, 31, 16, 14, 10"
ce3940bb-9b0f-4b4d-9958-093d6518cd7c,True,148,"2021, 10, 31, 16, 14, 10"
dace1fa7-ee07-4b94-85a4-3ea796bdb1ab,False,147,"2021, 10, 31, 16, 14, 16"
a88a9e53-50d0-4dd3-a66d-05a478ab3881,True,149,"2021, 10, 31, 16, 14, 16"
f3393fd8-cbf2-4172-aa57-95589be2d5dd,False,148,"2021, 10, 31, 16, 14, 22"
367cd1e5-5c4b-4f95-8643-2184d5ff9476,True,30,"2021, 10, 31, 16, 14, 22"
e4e54876-23ee-4d5d-b759-2ee3e8f6420e,False,149,"2021, 10, 31, 16, 14, 28"
6cd52505-cff5-4fe9-9d7c-d5d6509f230e,True,31,"2021, 10, 31, 16, 14, 28"
428f38ea-c5fe-41a6-a329-b7af6b6e5833,False,30,"2021, 10, 31, 16, 14, 33"
977ed672-aba5-4c6b-bd69-63abe4e9c944,True,32,"2021, 10, 31, 16, 14, 33"
03a6e99d-2227-400c-8c3b-2c5064f11308,False,31,"2021, 10, 31, 16, 14, 41"
477eeafd-835d-4880-88ac-939e26d0756b,True,33,"2021, 10, 31, 16, 14, 41"
7cab3e17-469b-4ff4-ad83-24051a02c0d3,False,32,"2021, 10, 31, 16, 14, 47"
48d0b14a-6908-47cb-952d-be73858e5341,True,34,"2021, 10, 31, 16, 14, 47"
44cdca66-b686-428d-852b-14e38527587f,False,33,"2021, 10, 31, 16, 14, 53"
e00b4641-5e64-40be-9a4e-538767ef0c2a,True,35,"2021, 10, 31, 16, 14, 53"
06df3324-48ca-4532-b2cb-6fcd7c36d28e,False,34,"2021, 10, 31, 16, 14, 59"
d0a22634-928c-44a1-a4e2-3b7c4c5af778,True,36,"2021, 10, 31, 16, 14, 59"
5048c273-899d-4b4f-a224-bac1306bd6e3,False,35,"2021, 10, 31, 16, 15, 05"
d1a7e2d8-7ff3-4e97-b6b7-0835f97da03a,True,37,"2021, 10, 31, 16, 15, 05"
689842f9-2e9f-47fc-8753-4c5aa3cb546a,False,36,"2021, 10, 31, 16, 15, 11"
bd0e46c0-1849-40c4-81b3-3dfa2d8961ee,True,38,"2021, 10, 31, 16, 15, 11"
718ce938-3d96-417e-81ac-3184fe770453,False,37,"2021, 10, 31, 16, 15, 17"
37ecf0b5-f5d5-4ade-b329-dde38f6924bb,True,39,"2021, 10, 31, 16, 15, 17"
b9a5f9dc-60c4-4e92-988b-e8688394a6f2,False,38,"2021, 10, 31, 16, 15, 23"
ad4609ba-6c5b-46c1-ab78-040e082db46b,True,20,"2021, 10, 31, 16, 15, 23"
3ae56087-f68c-4629-a1ac-a6e8491fd2b3,False,39,"2021, 10, 31, 16, 15, 29"
766b8d0f-57b1-4786-9240-874b54729b21,True,21,"2021, 10, 31, 16, 15, 29"
a1458594-5cb1-46f6-b0a4-4b8b22de8105,False,20,"2021, 10, 31, 16, 15, 35"
dd60fd10-db12-449d-8486-6c83f40ae555,True,22,"2021, 10, 31, 16, 15, 35"
13341522-b35c-4519-8d7c-301b9d0cbdee,False,21,"2021, 10, 31, 16, 15, 41"
29a4ca44-7910-48ea-8131-2ad1ad2f6042,True,23,"2021, 10, 31, 16, 15, 41"
f377e91b-e5e1-487d-83d4-4ce8d53c34ff,False,22,"2021, 10, 31, 16, 15, 47"
3825fb27-ffae-4e5f-95fc-ec46eef54d9e,True,24,"2021, 10, 31, 16, 15, 47"
ba8a5860-291b-46b7-9e09-6c386f0c5813,False,23,"2021, 10, 31, 16, 15, 54"
89af9fc3-2d1f-4167-8820-0cd77dce9da5,True,25,"2021, 10, 31, 16, 15, 54"
2aec511c-df0e-4f0a-9983-3e2dd2341647,False,24,"2021, 10, 31, 16, 16, 00"
9785c224-37cf-4e02-9024-def38c5d86c6,True,26,"2021, 10, 31, 16, 16, 00"
ce4407ab-4468-4373-af94-84a3c7dba7d4,False,25,"2021, 10, 31, 16, 16, 05"
f2c4b40e-52c5-449e-ba6f-4a9069a4c7b6,True,27,"2021, 10, 31, 16, 16, 05"
948b5051-4303-4885-92a1-69cb18c854f3,False,26,"2021, 10, 31, 16, 16, 13"
48b17878-ae2e-4d80-8ecf-23e726117b99,True,28,"2021, 10, 31, 16, 16, 13"
db93966d-d055-4ac7-8719-b1cd5e1d909f,False,27,"2021, 10, 31, 16, 16, 23"
fe99ce6e-b6f1-465b-ba93-9589a2ff3840,True,29,"2021, 10, 31, 16, 16, 23"
30eed99e-0c09-4e59-becd-e1c37a70914f,False,28,"2021, 10, 31, 16, 16, 30"
286487d3-b067-47fa-8aa4-663a5ab9f3e6,True,90,"2021, 10, 31, 16, 16, 30"
428d5d44-2d0c-408c-9533-05355bceccee,False,29,"2021, 10, 31, 16, 16, 36"
571afab2-09f3-4374-aa11-d76c9e89b950,True,91,"2021, 10, 31, 16, 16, 36"
f52ad23c-7741-42bf-9e71-12694ae9541e,False,90,"2021, 10, 31, 16, 16, 42"
1382f23f-7b2d-4857-b8f4-8f3870d97bcf,True,92,"2021, 10, 31, 16, 16, 42"
d6d7dc82-cedd-4a1c-b2dc-2d3143f0a28c,False,91,"2021, 10, 31, 16, 16, 48"
02081213-65ed-4474-82b3-17c313c32a54,True,93,"2021, 10, 31, 16, 16, 48"
a82b2324-4c1a-4be8-98cb-0c08485a1fc4,False,92,"2021, 10, 31, 16, 16, 54"
7ff89236-238d-4fda-a6f9-745735470402,True,94,"2021, 10, 31, 16, 16, 54"
25a0bad4-d460-4932-b756-0c47cd433bc6,False,93,"2021, 10, 31, 16, 17, 00"
88021647-c97d-4d7f-8c0f-729e365fba3d,True,95,"2021, 10, 31, 16, 17, 00"
0c2a7106-4b25-4619-a0c2-adb6d91d9e61,False,94,"2021, 10, 31, 16, 17, 06"
1d59a7c5-62ee-4cb0-96f8-c1089f515130,True,96,"2021, 10, 31, 16, 17, 06"
5131d688-8fd1-4596-93f7-10227efd9544,False,95,"2021, 10, 31, 16, 17, 13"
6ec33c8b-4d30-4074-b0e5-093a9e8430f5,True,97,"2021, 10, 31, 16, 17, 13"
9e826349-bcdb-4308-a536-06d72d78ad14,False,96,"2021, 10, 31, 16, 17, 18"
5dcb5a52-89be-4220-ad1e-1d4af7f49f7c,True,98,"2021, 10, 31, 16, 17, 18"
47679059-929b-4841-b0b8-d1bd4d4febfb,False,97,"2021, 10, 31, 16, 17, 24"
308ddb23-2947-459b-bf7d-7c2300f9f342,True,99,"2021, 10, 31, 16, 17, 24"
3024729b-32ec-4e39-81ff-a299d1bfc45d,False,98,"2021, 10, 31, 16, 17, 31"
62224d0a-e07c-4ed5-928c-b5ac98e345d6,True,240,"2021, 10, 31, 16, 17, 31"
c6aacc54-8ba7-464e-ab42-e64ff965175a,False,99,"2021, 10, 31, 16, 17, 36"
e3d134f4-6b6b-4ee2-b735-1e3c333bee0c,True,241,"2021, 10, 31, 16, 17, 36"
ba0a997a-3ab8-4c00-bc57-4451e675b6ac,False,240,"2021, 10, 31, 16, 17, 42"
4dd90660-a6ad-4f5e-ae0a-55f0c212f416,True,242,"2021, 10, 31, 16, 17, 42"
d857aa06-21dd-4125-a80e-00e754d7a759,False,241,"2021, 10, 31, 16, 17, 49"
553c33c1-dfd3-4a57-9395-198b823d6bc1,True,243,"2021, 10, 31, 16, 17, 49"
c801f683-318b-4be6-ad04-329b1a6ece3e,False,242,"2021, 10, 31, 16, 17, 56"
a412c9c3-fd11-405b-8bcf-6660b1a08a36,True,244,"2021, 10, 31, 16, 17, 56"
a1c81d65-70d1-4222-a13c-e8b23b278040,False,243,"2021, 10, 31, 16, 18, 02"
a6a95e93-f633-432f-904b-60d57ff9aaae,True,245,"2021, 10, 31, 16, 18, 02"
b11b42fc-99aa-4f34-b6dd-d7721696793c,False,244,"2021, 10, 31, 16, 18, 08"
bd75aa5a-7bed-438e-b071-d1cb1ca3ab3b,True,170,"2021, 10, 31, 16, 18, 08"
ca7835c2-9018-454e-9151-496890b30775,False,245,"2021, 10, 31, 16, 18, 14"
5c40c719-68f7-4f98-aa64-b680554bc908,True,171,"2021, 10, 31, 16, 18, 14"
e07fc459-5f4e-4f1f-b748-cc5a23972878,False,170,"2021, 10, 31, 16, 18, 21"
21d8598d-634b-449c-baa2-212c2a2b9582,True,172,"2021, 10, 31, 16, 18, 21"
2860ae94-a616-46df-8fcb-9f9681cf7282,False,171,"2021, 10, 31, 16, 18, 27"
6f42a971-5fee-44a7-8d8d-579ce9c5f333,True,173,"2021, 10, 31, 16, 18, 27"
1bca9cbb-ac63-4c30-b45b-a2cedb2599a1,False,172,"2021, 10, 31, 16, 18, 33"
6081d264-5a42-48c4-82b2-26177ae12754,True,174,"2021, 10, 31, 16, 18, 33"
f917da47-c166-4348-8581-494374f74df4,False,173,"2021, 10, 31, 16, 18, 38"
7c28cfd4-a483-4bd5-8874-d8667d866603,True,175,"2021, 10, 31, 16, 18, 38"
8058fd1a-d22a-4f2f-b6cb-343d0b13ad31,False,174,"2021, 10, 31, 16, 18, 44"
92ba6b7f-8f50-47ee-b972-0293a20c803e,True,176,"2021, 10, 31, 16, 18, 44"
38db757c-001f-43ac-afba-8a289b9e87a8,False,175,"2021, 10, 31, 16, 18, 51"
381e4c17-4f80-4dea-a9bc-12594b03e4f6,True,177,"2021, 10, 31, 16, 18, 51"
f6b4e7cc-35d3-4bac-b327-5ebd7f1d9583,False,176,"2021, 10, 31, 16, 18, 57"
cfa53ca9-e379-4d10-b141-1765ec646507,True,178,"2021, 10, 31, 16, 18, 57"
3b24e287-5ae6-43c7-b1b5-8a0ff0643e70,False,177,"2021, 10, 31, 16, 19, 03"
8c69f0c3-2895-4fb7-8399-43a7c4afd669,True,179,"2021, 10, 31, 16, 19, 03"
c827dc33-fb31-43c2-b346-69f4267cea79,False,178,"2021, 10, 31, 16, 19, 09"
3c75f2f1-0bf0-4324-9252-f1419cc70d33,True,100,"2021, 10, 31, 16, 19, 09"
82084af6-7406-4e0f-bc4c-ce112463f782,False,179,"2021, 10, 31, 16, 19, 18"
4ca79783-0307-4135-a219-3b40c548c9b5,True,101,"2021, 10, 31, 16, 19, 18"
fd38f294-1d82-4a82-acf8-e9806fcc3d2e,False,100,"2021, 10, 31, 16, 19, 27"
20dc363f-0584-48e6-b133-c475631a8e67,True,102,"2021, 10, 31, 16, 19, 27"
8b828a34-3ce3-4a35-8d42-ffe7a5cdabf1,False,101,"2021, 10, 31, 16, 19, 33"
830e25a3-471b-4008-b09d-e162f1960add,True,103,"2021, 10, 31, 16, 19, 33"
495b9a59-9deb-44bf-8e60-fac1f4bb5239,False,102,"2021, 10, 31, 16, 19, 39"
3d384f2c-aae9-4ded-b4f2-0cf96a2a3681,True,104,"2021, 10, 31, 16, 19, 39"
4804e881-7836-4449-9c02-676bfe1857c7,False,103,"2021, 10, 31, 16, 19, 45"
e32fad2e-fc0b-4aec-ab02-83d639332289,True,105,"2021, 10, 31, 16, 19, 45"
18b16499-2394-4df5-b64f-7de4bd3fef18,False,104,"2021, 10, 31, 16, 19, 53"
85e827da-e341-4183-bd35-bae81227282c,True,106,"2021, 10, 31, 16, 19, 53"
1fe617c1-8556-4ff0-8a50-96166cf7b659,False,105,"2021, 10, 31, 16, 20, 00"
2f890185-bbeb-44b5-97ec-82d2a6dd35e5,True,107,"2021, 10, 31, 16, 20, 00"
6c10bb78-00d8-46b0-b5d3-8b1a05c46762,False,106,"2021, 10, 31, 16, 20, 06"
0896abca-3bb8-44df-a8ea-91e8a5d0c776,True,108,"2021, 10, 31, 16, 20, 06"
79ed9a6c-8b01-48a4-8a6f-2324abdc1b77,False,107,"2021, 10, 31, 16, 20, 12"
780d21c7-cf12-4127-8065-39d8d3f61858,True,109,"2021, 10, 31, 16, 20, 12"
4fdda1dd-3f72-4735-a761-a299d16d11cc,False,108,"2021, 10, 31, 16, 20, 19"
7ec8eb18-56df-4473-bf7c-32cf3d6b61c0,True,40,"2021, 10, 31, 16, 20, 19"
a885a2d6-9514-4920-a339-9003aacb4bb1,False,109,"2021, 10, 31, 16, 20, 25"
feb85c31-3961-40fa-924c-f50be2b169f9,True,41,"2021, 10, 31, 16, 20, 25"
085165d2-a585-4210-b18c-d81abb4fbb67,False,40,"2021, 10, 31, 16, 20, 31"
53a57565-ce39-4cd8-96a5-42f60937ddb6,True,42,"2021, 10, 31, 16, 20, 31"
bd28ba22-52c6-48eb-8966-76330e8151b5,False,41,"2021, 10, 31, 16, 20, 37"
85577d87-632f-487a-9673-cfc8d30f3049,True,43,"2021, 10, 31, 16, 20, 37"
5e61c401-e48a-43d1-88de-d98884054e1b,False,42,"2021, 10, 31, 16, 20, 44"
7fd12c65-0d03-4156-b0ad-2ba75fe78420,True,44,"2021, 10, 31, 16, 20, 44"
c3df59ff-aaec-4b41-ac48-99287e0b6fb7,False,43,"2021, 10, 31, 16, 20, 50"
12babe50-59e2-4667-9baf-b425fa6a7ef2,True,45,"2021, 10, 31, 16, 20, 50"
71ed224e-a1e5-42a7-a176-bc79e8a5bf10,False,44,"2021, 10, 31, 16, 20, 56"
ab481ce9-4c0d-42d7-884b-d0ec3797f491,True,46,"2021, 10, 31, 16, 20, 56"
b3345319-a47c-4c28-a4f4-2c4f3aa73152,False,45,"2021, 10, 31, 16, 21, 01"
7c23f06a-c7af-4364-b3e3-33abf5882b19,True,47,"2021, 10, 31, 16, 21, 01"
9d96e24f-80f6-4667-ac23-b3c011586e62,False,46,"2021, 10, 31, 16, 21, 07"
e466fc5d-d10d-40e3-a311-e5fc4c217981,True,48,"2021, 10, 31, 16, 21, 07"
39bf23c0-f723-469c-a248-9c5a4eae7deb,False,47,"2021, 10, 31, 16, 21, 14"
84c053c7-f575-46ae-b81f-64f1dcbe8a6b,True,49,"2021, 10, 31, 16, 21, 14"
7083b0f6-c7c4-472f-b45b-9184a9f4bad2,False,48,"2021, 10, 31, 16, 21, 21"
f5a70e4c-3b29-465a-a56e-6e3651bb488f,True,60,"2021, 10, 31, 16, 21, 21"
61bfb58d-66a3-41db-8a11-cca3336175b9,False,49,"2021, 10, 31, 16, 21, 28"
76b29f4b-c3b6-4780-83a3-65b7b7dc9e60,True,61,"2021, 10, 31, 16, 21, 28"
8888f402-af61-46d7-b02f-e1e1e16d4574,False,60,"2021, 10, 31, 16, 21, 34"
63a43592-51de-459d-bc54-c3c7956b4ba5,True,62,"2021, 10, 31, 16, 21, 34"
f8046538-fbe8-435f-ac37-9a3f2605ac63,False,61,"2021, 10, 31, 16, 21, 42"
4ae085de-039e-4d82-8bbc-974b18342faa,True,63,"2021, 10, 31, 16, 21, 42"
dfab73f3-824a-47ff-9f96-876de46fc8e4,False,62,"2021, 10, 31, 16, 21, 48"
9e593435-92a8-41e1-9fb9-f519ee96dc4c,True,64,"2021, 10, 31, 16, 21, 48"
3093a3eb-22a6-464e-892d-5833d174f2a8,False,63,"2021, 10, 31, 16, 21, 54"
7b4a7a13-ad1b-4f42-afe8-43f66216f511,True,65,"2021, 10, 31, 16, 21, 54"
eaf74ca7-e8a0-48c3-9707-6934842b3350,False,64,"2021, 10, 31, 16, 22, 00"
17e9150e-8ee2-4894-8854-190e25b0b24c,True,66,"2021, 10, 31, 16, 22, 00"
a0c15ed4-03c4-4875-8b74-c333abaf9513,False,65,"2021, 10, 31, 16, 22, 06"
ca57bcbf-bbc2-4e95-85ea-136edd50ec9b,True,67,"2021, 10, 31, 16, 22, 06"
a77de89b-b61f-47f9-8802-d0a591330451,False,66,"2021, 10, 31, 16, 22, 12"
9155d383-5fde-45d9-bfcb-2555e4e02e5d,True,68,"2021, 10, 31, 16, 22, 12"
8e8c9ac5-2297-40c8-a845-f1bcb21fcdcc,False,67,"2021, 10, 31, 16, 22, 19"
4532e878-e38f-4e2d-9d28-80f5746b1518,True,69,"2021, 10, 31, 16, 22, 19"
9e892012-0bdb-4935-b04b-4288975323a4,False,68,"2021, 10, 31, 16, 22, 25"
d5f0ac6d-3aa2-43e9-aca0-bfa809601296,True,160,"2021, 10, 31, 16, 22, 25"
e9788ce9-3fc8-491d-a0fd-748e44b6e1c1,False,69,"2021, 10, 31, 16, 22, 33"
266c92e3-5278-4b2b-ac9b-8c540f5f9533,True,161,"2021, 10, 31, 16, 22, 33"
8869baca-e08d-4e67-bd0e-36eb76d2bd37,False,160,"2021, 10, 31, 16, 22, 39"
d8b6a6ae-6e8e-4927-a9bc-6ac41a36e2bd,True,162,"2021, 10, 31, 16, 22, 39"
14110a71-1e4c-4a9b-bcec-f7e9a2d414bc,False,161,"2021, 10, 31, 16, 22, 46"
cdb422d2-0741-4140-9162-357ff561b949,True,163,"2021, 10, 31, 16, 22, 46"
55ed4249-61e2-4e87-b099-724a9f19bb04,False,162,"2021, 10, 31, 16, 22, 52"
928249ce-1afd-41d6-8d92-c4f21475b5fb,True,164,"2021, 10, 31, 16, 22, 52"
38631d0d-6ae1-47f0-b4ef-18bb722a8533,False,163,"2021, 10, 31, 16, 22, 57"
81b3182d-09e3-4ed7-8981-718955197943,True,165,"2021, 10, 31, 16, 22, 57"
5599ee68-f2d3-45d3-a813-23ceb359a1fc,False,164,"2021, 10, 31, 16, 23, 04"
0f9c4431-dded-4c28-912f-35b17814886d,True,166,"2021, 10, 31, 16, 23, 04"
24767156-7978-4300-952e-513c19e5cacc,False,165,"2021, 10, 31, 16, 23, 10"
66472beb-211c-4d2f-82ce-572634b817b9,True,167,"2021, 10, 31, 16, 23, 10"
ef787b8c-4ed6-4c82-8f06-103573e6529c,False,166,"2021, 10, 31, 16, 23, 16"
094b1b53-8c9a-4d42-8a55-f51a90a750a9,True,168,"2021, 10, 31, 16, 23, 16"
3e201db2-722f-4e04-b748-737c5b8e668a,False,167,"2021, 10, 31, 16, 23, 23"
41252f72-a09f-421d-b8cb-5d4ee47efe9f,True,169,"2021, 10, 31, 16, 23, 23"
20841610-b812-44b8-a072-8c676b8e989d,False,168,"2021, 10, 31, 16, 23, 29"
3c9589b3-f8af-4d52-a41d-0ff29c46c519,True,130,"2021, 10, 31, 16, 23, 29"
d8d2168b-367d-4872-84bc-66bbfa9f8aa8,False,169,"2021, 10, 31, 16, 23, 35"
60a87e00-5525-4d8a-80a2-4928bbfd43d5,True,131,"2021, 10, 31, 16, 23, 35"
029f1cb3-35cd-4854-8772-be50f39e8cc7,False,130,"2021, 10, 31, 16, 23, 40"
f61c54d9-ea53-4e0b-b4e3-be034abe286c,True,132,"2021, 10, 31, 16, 23, 40"
e33b4c66-5d3c-41c8-ac33-105f36e623cf,False,131,"2021, 10, 31, 16, 23, 47"
de53c143-d082-4785-b1ab-fa417021e090,True,133,"2021, 10, 31, 16, 23, 47"
75e53620-36a9-4c6b-93bc-7b1942c26d9d,False,132,"2021, 10, 31, 16, 23, 54"
928bee46-2204-49c2-b24b-ca8760594a51,True,134,"2021, 10, 31, 16, 23, 54"
e27db4a5-14d9-4bce-915c-a6824cd337f1,False,133,"2021, 10, 31, 16, 24, 01"
64fc3a19-6c6a-40aa-ac0e-a9f6779bb813,True,135,"2021, 10, 31, 16, 24, 01"
90695ec7-1ce6-4453-8b00-35132f32aa8b,False,134,"2021, 10, 31, 16, 24, 07"
eb9f0b77-1a63-4e9f-987d-4548fdcfa227,True,136,"2021, 10, 31, 16, 24, 07"
b081bd30-9fdb-4fac-ad27-e5e603003787,False,135,"2021, 10, 31, 16, 24, 13"
c5402329-b53b-4304-8293-f7d7f2219f18,True,137,"2021, 10, 31, 16, 24, 13"
4bedf7e7-44a0-4a5d-9fd3-ef808b1516af,False,136,"2021, 10, 31, 16, 24, 20"
b1d147ef-3f6b-47bd-9415-93f2b42f31e3,True,138,"2021, 10, 31, 16, 24, 20"
5bf2ffd9-b106-4156-bcaf-2f7a106931f6,False,137,"2021, 10, 31, 16, 24, 25"
46f2519d-6174-4ed0-81e4-aa0c0a4d06e0,True,139,"2021, 10, 31, 16, 24, 25"
7bee6c11-40e2-4d09-9bd3-c286cae7bb50,False,138,"2021, 10, 31, 16, 24, 31"
9b3f1d5f-7bca-4bfd-8d23-fb2ed5d17a99,True,200,"2021, 10, 31, 16, 24, 31"
9a93f32a-51dd-4ce0-84e6-4e0c60390244,False,139,"2021, 10, 31, 16, 24, 39"
5dc052e9-6b68-401a-9f29-2d50934d47eb,True,201,"2021, 10, 31, 16, 24, 39"
e220f73f-8e4e-4b9f-8ad1-a4608933fd8e,False,200,"2021, 10, 31, 16, 24, 44"
ddb5951f-c03d-4036-ae59-9cf259836ae3,True,202,"2021, 10, 31, 16, 24, 44"
517869c1-385f-4e1f-918d-430a00d1eda5,False,201,"2021, 10, 31, 16, 24, 51"
53f5a5f2-fb48-49c4-86bd-68f75c2e676e,True,203,"2021, 10, 31, 16, 24, 51"
bd6bb458-1396-4242-8268-f3e0e69ef339,False,202,"2021, 10, 31, 16, 24, 57"
dbb45b9a-de7f-4d13-b0c2-e902f5cc6409,True,204,"2021, 10, 31, 16, 24, 57"
8042c056-8e4d-4f3e-b2ae-8708d1ec5cf2,False,203,"2021, 10, 31, 16, 25, 04"
827da441-f3cc-4832-b876-f152dc80edda,True,205,"2021, 10, 31, 16, 25, 04"
c7df94cb-1dd9-4af9-9cac-f3c2a6fe959d,False,204,"2021, 10, 31, 16, 25, 10"
eeddac51-4248-465f-844d-0ae43586f7cd,True,206,"2021, 10, 31, 16, 25, 10"
c2423b73-6120-4f6e-baae-c47220bc6183,False,205,"2021, 10, 31, 16, 25, 15"
91ed50f3-8c51-425f-825f-49c9db67ffa4,True,207,"2021, 10, 31, 16, 25, 15"
e62d5592-1119-45d7-bec8-49262cfa770d,False,206,"2021, 10, 31, 16, 25, 23"
5ec46810-9e95-41f2-92b0-0b7066b20b67,True,208,"2021, 10, 31, 16, 25, 23"
32786572-ccb9-481a-b477-231b2c91faa0,False,207,"2021, 10, 31, 16, 25, 29"
bd82b9c2-10e1-45c2-a20d-131cd00a66b3,True,209,"2021, 10, 31, 16, 25, 29"
57c1a314-364f-4818-a361-1b3ec776f78c,False,208,"2021, 10, 31, 16, 25, 35"
60fac8f0-b0b1-4cd4-bafd-f63d6d871c90,False,209,"2021, 10, 31, 16, 25, 37"
