2b4be51e-997a-465e-9415-a23e894ed442,True,230,"2021, 10, 31, 21, 16, 42"
749ae3af-c248-4b28-8781-40e475ab23f5,False,230,"2021, 10, 31, 21, 16, 42"
fe72ad6e-d4e4-4e6c-ab02-f895ab26dab3,True,231,"2021, 10, 31, 21, 16, 42"
217cca2e-27c9-49cf-803e-1c133d905c6a,False,231,"2021, 10, 31, 21, 16, 44"
25fce80c-eb40-40f1-8fbb-13f0b143fb87,True,232,"2021, 10, 31, 21, 16, 44"
9e822968-1b2e-4b75-a7ca-a0267a39cf0b,False,232,"2021, 10, 31, 21, 16, 46"
e28113f9-019b-4dda-86e6-fac482b9c3d4,True,233,"2021, 10, 31, 21, 16, 46"
80362302-bce9-4ba9-8b9e-0d90c58f92d6,False,233,"2021, 10, 31, 21, 16, 48"
3efe7bc5-37ef-47ad-80f6-57245ae62cd6,True,234,"2021, 10, 31, 21, 16, 48"
cbac03b4-5531-4eb7-ac6b-a173a802fe85,False,234,"2021, 10, 31, 21, 16, 50"
bcc8820c-42b9-41df-b7cc-70442060fc5f,True,235,"2021, 10, 31, 21, 16, 50"
7f433c50-388c-4bb3-8ce2-bbd014b8f16e,False,235,"2021, 10, 31, 21, 16, 52"
a80bfc1f-001d-4ed9-b39b-d01bfd997aaf,True,236,"2021, 10, 31, 21, 16, 52"
eb553152-165b-4789-83b9-168665f3ca4d,False,236,"2021, 10, 31, 21, 16, 54"
2f387a31-7489-427e-8cfc-79c8a6623ce8,True,237,"2021, 10, 31, 21, 16, 54"
a288f6a5-e066-4a97-973d-56518bd67d67,False,237,"2021, 10, 31, 21, 16, 56"
c2ab116d-1f84-474d-b299-91c81db24b14,True,238,"2021, 10, 31, 21, 16, 56"
0fa9cfb6-81d6-47ef-ae23-001b3d2df280,False,238,"2021, 10, 31, 21, 16, 58"
a5ea91c3-0837-4cfd-8417-2a82c6ed8ad2,True,239,"2021, 10, 31, 21, 16, 58"
f6a0c0b0-08df-404c-bac0-a5f51c8bce35,False,239,"2021, 10, 31, 21, 17, 00"
1817cf39-ce4e-4062-82e3-7c026c5dc21a,True,100,"2021, 10, 31, 21, 17, 00"
9215e430-b397-4a09-8780-594bd28193f7,False,100,"2021, 10, 31, 21, 17, 02"
f5391d3c-0800-4aac-b4c5-a47548ba1269,True,101,"2021, 10, 31, 21, 17, 02"
419a749c-cf61-4206-918d-63a3a3cb0baa,False,101,"2021, 10, 31, 21, 17, 04"
a099ce98-81bb-461c-9751-afdb332783a1,True,102,"2021, 10, 31, 21, 17, 04"
b7eb166a-cfc8-4e2a-a79e-0d82af52126e,False,102,"2021, 10, 31, 21, 17, 06"
57711965-f565-4d5d-8097-6c981c9bde92,True,103,"2021, 10, 31, 21, 17, 06"
22e6004e-7642-4c85-a243-9c4e94ed47e7,False,103,"2021, 10, 31, 21, 17, 08"
d54d0030-d9b0-41b6-96b1-f500eaaa101b,True,104,"2021, 10, 31, 21, 17, 08"
73cb5c37-da92-4e94-9970-0b0bc6aa2508,False,104,"2021, 10, 31, 21, 17, 10"
50fa2576-895f-4a3c-a67c-af248856c403,True,105,"2021, 10, 31, 21, 17, 10"
099420e6-3f78-4968-9810-2234b58d0a81,False,105,"2021, 10, 31, 21, 17, 12"
e259d86b-12b7-4fbd-be37-1149e67f1653,True,106,"2021, 10, 31, 21, 17, 12"
6cf0b415-fb8b-4094-997e-f43b47b884f1,False,106,"2021, 10, 31, 21, 17, 14"
7e69308b-9c28-4c39-a70e-d2f68e45bb2a,True,107,"2021, 10, 31, 21, 17, 14"
4bb8bd3a-2ea2-4977-898b-75eac6c488a1,False,107,"2021, 10, 31, 21, 17, 16"
cdd6ff4b-e419-4e0d-ab8e-e28cfc79ae79,True,108,"2021, 10, 31, 21, 17, 16"
24a1d0fb-daa1-4a01-929c-dbcf43283e83,False,108,"2021, 10, 31, 21, 17, 18"
2731f718-cd21-485d-b53b-f20ac06e6de4,True,109,"2021, 10, 31, 21, 17, 18"
420298ca-795b-41ef-88d4-b749fc3803bd,False,109,"2021, 10, 31, 21, 17, 20"
8b6a6728-56b2-4ab2-85b5-a991f4ea156d,True,120,"2021, 10, 31, 21, 17, 20"
006473fa-c4ec-477b-9990-9a46961efa49,False,120,"2021, 10, 31, 21, 17, 22"
8224450d-e6f6-4244-872a-9561677c2aee,True,121,"2021, 10, 31, 21, 17, 22"
33933101-41cf-4330-b3c5-ef1e9c12e1c8,False,121,"2021, 10, 31, 21, 17, 24"
0b61af92-c659-48ca-a49e-92057995e35e,True,122,"2021, 10, 31, 21, 17, 24"
1ab5f713-8d39-4491-a556-dc09227f1a75,False,122,"2021, 10, 31, 21, 17, 26"
cd2e910b-112f-4ad6-9a83-2a800a83d2b8,True,123,"2021, 10, 31, 21, 17, 26"
af97b3de-4d08-4b19-b0a1-1aa7edb540ea,False,123,"2021, 10, 31, 21, 17, 29"
c51e97f7-7eaf-4b08-9f6a-729bbe6f5123,True,124,"2021, 10, 31, 21, 17, 29"
19fc8a8e-536e-458a-bec6-b802d4f27a8c,False,124,"2021, 10, 31, 21, 17, 31"
9d3c7cf7-069e-4564-aada-eac150712f88,True,125,"2021, 10, 31, 21, 17, 31"
95e71a67-bc5e-494b-bc1d-1162a542a33b,False,125,"2021, 10, 31, 21, 17, 33"
843e3c9e-a7eb-48ab-a746-3f0ca715948c,True,126,"2021, 10, 31, 21, 17, 33"
c8e0dd5c-2a1f-4030-a37a-cac9ad2ea4d8,False,126,"2021, 10, 31, 21, 17, 35"
cc33a0a5-e9f1-4fd7-80be-c8345839b715,True,127,"2021, 10, 31, 21, 17, 35"
09b5d4f8-4036-42c6-a03f-62faf57f6868,False,127,"2021, 10, 31, 21, 17, 37"
bc87a352-92c6-4c70-9ce7-f4e9c761a5f4,True,128,"2021, 10, 31, 21, 17, 37"
1e62f56f-43b1-4bcd-9257-7456856acbe4,False,128,"2021, 10, 31, 21, 17, 39"
de274807-4dfb-437a-acf4-9c09340092a4,True,129,"2021, 10, 31, 21, 17, 39"
a7b8dfc1-babd-4b3b-89b6-421ae2dd34ba,False,129,"2021, 10, 31, 21, 17, 41"
c3da6cb6-a9f4-436a-a471-1eab597a7147,True,70,"2021, 10, 31, 21, 17, 41"
3e9cdad8-82b9-4947-8cc4-edc736d049cc,False,70,"2021, 10, 31, 21, 17, 43"
4b77de67-6ba4-463c-842e-46eb8c93e0ff,True,71,"2021, 10, 31, 21, 17, 43"
7e14ba45-446d-44c4-a3e4-734a1f42192c,False,71,"2021, 10, 31, 21, 17, 45"
d19b5434-64e2-488f-b6ae-35220f6269f6,True,72,"2021, 10, 31, 21, 17, 45"
6307e04e-0213-438c-86ea-85b3bc6e07fc,False,72,"2021, 10, 31, 21, 17, 47"
5e52711d-c6b5-47e2-8482-2563c4664a56,True,73,"2021, 10, 31, 21, 17, 47"
288bd8b2-37dd-420a-9ed3-6085152997cb,False,73,"2021, 10, 31, 21, 17, 49"
780b0c26-5cb3-47f0-acca-f6d30b1985a6,True,74,"2021, 10, 31, 21, 17, 49"
3761e420-435b-4b5d-8bdf-3aab526bbbf6,False,74,"2021, 10, 31, 21, 17, 51"
08d0bfef-fc37-4327-b4e7-c389a3a767b9,True,75,"2021, 10, 31, 21, 17, 51"
17c90080-c683-4504-b6cd-4ca5d53162c8,False,75,"2021, 10, 31, 21, 17, 53"
1cca0c36-7b59-498d-b468-f90441c0f1e6,True,76,"2021, 10, 31, 21, 17, 53"
025e79b0-4bc2-49df-910a-b0f523274cc9,False,76,"2021, 10, 31, 21, 17, 55"
65de5eca-a7b3-463f-af5e-5a7b0e15b9b3,True,77,"2021, 10, 31, 21, 17, 55"
b893821e-91ba-4154-b896-728d4d87137d,False,77,"2021, 10, 31, 21, 17, 57"
467ffb44-f7b1-41df-a6f7-f8ca9a4c2ccd,True,78,"2021, 10, 31, 21, 17, 57"
c9af4f79-46ea-480a-b495-9b34250642ca,False,78,"2021, 10, 31, 21, 17, 59"
8f498b32-fab2-4bd2-9bdd-b8456c437392,True,79,"2021, 10, 31, 21, 17, 59"
4b1bb832-7687-4fdb-a223-b8407e5c5b5c,False,79,"2021, 10, 31, 21, 18, 01"
11ebc0e2-1387-47a3-b29e-84ec8a1927a1,True,60,"2021, 10, 31, 21, 18, 01"
e58bcae3-c426-49eb-b409-75ede69c9016,False,60,"2021, 10, 31, 21, 18, 03"
95b9747c-a6cb-4302-a169-2865a1fd28d7,True,61,"2021, 10, 31, 21, 18, 03"
863e4bf8-ae39-4899-a90a-9e05ac6feac5,False,61,"2021, 10, 31, 21, 18, 05"
466e2978-53ac-4896-a997-37b784ad139f,True,62,"2021, 10, 31, 21, 18, 05"
d7e15695-a354-431e-a192-422458d75e6d,False,62,"2021, 10, 31, 21, 18, 08"
cdd4bc73-57b1-448e-a5b5-11b4598764fd,True,63,"2021, 10, 31, 21, 18, 08"
33c60aa8-cbe4-47ca-bf85-2df186becae3,False,63,"2021, 10, 31, 21, 18, 10"
b94edab4-c3f5-432d-8100-26aa00f82bc3,True,64,"2021, 10, 31, 21, 18, 10"
a4cafbd3-6c13-4621-8f8d-8b3b43035bc7,False,64,"2021, 10, 31, 21, 18, 12"
566f3ef1-ea27-4bbe-aeb4-a60596ae7b5a,True,65,"2021, 10, 31, 21, 18, 12"
1c2f5f7f-11ec-493b-bcf5-a4da570fa657,False,65,"2021, 10, 31, 21, 18, 14"
457e8f2e-9229-4c1d-8855-99e7802bc9a3,True,66,"2021, 10, 31, 21, 18, 14"
9f1215f3-02ee-4eb0-9ec4-00837f412b62,False,66,"2021, 10, 31, 21, 18, 16"
163bbe71-3c85-4185-b745-6ee15ae17321,True,67,"2021, 10, 31, 21, 18, 16"
48a254e7-cc6f-40ed-a556-d424ed03c620,False,67,"2021, 10, 31, 21, 18, 18"
64618740-b409-4f81-9437-743ea6f5afc5,True,68,"2021, 10, 31, 21, 18, 18"
6aa39be5-ee29-4680-9ed3-93c24ded2220,False,68,"2021, 10, 31, 21, 18, 20"
53de478e-44eb-420c-9479-55f4e3a6743c,True,69,"2021, 10, 31, 21, 18, 20"
3d40b314-f1f5-491c-984c-a81c95070987,False,69,"2021, 10, 31, 21, 18, 22"
9419321f-e513-4897-9cd9-5f3ba77cea0d,True,20,"2021, 10, 31, 21, 18, 22"
e11fae7c-4dcb-4c5f-9436-8e154ea7a0d5,False,20,"2021, 10, 31, 21, 18, 24"
ac5bbc25-ec34-47da-8d85-89af4ffb90e9,True,21,"2021, 10, 31, 21, 18, 24"
632b153d-c364-467b-b8a8-770fa2919ccf,False,21,"2021, 10, 31, 21, 18, 26"
3d4f9b16-0ef9-4adc-9e50-71c8404d49ce,True,22,"2021, 10, 31, 21, 18, 26"
bdf3c8bd-d3a3-4460-b856-11e54ff60f5b,False,22,"2021, 10, 31, 21, 18, 28"
d4973189-f07e-4d00-bbfb-0cb64165e03c,True,23,"2021, 10, 31, 21, 18, 28"
988d5a89-02ee-4e37-95bb-e641a19dfe4f,False,23,"2021, 10, 31, 21, 18, 30"
2212334f-546a-429b-8637-31c8a0647ee9,True,24,"2021, 10, 31, 21, 18, 30"
c735a1b8-63f6-4dbd-a9e2-2b9d8e6d49bc,False,24,"2021, 10, 31, 21, 18, 32"
089d8899-a1d7-4d9f-bb10-6c1e8a99e94a,True,25,"2021, 10, 31, 21, 18, 32"
8031ec4c-aa68-44d0-9a0f-d370460d36e8,False,25,"2021, 10, 31, 21, 18, 34"
4aba7dc1-a7d9-4539-8b19-37b4bf9d9341,True,26,"2021, 10, 31, 21, 18, 34"
5f0f10da-1cce-495f-898d-37f0464d8822,False,26,"2021, 10, 31, 21, 18, 36"
ecee056f-3ed5-497c-9202-ec6728e75ce4,True,27,"2021, 10, 31, 21, 18, 36"
1d97f4d2-f0a6-45bb-8d8e-2ee13755eee3,False,27,"2021, 10, 31, 21, 18, 38"
4d523a71-8080-4f2e-9071-d30660f598bd,True,28,"2021, 10, 31, 21, 18, 38"
d87c405e-29ef-4eb3-87ff-6d1e3a8c1aae,False,28,"2021, 10, 31, 21, 18, 40"
d97dd1de-5b2d-4c17-b912-0079e15e1bff,True,29,"2021, 10, 31, 21, 18, 40"
ff1fd487-8c81-4714-914f-9abbd1fda0d2,False,29,"2021, 10, 31, 21, 18, 43"
abdf077b-5faf-40e9-9ecb-4ff6af0916e4,True,90,"2021, 10, 31, 21, 18, 43"
080ac221-93bd-44d9-a574-7dfc47763cf5,False,90,"2021, 10, 31, 21, 18, 45"
6a5f15a8-10d1-46e9-b3a1-0c8b1715a6c3,True,91,"2021, 10, 31, 21, 18, 45"
f25fa183-dafa-4c98-8684-aa375495fdd8,False,91,"2021, 10, 31, 21, 18, 47"
30587e85-e8bc-4d3b-a85e-0a7d3f071ee2,True,92,"2021, 10, 31, 21, 18, 47"
fd60ebfb-0a08-4eaf-b18b-15bb41a8249e,False,92,"2021, 10, 31, 21, 18, 49"
fda4bddf-8da6-47a3-a54c-aed545913b58,True,93,"2021, 10, 31, 21, 18, 49"
1bcda6a7-1c18-42d4-a7d6-69c4261df472,False,93,"2021, 10, 31, 21, 18, 51"
0d65f040-2c7b-4947-8104-56e41f313c68,True,94,"2021, 10, 31, 21, 18, 51"
e3a7c0f3-df82-4585-9d32-7a02261f1ff9,False,94,"2021, 10, 31, 21, 18, 53"
cec44142-af2c-4e76-bd15-4eb95b5cdd45,True,95,"2021, 10, 31, 21, 18, 53"
102271d9-d58d-459f-b917-ddd5a4b62588,False,95,"2021, 10, 31, 21, 18, 55"
a45aa949-1855-4593-a97b-963c99de2a76,True,96,"2021, 10, 31, 21, 18, 55"
1d2ee025-e026-4bf4-ad2c-cc21d4247a8d,False,96,"2021, 10, 31, 21, 18, 58"
fd7ffd4c-14fe-4f75-aff5-144b16be05ea,True,97,"2021, 10, 31, 21, 18, 58"
0728e836-7efc-4094-8738-754dfe8e59a2,False,97,"2021, 10, 31, 21, 19, 00"
9b4bff17-8b36-43b0-98f2-5cd96652a1e5,True,98,"2021, 10, 31, 21, 19, 00"
7e720f55-46c9-4643-9e2a-988f0800bc22,False,98,"2021, 10, 31, 21, 19, 02"
de62e7a5-823d-4ea2-86d2-5aa353774410,True,99,"2021, 10, 31, 21, 19, 02"
ddc43ec2-1424-4944-b66f-4b4b4d807118,False,99,"2021, 10, 31, 21, 19, 04"
f3fead95-ab57-4b87-bb20-4274698df230,True,160,"2021, 10, 31, 21, 19, 04"
ce30e5d4-754a-47e6-9a67-5a0562dbc147,False,160,"2021, 10, 31, 21, 19, 06"
15f44d00-a5f9-4aa9-8d6d-61378c86f18c,True,161,"2021, 10, 31, 21, 19, 06"
8f31daa4-6046-4d85-9e37-501536769e31,False,161,"2021, 10, 31, 21, 19, 08"
17d132b2-53a1-4f2b-8b15-142af1d03823,True,162,"2021, 10, 31, 21, 19, 08"
3de995d7-78a6-4a21-8ee7-8ce9bfcb2cc8,False,162,"2021, 10, 31, 21, 19, 10"
eac4b039-d99a-4f7a-8ae1-284d37695b7c,True,163,"2021, 10, 31, 21, 19, 10"
33462b2a-77a1-4345-a8f1-bdeb453c1670,False,163,"2021, 10, 31, 21, 19, 12"
83590e83-1406-4843-9d22-d60e0e2e4d9c,True,164,"2021, 10, 31, 21, 19, 12"
4e228dc9-1f3b-4e96-8a08-053dd7928ef8,False,164,"2021, 10, 31, 21, 19, 14"
ae4939c7-d85b-4cb4-b973-cacc38bf2095,True,165,"2021, 10, 31, 21, 19, 14"
438457f2-b432-4393-8340-b63257c6d88c,False,165,"2021, 10, 31, 21, 19, 17"
cf3aa660-d79f-4fe0-8951-02a4813ea51c,True,166,"2021, 10, 31, 21, 19, 17"
d8da0758-23d0-4837-b266-cfb76712bc07,False,166,"2021, 10, 31, 21, 19, 19"
85cc3458-bb1b-43dd-810e-bdf32c0bc99f,True,167,"2021, 10, 31, 21, 19, 19"
8fecd16a-5a11-4375-a379-8ccb472ef6aa,False,167,"2021, 10, 31, 21, 19, 21"
894d7867-58bd-4c5b-a9f3-bc59c95f8adf,True,168,"2021, 10, 31, 21, 19, 21"
f3300087-d11c-4df0-a361-389304f4ab15,False,168,"2021, 10, 31, 21, 19, 23"
3e6e8624-8525-43c9-b7c8-787a0f364e5e,True,169,"2021, 10, 31, 21, 19, 23"
e9abec37-af37-43a0-ba92-e12cb60fc286,False,169,"2021, 10, 31, 21, 19, 25"
72593b2a-bacb-47a2-89ae-1c77ce9f634a,True,110,"2021, 10, 31, 21, 19, 25"
f595704d-d754-4705-a7f7-ac807949360a,False,110,"2021, 10, 31, 21, 19, 27"
85b63b1d-0ed1-4d00-95cd-4d7def2dae04,True,111,"2021, 10, 31, 21, 19, 27"
a7dd0ecf-d92a-48b4-b7fc-65a7ab0835a0,False,111,"2021, 10, 31, 21, 19, 29"
a98767b2-d6fd-4bf5-b291-73bebd6ce72e,True,112,"2021, 10, 31, 21, 19, 29"
b730db9f-356f-4a1f-bb56-63d30dcbafa2,False,112,"2021, 10, 31, 21, 19, 31"
5cc961b9-0bfe-4dff-8075-348689844a6e,True,113,"2021, 10, 31, 21, 19, 31"
398e4a37-a391-4662-9331-4a6c8654cbaf,False,113,"2021, 10, 31, 21, 19, 33"
beac7f0d-1b15-4773-955e-d07f8ab4656f,True,114,"2021, 10, 31, 21, 19, 33"
76ff26ed-5877-46ae-a5fa-d7034320d9d5,False,114,"2021, 10, 31, 21, 19, 35"
011a2d95-dbdd-40b9-b271-9aa4231f1bb4,True,115,"2021, 10, 31, 21, 19, 35"
a4e5e9e1-e710-46e5-8162-8b0ff514b43e,False,115,"2021, 10, 31, 21, 19, 37"
4a48da3a-8acb-4b08-9bce-abed644a7b77,True,116,"2021, 10, 31, 21, 19, 37"
bfa8d87e-c773-4420-808c-6692f382bdf7,False,116,"2021, 10, 31, 21, 19, 39"
d451c813-62fb-4e38-bcc5-b0a2c23b0557,True,117,"2021, 10, 31, 21, 19, 39"
e834293c-2b1a-46f1-86ae-0c3b77c54b1a,False,117,"2021, 10, 31, 21, 19, 41"
eb740e07-566b-4ee8-a726-559aefefca02,True,118,"2021, 10, 31, 21, 19, 41"
2891a7f3-c7fd-4e36-b149-cd8de707a37d,False,118,"2021, 10, 31, 21, 19, 43"
bb5a887b-5c00-42cc-8bba-68739aa9863d,True,119,"2021, 10, 31, 21, 19, 43"
d32c4ce1-2b21-4937-809a-79ccdb8ed8d8,False,119,"2021, 10, 31, 21, 19, 45"
4eac20bd-a054-455e-a0ca-a16c77c92bef,True,220,"2021, 10, 31, 21, 19, 45"
638c0175-c98b-4b3b-8396-1b16f810411b,False,220,"2021, 10, 31, 21, 19, 48"
a731a98f-6302-46e7-91bd-7ac7645f0a1a,True,221,"2021, 10, 31, 21, 19, 48"
e6c56d1c-a8e0-4def-9746-ab70c5672455,False,221,"2021, 10, 31, 21, 19, 50"
1155da17-ffe5-4c06-89ff-6373cbeee778,True,222,"2021, 10, 31, 21, 19, 50"
2514bab4-a288-4432-a0e8-bce9eb794c24,False,222,"2021, 10, 31, 21, 19, 52"
25cb0a87-beba-44d6-840e-399075aafb55,True,223,"2021, 10, 31, 21, 19, 52"
6b55e321-f5d9-4bfb-98b8-0759faa0ce96,False,223,"2021, 10, 31, 21, 19, 54"
a46f97d8-0f0a-4f5f-bec2-7f51378c5653,True,224,"2021, 10, 31, 21, 19, 54"
626996a2-3fdb-4bf9-af44-86b1394abec7,False,224,"2021, 10, 31, 21, 19, 56"
9f5c95c3-e200-46f1-8fe7-e167f5547e44,True,225,"2021, 10, 31, 21, 19, 56"
44fd1a50-46e2-4a8e-928c-295992ada85e,False,225,"2021, 10, 31, 21, 19, 58"
5b87f67b-481f-47ac-b690-f8a9cefae185,True,226,"2021, 10, 31, 21, 19, 58"
ebf7a9ba-52b1-45f5-b3d4-c87d4a434562,False,226,"2021, 10, 31, 21, 20, 00"
cf0e1389-17e9-42ff-ac0f-d5e2c5945e03,True,227,"2021, 10, 31, 21, 20, 00"
48204c25-5484-48a4-b774-396603289b0b,False,227,"2021, 10, 31, 21, 20, 02"
0bfccc17-82fb-44c0-851e-6ba32d52b230,True,228,"2021, 10, 31, 21, 20, 02"
bacafe80-9815-4bcd-a440-08e632990cbd,False,228,"2021, 10, 31, 21, 20, 04"
9c14fc14-36ee-458d-8cb1-0e71b634eb5f,True,229,"2021, 10, 31, 21, 20, 04"
4076a2b0-0c23-42ec-a69d-66b7611153d5,False,229,"2021, 10, 31, 21, 20, 06"
d0e18a42-53f1-40e1-a09a-08499e032b5d,True,210,"2021, 10, 31, 21, 20, 06"
0ea943e9-9c27-47a5-abdd-55c8839e31fd,False,210,"2021, 10, 31, 21, 20, 08"
f752cb6f-7fa6-4438-88a6-b85fdcbef40c,True,211,"2021, 10, 31, 21, 20, 08"
0ea2b006-7ae5-4b34-b2b0-f94b3c9aea7d,False,211,"2021, 10, 31, 21, 20, 10"
f5023da5-083e-47c9-8713-fd5261777206,True,212,"2021, 10, 31, 21, 20, 10"
103a6d85-47ac-482d-9e15-5a78e162a330,False,212,"2021, 10, 31, 21, 20, 12"
c5bd0e01-7945-47a4-afe6-4001a04228da,True,213,"2021, 10, 31, 21, 20, 12"
f769b9d2-d55d-4680-9949-230d705a73e2,False,213,"2021, 10, 31, 21, 20, 14"
a7f0b09d-9e78-4212-91bc-7ba3115d72d6,True,214,"2021, 10, 31, 21, 20, 14"
cc44cbb9-b5fa-487a-ba23-bdf0f060d21e,False,214,"2021, 10, 31, 21, 20, 16"
b3a937ce-d722-4708-9d2f-4959a0fda0c1,True,215,"2021, 10, 31, 21, 20, 16"
34544863-6bbe-4b21-921f-b49a052e7d48,False,215,"2021, 10, 31, 21, 20, 18"
9791ceb4-99c8-4d38-8893-ecc987b94280,True,216,"2021, 10, 31, 21, 20, 18"
a5248bf0-42d8-4315-883a-8a18d1d8001d,False,216,"2021, 10, 31, 21, 20, 20"
820f4c59-e5cd-42ef-b33a-975d621035cf,True,217,"2021, 10, 31, 21, 20, 20"
543381fb-c7ad-4f5d-a7bd-321809b74340,False,217,"2021, 10, 31, 21, 20, 22"
c8ed18e0-a889-4f79-b05e-2abe24290b04,True,218,"2021, 10, 31, 21, 20, 22"
ed43d745-b04b-406f-a191-047c651f105a,False,218,"2021, 10, 31, 21, 20, 24"
693cd978-cda7-48d5-8567-5cedfe081155,True,219,"2021, 10, 31, 21, 20, 24"
4bec52d8-33e6-43b0-9c65-654107423748,False,219,"2021, 10, 31, 21, 20, 26"
b04ed1c7-71df-45d9-b471-da7c59b1cea9,True,10,"2021, 10, 31, 21, 20, 26"
133f8083-1427-449c-860b-1f9558f591cb,False,10,"2021, 10, 31, 21, 20, 28"
6ef293eb-99e8-4080-902b-c8715012f2e3,True,11,"2021, 10, 31, 21, 20, 28"
4aa59a16-9ec2-4ab1-95ba-3cc59eef11d1,False,11,"2021, 10, 31, 21, 20, 31"
cefa0b95-a531-4c0c-ac7d-4ff733f472a5,True,12,"2021, 10, 31, 21, 20, 31"
f3e49edb-34a6-4578-871d-c6816c917331,False,12,"2021, 10, 31, 21, 20, 34"
5fbb938b-6e2a-43ac-bda4-11da11ce91ce,True,13,"2021, 10, 31, 21, 20, 34"
fb10ea90-35d1-4ae0-a6d6-850406576abc,False,13,"2021, 10, 31, 21, 20, 37"
5cd29574-60c4-4e7e-aac7-1774e899c348,True,14,"2021, 10, 31, 21, 20, 37"
bb80167d-94a9-46b6-9c88-74216af5eadf,False,14,"2021, 10, 31, 21, 20, 39"
d07f4223-b1e2-44ac-966b-6aaa12d6e3e0,True,15,"2021, 10, 31, 21, 20, 39"
855d3a64-7604-4380-9903-f848bcdfadb5,False,15,"2021, 10, 31, 21, 20, 42"
961c0fa1-6946-4c16-93e7-8ad51463d4f9,True,16,"2021, 10, 31, 21, 20, 42"
7a7ab8d1-dd9a-4969-8af7-0221703bfb5b,False,16,"2021, 10, 31, 21, 20, 44"
4a62daeb-8209-40ed-95ca-6ba1f4fcfd95,True,17,"2021, 10, 31, 21, 20, 44"
ae1c8675-25df-4197-9241-3e3bdb3fc32c,False,17,"2021, 10, 31, 21, 20, 46"
05ab026a-e671-4438-8316-749d9c91547c,True,18,"2021, 10, 31, 21, 20, 46"
f8c7a691-892f-4068-b1cd-7670cdcc33d5,False,18,"2021, 10, 31, 21, 20, 49"
8a93b056-5ea5-48ab-b656-8c32d52a17c9,True,19,"2021, 10, 31, 21, 20, 49"
ef24f43e-b6fe-4d5a-a3e9-d4179bc9c128,False,19,"2021, 10, 31, 21, 20, 51"
cefb07a1-6030-4b86-ab83-9f8e29d35e4c,True,40,"2021, 10, 31, 21, 20, 51"
9e52bb03-04e0-4cf2-81aa-77d4a96d05e7,False,40,"2021, 10, 31, 21, 20, 54"
d6bed17f-193e-4cfe-86f8-98f182d7973e,True,41,"2021, 10, 31, 21, 20, 54"
8c599d95-9316-419f-aa25-1f514efc3c99,False,41,"2021, 10, 31, 21, 20, 56"
e35e18d0-fc15-4675-8dd6-b2051fa7c3bb,True,42,"2021, 10, 31, 21, 20, 56"
dba2939c-725b-41e8-bed0-cfaa6849b08b,False,42,"2021, 10, 31, 21, 20, 58"
82c7af57-b322-42d6-b74a-6bd02237dbd0,True,43,"2021, 10, 31, 21, 20, 58"
183443af-20cd-4594-b1ef-3324c4ed19ea,False,43,"2021, 10, 31, 21, 21, 00"
a435773b-99e2-4e9b-8d5c-ad86f69da15c,True,44,"2021, 10, 31, 21, 21, 00"
3e989a2d-e928-40ed-83eb-5c007363576e,False,44,"2021, 10, 31, 21, 21, 03"
5da6bf5b-0969-4688-95fd-fee580f6f7b8,True,45,"2021, 10, 31, 21, 21, 03"
9d9e6c26-5e1c-4d8c-bafa-488931b0fa3d,False,45,"2021, 10, 31, 21, 21, 05"
ece72aea-1eaf-4b20-8fdf-a2300b547933,True,46,"2021, 10, 31, 21, 21, 05"
92123d32-1b43-444b-91aa-a152cf5554e3,False,46,"2021, 10, 31, 21, 21, 07"
3e99c8f9-01e6-4b07-8dde-392e269ce98b,True,47,"2021, 10, 31, 21, 21, 07"
66c6600f-c4d5-4176-8ccd-051cef438321,False,47,"2021, 10, 31, 21, 21, 09"
af89b6bf-c079-4d98-8b2e-56bc1f3b4f4d,True,48,"2021, 10, 31, 21, 21, 09"
1abb6bc6-4523-41b5-9d5a-89caa663ec38,False,48,"2021, 10, 31, 21, 21, 11"
fe50ff07-b22a-4dfd-91d5-18199c944cbf,True,49,"2021, 10, 31, 21, 21, 11"
d829aa50-8339-4669-9ef1-89c261ab4350,False,49,"2021, 10, 31, 21, 21, 13"
e942c53a-ff72-4487-91ab-772ab985f05e,True,240,"2021, 10, 31, 21, 21, 13"
0aa25985-6724-458b-a004-1c073471288f,False,240,"2021, 10, 31, 21, 21, 15"
2cfa674d-fc21-41c5-9511-c6d177383bd9,True,241,"2021, 10, 31, 21, 21, 15"
2bd4d31a-0a88-4db0-ad9a-84250a7ea312,False,241,"2021, 10, 31, 21, 21, 17"
9a301001-bec7-40e1-a141-6ef0cae4212b,True,242,"2021, 10, 31, 21, 21, 17"
8f18e2d6-bdde-4561-a86b-12e7dce81428,False,242,"2021, 10, 31, 21, 21, 19"
df714d42-3f55-4f3f-8892-86e7aadb9879,True,243,"2021, 10, 31, 21, 21, 19"
593defca-a983-44dc-8ad9-481291817ec4,False,243,"2021, 10, 31, 21, 21, 22"
61db4904-c7e0-4e96-9209-d585e1592881,True,244,"2021, 10, 31, 21, 21, 22"
6bfca8a6-51ae-466f-a9b3-46b928e13858,False,244,"2021, 10, 31, 21, 21, 24"
60981fa1-b4c5-4573-a953-eb86688656d2,True,245,"2021, 10, 31, 21, 21, 24"
8a27e645-9150-4adf-8f7f-aea8731db62a,False,245,"2021, 10, 31, 21, 21, 26"
c01ff59c-e29c-4c4e-9a50-1cd8b1f8820a,True,130,"2021, 10, 31, 21, 21, 26"
d1c92d0d-b9c0-4d21-bb0a-87569def1d1a,False,130,"2021, 10, 31, 21, 21, 28"
9838ae29-04e7-4ad1-85d4-4d252905515f,True,131,"2021, 10, 31, 21, 21, 28"
16811f50-8cb2-4477-8697-bc191a4867a0,False,131,"2021, 10, 31, 21, 21, 30"
19ba564f-a703-4e69-ae87-7fa5255c2ea2,True,132,"2021, 10, 31, 21, 21, 30"
bc94699a-4db1-4c46-b2f1-84d5cf848b64,False,132,"2021, 10, 31, 21, 21, 32"
9f71f786-e162-4b1e-a77a-ffdc02f3c301,True,133,"2021, 10, 31, 21, 21, 32"
e5dc190a-806c-4d0f-ae37-39711f9eec39,False,133,"2021, 10, 31, 21, 21, 34"
1d61c94f-b69a-41bc-b565-554e31b1cbe8,True,134,"2021, 10, 31, 21, 21, 34"
90c26b82-4407-436d-b697-6d3ada9bf748,False,134,"2021, 10, 31, 21, 21, 36"
e447dd8a-e1c3-4b0b-9517-c73550d0650f,True,135,"2021, 10, 31, 21, 21, 36"
f63a7570-101b-44bc-b2ae-00710207327a,False,135,"2021, 10, 31, 21, 21, 38"
bc5f4d9e-c72b-47c3-9282-9923d60ba7ba,True,136,"2021, 10, 31, 21, 21, 38"
be9699d6-760c-4314-82e0-9f511549fc5e,False,136,"2021, 10, 31, 21, 21, 40"
c6541674-df32-448b-a2bc-d51d0510b6e6,True,137,"2021, 10, 31, 21, 21, 40"
c427ca63-1122-449a-a727-18ea80d598ea,False,137,"2021, 10, 31, 21, 21, 42"
78ec6ca6-3c62-4e2d-8389-5c16fddb522f,True,138,"2021, 10, 31, 21, 21, 42"
4cb02ff1-4409-48bb-b72d-b587b3ce697e,False,138,"2021, 10, 31, 21, 21, 44"
ca47d8c9-6ee8-4bc2-b419-0fe349388254,True,139,"2021, 10, 31, 21, 21, 44"
bc225eaa-4764-4b03-a987-bad88e16ff1a,False,139,"2021, 10, 31, 21, 21, 46"
9270ea61-917e-4edb-9aec-a2f3bfe78687,True,80,"2021, 10, 31, 21, 21, 46"
8d07edff-6a59-4b0a-90e7-e37d3f3de889,False,80,"2021, 10, 31, 21, 21, 49"
1ae8de6d-5116-45ae-a53a-7e1b102a566d,True,81,"2021, 10, 31, 21, 21, 49"
3ec73bc3-f09f-4901-80da-b89debf2047e,False,81,"2021, 10, 31, 21, 21, 51"
c393c3a2-acd9-4576-a12b-d2feaa8be6c5,True,82,"2021, 10, 31, 21, 21, 51"
dbac71fd-d434-4503-9c4e-c88516c6a120,False,82,"2021, 10, 31, 21, 21, 53"
f8895124-0eb4-4f25-bd26-d457fd47b359,True,83,"2021, 10, 31, 21, 21, 53"
e3ee218e-206a-4806-9ec9-b40f0ab307d0,False,83,"2021, 10, 31, 21, 21, 55"
292ffebb-2e68-4cd4-870b-6df6e80bd8ae,True,84,"2021, 10, 31, 21, 21, 55"
ea40eb37-d18a-45cf-8036-3491c9ddd953,False,84,"2021, 10, 31, 21, 21, 57"
b8025490-f19e-48cb-bdc7-6ef62572b59f,True,85,"2021, 10, 31, 21, 21, 57"
ac794fdc-038f-4a63-8140-78985e68b0dd,False,85,"2021, 10, 31, 21, 21, 59"
b5b3ab69-e011-416b-afad-0234fef5820f,True,86,"2021, 10, 31, 21, 21, 59"
1f18372c-0164-407b-9a04-1a070cabd0f7,False,86,"2021, 10, 31, 21, 22, 02"
ce06051b-4a8c-4ba4-a1cb-99d949920a4d,True,87,"2021, 10, 31, 21, 22, 02"
ae5362e4-4233-42e9-a652-e5be914c99b8,False,87,"2021, 10, 31, 21, 22, 04"
5a1a22db-bd15-4fbe-9972-18dd30330b81,True,88,"2021, 10, 31, 21, 22, 04"
d7f6eace-8cc3-4d9a-a218-6c094eaaf4f1,False,88,"2021, 10, 31, 21, 22, 06"
48c5bfd2-2aff-4de3-a202-40418b164626,True,89,"2021, 10, 31, 21, 22, 06"
ed269e19-fe87-465a-8e0a-400c3166bb08,False,89,"2021, 10, 31, 21, 22, 08"
8004f79f-bb95-42f1-9e1c-f2c9ca70ddca,True,180,"2021, 10, 31, 21, 22, 08"
eb5624d3-4f81-40c9-b88d-68c8043bda0e,False,180,"2021, 10, 31, 21, 22, 10"
764269f5-3c6a-45da-8802-965617eee71b,True,181,"2021, 10, 31, 21, 22, 10"
e63ea888-3ba9-4e6f-a5f7-3423f7953563,False,181,"2021, 10, 31, 21, 22, 12"
39b3381f-ad49-43e8-8266-a10d8417f880,True,182,"2021, 10, 31, 21, 22, 12"
22e4ef79-e3e7-4799-b3d2-5f189a9cc479,False,182,"2021, 10, 31, 21, 22, 14"
f1e92136-9d3c-4a14-b627-fa6e9eab86c2,True,183,"2021, 10, 31, 21, 22, 14"
be8463c6-946f-4843-a01d-98d0519d0641,False,183,"2021, 10, 31, 21, 22, 16"
35cf03fb-36e7-4296-ace5-1ce89a8c8c30,True,184,"2021, 10, 31, 21, 22, 16"
fd7b2aba-d971-49e4-91ca-b44b20778404,False,184,"2021, 10, 31, 21, 22, 18"
03d01303-3646-4446-a463-584245eaae36,True,185,"2021, 10, 31, 21, 22, 18"
a5ed2d74-1b1a-41af-bdb6-03b245728852,False,185,"2021, 10, 31, 21, 22, 20"
4ad8defc-18a4-442e-b25b-efa5c1f3919c,True,186,"2021, 10, 31, 21, 22, 20"
9b3f3fc8-3689-4f8b-b504-ea8f0aa3dba2,False,186,"2021, 10, 31, 21, 22, 22"
8b883b72-7806-4772-bcc5-b3761b11106c,True,187,"2021, 10, 31, 21, 22, 22"
ee09915b-cd5d-4d7e-a919-549e69483955,False,187,"2021, 10, 31, 21, 22, 24"
41a1eb52-71f2-422f-91e2-895e3f6f5866,True,188,"2021, 10, 31, 21, 22, 24"
c34c05a4-a785-4ec8-a362-cf648a6b6225,False,188,"2021, 10, 31, 21, 22, 26"
3c0dd7d1-4969-4fd2-9b42-ebb81f646b14,True,189,"2021, 10, 31, 21, 22, 26"
a6fa575c-8be3-4964-b645-c1afe76b071e,False,189,"2021, 10, 31, 21, 22, 28"
aacedf52-2fc0-408c-ad96-31185e9e1546,True,246,"2021, 10, 31, 21, 22, 28"
591ba840-3ebd-4986-8bf3-7e21e72598c0,False,246,"2021, 10, 31, 21, 22, 30"
412ebdb6-db47-46c3-9d28-313c72eff1f8,True,247,"2021, 10, 31, 21, 22, 30"
4f02180d-7d8e-4bcf-ab0f-6c077cd3f8a1,False,247,"2021, 10, 31, 21, 22, 32"
393fb05a-70a1-4f14-aa59-bf48fd9fed21,True,248,"2021, 10, 31, 21, 22, 32"
a1b8a5ba-d422-44c4-af45-3aaf0769a19d,False,248,"2021, 10, 31, 21, 22, 35"
dd24ef8f-7e13-4b6b-bc63-fb2564d22cc2,True,249,"2021, 10, 31, 21, 22, 35"
4e8ef74e-b7a3-4ffb-9f42-d490e2c1c0c4,False,249,"2021, 10, 31, 21, 22, 37"
b2dd2733-bc54-433a-be08-d15f2b59b3d5,True,250,"2021, 10, 31, 21, 22, 37"
eede0519-4a66-4522-8135-d972ec0423c1,False,250,"2021, 10, 31, 21, 22, 39"
d1bb3821-1aca-4e08-a80d-67eaa2607cc8,True,251,"2021, 10, 31, 21, 22, 39"
50108f5b-25eb-471e-9c1f-be8cf9564d55,False,251,"2021, 10, 31, 21, 22, 41"
626307d3-a861-482b-b129-2dfb98140a19,True,140,"2021, 10, 31, 21, 22, 41"
f7e56a44-1e65-4a5d-a357-6a2952815431,False,140,"2021, 10, 31, 21, 22, 43"
11fb46b0-d12c-4874-9de9-28e07592a639,True,141,"2021, 10, 31, 21, 22, 43"
4e54ba48-32ab-4a35-9118-ac3f5701fd12,False,141,"2021, 10, 31, 21, 22, 45"
e4259cb9-c8c5-4f2d-a30a-a49605c8f713,True,142,"2021, 10, 31, 21, 22, 45"
9f291afc-6792-4a33-a172-5d831b799412,False,142,"2021, 10, 31, 21, 22, 47"
e059ace3-fe02-46a5-8112-2c20c7f8f78f,True,143,"2021, 10, 31, 21, 22, 47"
a8e5c505-1f7f-4ec1-a62d-de89be373ed7,False,143,"2021, 10, 31, 21, 22, 49"
d09d20c5-00dd-472b-8b87-e81f696f7ab2,True,144,"2021, 10, 31, 21, 22, 49"
137aaf5a-cd8b-473c-942f-ea16acf22c2a,False,144,"2021, 10, 31, 21, 22, 51"
cb7e6aa5-1ebd-47f8-9a6a-78c2d86602c9,True,145,"2021, 10, 31, 21, 22, 51"
8d889697-601a-4a68-925b-d22ba01076c3,False,145,"2021, 10, 31, 21, 22, 53"
18597637-bcc7-41aa-a8c0-09ccdb9ab29a,True,146,"2021, 10, 31, 21, 22, 53"
d9dfae04-c2b0-474d-911b-74f37a1b1ad5,False,146,"2021, 10, 31, 21, 22, 56"
e9cf352b-a780-4d92-b9d6-d1af1b65b8f3,True,147,"2021, 10, 31, 21, 22, 56"
2c72f9f7-63fd-48ec-beaf-43269ab7dc74,False,147,"2021, 10, 31, 21, 22, 58"
07104eb6-a2dc-4275-be64-508b2e3644bb,True,148,"2021, 10, 31, 21, 22, 58"
abf3ba92-5645-416e-a66c-6f15c8f398b9,False,148,"2021, 10, 31, 21, 23, 01"
5ac05c27-b060-4a5b-9405-c4bf4be98e8b,True,149,"2021, 10, 31, 21, 23, 01"
f9e46bfa-edad-4cf1-963c-fb1a3699595e,False,149,"2021, 10, 31, 21, 23, 03"
2fc71800-9136-4fa4-b0d7-c7c0ca1309b0,True,150,"2021, 10, 31, 21, 23, 03"
a5dfedb6-c5a9-43ca-b1fa-c15d8c97a1f1,False,150,"2021, 10, 31, 21, 23, 05"
547cc3b2-4e4c-4ed6-82ad-1e5e598df2cf,True,151,"2021, 10, 31, 21, 23, 05"
7ad1e759-5f6b-4465-be07-b25ad4c6696b,False,151,"2021, 10, 31, 21, 23, 08"
c8b98537-b83e-4aa8-9ee0-e9c81a40dbee,True,152,"2021, 10, 31, 21, 23, 08"
f4eb4003-8eb2-4757-8870-536a45be9bd5,False,152,"2021, 10, 31, 21, 23, 10"
64f7f58d-9b1c-4c8d-a17b-4899aa2daa35,True,153,"2021, 10, 31, 21, 23, 10"
b5858d34-7e86-46d4-942a-da8ac617ac0f,False,153,"2021, 10, 31, 21, 23, 12"
83bc24d6-a127-4a7c-a8c6-85baeb366e25,True,154,"2021, 10, 31, 21, 23, 12"
ddc489d6-f80e-448a-817e-e5a8df59d32a,False,154,"2021, 10, 31, 21, 23, 14"
e3ecc0d5-3e53-4138-856f-2821585003bd,True,155,"2021, 10, 31, 21, 23, 14"
6849b3fd-f6b6-401a-92b3-4a5abbca3aca,False,155,"2021, 10, 31, 21, 23, 16"
60fbf69f-39bc-48c4-b828-3612c7902427,True,156,"2021, 10, 31, 21, 23, 16"
f2fa73f9-9845-4164-8831-228c4950cca6,False,156,"2021, 10, 31, 21, 23, 18"
fc82c2ac-32a4-42e7-91b8-0730da84e532,True,157,"2021, 10, 31, 21, 23, 18"
295a31b7-08dc-489d-9a11-50aea2f4116c,False,157,"2021, 10, 31, 21, 23, 20"
fbfe0dca-9dd1-4eb9-b2f5-27a820100567,True,158,"2021, 10, 31, 21, 23, 20"
bca61294-49c7-448b-bca4-39076e955e19,False,158,"2021, 10, 31, 21, 23, 22"
42461743-e852-4741-8de5-8ba9c5532604,True,159,"2021, 10, 31, 21, 23, 22"
911b5eca-0b58-44ea-81db-4e3bdaaae9d2,False,159,"2021, 10, 31, 21, 23, 25"
aff63ea7-8614-4175-9d2d-5f2bee01f93d,True,200,"2021, 10, 31, 21, 23, 25"
f90dc292-b945-4274-a03b-0f2508d0624d,False,200,"2021, 10, 31, 21, 23, 27"
67ac71fb-7ad0-4ef1-bf2e-59013ec2eae0,True,201,"2021, 10, 31, 21, 23, 27"
4ea590f7-2123-4f76-aa76-9966d4a55736,False,201,"2021, 10, 31, 21, 23, 29"
8c6cb319-8a80-407b-b5d1-281bc2778cf8,True,202,"2021, 10, 31, 21, 23, 29"
4451999e-e169-467a-be18-dec3eb6ad15d,False,202,"2021, 10, 31, 21, 23, 31"
ed39c190-bf96-4507-b717-e3797ba74ed3,True,203,"2021, 10, 31, 21, 23, 31"
99f1e509-bc19-4a10-be9f-0bb339029149,False,203,"2021, 10, 31, 21, 23, 33"
60eb9e31-8a83-4ae6-b5a1-920b37660901,True,204,"2021, 10, 31, 21, 23, 33"
5125e34f-d91f-4126-95dc-872a06a294e5,False,204,"2021, 10, 31, 21, 23, 35"
7c83365e-3091-4ace-be22-d2ef19a6b5a7,True,205,"2021, 10, 31, 21, 23, 35"
a0594fc3-77dc-4085-a4fe-859a4857695c,False,205,"2021, 10, 31, 21, 23, 37"
589c5bda-9497-4cf0-b454-5b65950d395c,True,206,"2021, 10, 31, 21, 23, 37"
e163f722-a17b-435e-a441-ea9f98c3757d,False,206,"2021, 10, 31, 21, 23, 39"
53ae7655-3b89-4b10-a5c8-79e6945d1a38,True,207,"2021, 10, 31, 21, 23, 39"
b53fea24-5abe-48c3-a88c-b757912dc36d,False,207,"2021, 10, 31, 21, 23, 41"
d0a3c23c-c251-42d6-a642-1ba8f4ccd687,True,208,"2021, 10, 31, 21, 23, 41"
d8ac7145-adae-4284-bba6-67c41c57369c,False,208,"2021, 10, 31, 21, 23, 43"
6b71d49e-a322-4002-bd58-5ce5fe4c578d,True,209,"2021, 10, 31, 21, 23, 43"
43f2cad8-c81e-4621-b3b8-7ac0386c45ee,False,209,"2021, 10, 31, 21, 23, 45"
3558bd45-73d3-406a-a2ff-3333f0ab7e2e,True,0,"2021, 10, 31, 21, 23, 45"
848c9aad-dc24-4c41-8b6e-8068bdc51940,False,0,"2021, 10, 31, 21, 23, 47"
fca9a056-14d2-493e-b398-2b51e98624bc,True,1,"2021, 10, 31, 21, 23, 49"
8e466e1a-9e40-4ee9-aae8-b3e2abc42e3a,False,1,"2021, 10, 31, 21, 23, 51"
161e70b2-ce4e-4057-9007-728f175c2b15,True,2,"2021, 10, 31, 21, 23, 53"
8684dfbc-7100-47b0-8db5-a8d412bab9e7,False,2,"2021, 10, 31, 21, 23, 55"
f6de8507-3185-46e3-b615-db22ec982e93,True,3,"2021, 10, 31, 21, 23, 57"
a418c802-7a35-4fba-b6cb-e96d79e89327,False,3,"2021, 10, 31, 21, 23, 59"
a08b50de-7b7d-47e4-b0c7-99fa51f4006d,True,4,"2021, 10, 31, 21, 24, 01"
611b46e0-e396-424c-809f-bea5edc7ee40,False,4,"2021, 10, 31, 21, 24, 03"
56327496-fcf2-4931-8253-57c9e42e4d39,True,5,"2021, 10, 31, 21, 24, 05"
90cc2abd-7ee8-44ca-ae36-479f2d3bc265,False,5,"2021, 10, 31, 21, 24, 08"
9bee2068-5712-4e7c-9066-f3b67c4a30f7,True,6,"2021, 10, 31, 21, 24, 08"
5ff87d5b-f961-4acc-88f3-9d9a097470af,False,6,"2021, 10, 31, 21, 24, 10"
c5fdbd9f-30bf-4925-807c-018ace174248,True,7,"2021, 10, 31, 21, 24, 10"
fe191fab-51ed-4359-b9ab-b7e91b8b2d7d,False,7,"2021, 10, 31, 21, 24, 12"
4b822416-78f7-4791-87ea-c2029c205c4d,True,8,"2021, 10, 31, 21, 24, 12"
92a2e0cd-bdf1-4f56-90c7-77332c9ef4a3,False,8,"2021, 10, 31, 21, 24, 14"
a710971b-3c10-42ca-a003-c8a61a105e03,True,9,"2021, 10, 31, 21, 24, 14"
c795a74d-3162-43a9-a108-0c8d43e1acdf,False,9,"2021, 10, 31, 21, 24, 16"
5118cd17-400c-4af4-8cbe-b73c29f52c1e,True,30,"2021, 10, 31, 21, 24, 16"
249832d4-9be2-4608-838a-7469f6c05f8e,False,30,"2021, 10, 31, 21, 24, 18"
f11913f3-5b4c-4e17-b310-3e44467e7b84,True,31,"2021, 10, 31, 21, 24, 18"
a33ac310-b7f5-4fa8-98e8-2710fd31ae95,False,31,"2021, 10, 31, 21, 24, 20"
cf2aa5a6-3c12-4e77-80b9-c6eec67dc74e,True,32,"2021, 10, 31, 21, 24, 20"
a31dcefb-99d1-4578-95e2-efa3c331fadf,False,32,"2021, 10, 31, 21, 24, 22"
49e6631f-ca56-4715-9364-a8b9f497fa38,True,33,"2021, 10, 31, 21, 24, 22"
8c3e3fc1-3b1f-4f75-b588-0b87d6664380,False,33,"2021, 10, 31, 21, 24, 24"
586ded1d-d039-4ebe-8990-7dc63a91d874,True,34,"2021, 10, 31, 21, 24, 24"
a6c1e9af-16e5-470f-8265-981d1afdfe7a,False,34,"2021, 10, 31, 21, 24, 26"
6f50ce61-247c-40c9-b04a-5fd09c0d98c3,True,35,"2021, 10, 31, 21, 24, 26"
ede1c94b-4fdf-4a93-9398-b0558ee7a768,False,35,"2021, 10, 31, 21, 24, 29"
96648e65-367f-42c9-a80c-4377e01b9f83,True,36,"2021, 10, 31, 21, 24, 29"
60a956cb-28e0-4f15-bc65-cd223a80a6b4,False,36,"2021, 10, 31, 21, 24, 31"
f1fcd84e-6ca9-4334-8c17-57278e4caea3,True,37,"2021, 10, 31, 21, 24, 31"
a5ea2add-1823-40e0-85d7-f6fc4603cbe9,False,37,"2021, 10, 31, 21, 24, 33"
24f0843d-ddd7-499e-9e16-f8f825d647bd,True,38,"2021, 10, 31, 21, 24, 33"
60a8bf1f-5d9e-485c-b739-e726670e69b1,False,38,"2021, 10, 31, 21, 24, 35"
6e4c2024-378d-42bc-81f8-06ff06764f7a,True,39,"2021, 10, 31, 21, 24, 35"
ebf2679d-d013-42fc-915a-d227f907c5ca,False,39,"2021, 10, 31, 21, 24, 37"
9dddf21a-e743-48f9-830e-f7b04e53d31c,True,190,"2021, 10, 31, 21, 24, 37"
075f3feb-3793-4bc1-b8b9-9726811ca6cc,False,190,"2021, 10, 31, 21, 24, 39"
07219986-2b52-4911-8b45-b1f13519479d,True,191,"2021, 10, 31, 21, 24, 39"
ea77c012-2008-4824-9c25-0f869a3fe0cd,False,191,"2021, 10, 31, 21, 24, 41"
a6027922-caa1-48eb-a833-d6beb4573862,True,192,"2021, 10, 31, 21, 24, 41"
7557e181-5068-4fff-8377-f475c2e3e5fb,False,192,"2021, 10, 31, 21, 24, 44"
ebd3860f-f694-4838-9068-47a8953280d8,True,193,"2021, 10, 31, 21, 24, 44"
3785dcc8-3a97-4935-be0e-71db6d9711f5,False,193,"2021, 10, 31, 21, 24, 46"
e50215f2-96a0-4a03-8626-8464dc8c821e,True,194,"2021, 10, 31, 21, 24, 46"
30553e14-c977-43ef-8910-417664860feb,False,194,"2021, 10, 31, 21, 24, 48"
57da7b04-9adf-4875-b70a-289141e2ba37,True,195,"2021, 10, 31, 21, 24, 48"
47e395cd-f83d-4bf8-8406-48ac81e0d842,False,195,"2021, 10, 31, 21, 24, 50"
47cf580e-4b78-4d57-9e40-0e0124441a26,True,196,"2021, 10, 31, 21, 24, 50"
2883af14-0a2b-406f-ab5f-dde4c8c5aab2,False,196,"2021, 10, 31, 21, 24, 52"
10e94b43-8c08-43f3-8370-4ed8baf426b8,True,197,"2021, 10, 31, 21, 24, 52"
840012ed-a4fb-41b3-8adb-6f56e274596a,False,197,"2021, 10, 31, 21, 24, 54"
78b879a8-7ce0-43d9-980f-17094de29d0b,True,198,"2021, 10, 31, 21, 24, 54"
e428ac48-2856-476d-ba1e-6ff1ca5dd5fe,False,198,"2021, 10, 31, 21, 24, 56"
a8205592-d35f-4f86-b849-765133fc87ba,True,199,"2021, 10, 31, 21, 24, 56"
46d6894c-108a-41c4-8f95-a3c62f4b9486,False,199,"2021, 10, 31, 21, 24, 58"
c209db4b-029d-42f1-9677-7ee76a9ddceb,True,170,"2021, 10, 31, 21, 24, 58"
b47dc5d9-ecc6-4514-b15f-a60a720bd395,False,170,"2021, 10, 31, 21, 25, 00"
b6221389-4bb6-48df-aa7b-9295229e4655,True,171,"2021, 10, 31, 21, 25, 00"
9738bcf0-77c5-4eba-bb81-9beea533d091,False,171,"2021, 10, 31, 21, 25, 02"
d738981f-dd74-4e9a-bdf2-0a1b311cf8de,True,172,"2021, 10, 31, 21, 25, 02"
8e1ad863-13a7-4489-8ea9-559453f8cd07,False,172,"2021, 10, 31, 21, 25, 04"
1d6caa18-03cf-4568-b96f-a136bd13fdfa,True,173,"2021, 10, 31, 21, 25, 04"
5958c57b-882e-4f9a-80ae-7080b1b1d07f,False,173,"2021, 10, 31, 21, 25, 06"
7bed1bdc-deeb-4fe7-9cb3-c76bdfcf1562,True,174,"2021, 10, 31, 21, 25, 06"
743aad34-28ad-431d-aff4-c6c69dc8f59b,False,174,"2021, 10, 31, 21, 25, 08"
e7130e34-928f-470c-8b7f-b57b1e154b3a,True,175,"2021, 10, 31, 21, 25, 08"
4a4c9d50-a7eb-4fc3-a365-f7c75f2c959b,False,175,"2021, 10, 31, 21, 25, 10"
113b786b-2560-46b9-99b8-467a9c6dee70,True,176,"2021, 10, 31, 21, 25, 10"
dac9cf51-9730-42ce-a69d-ab04f171319d,False,176,"2021, 10, 31, 21, 25, 13"
4d3826af-97b8-4aa7-8208-22072cf0bc8e,True,177,"2021, 10, 31, 21, 25, 13"
e69b2f27-d1a4-4cea-b651-395a7bb6977b,False,177,"2021, 10, 31, 21, 25, 15"
b31a6c04-0761-4429-8ae2-beb834dec7db,True,178,"2021, 10, 31, 21, 25, 15"
a023c185-f50b-4439-9cc6-aa7d67c4421e,False,178,"2021, 10, 31, 21, 25, 17"
80367f8f-3c67-4a1a-b419-73a404ee1f34,True,179,"2021, 10, 31, 21, 25, 17"
8da4ef54-cc65-475a-b077-d1539d35e3e4,False,179,"2021, 10, 31, 21, 25, 19"
ee654a5c-e2f1-4854-a4d2-9c049cf86be9,True,50,"2021, 10, 31, 21, 25, 19"
345c6c8f-79b4-4b54-80a7-0c0af64c0373,False,50,"2021, 10, 31, 21, 25, 21"
8b120241-45fe-4d4c-a7e3-a69ba02adbba,True,51,"2021, 10, 31, 21, 25, 21"
0150f9a6-d622-4d45-aab0-a8f0f3afb9d6,False,51,"2021, 10, 31, 21, 25, 23"
3869d76c-6ae6-4d2f-991d-78e43200b94b,True,52,"2021, 10, 31, 21, 25, 23"
98554aaa-977f-4afb-b11f-b1128055f8f9,False,52,"2021, 10, 31, 21, 25, 25"
9ff64b08-a1be-43f6-a700-a171b0cc9b29,True,53,"2021, 10, 31, 21, 25, 25"
f0807144-ef5e-4cb7-b7b3-b7a8101de9cc,False,53,"2021, 10, 31, 21, 25, 27"
986f8b3d-a7c1-4026-93a9-7e64382aa311,True,54,"2021, 10, 31, 21, 25, 27"
228125ae-bee7-4898-abb4-40ba86f99b74,False,54,"2021, 10, 31, 21, 25, 29"
eb9245a5-f994-410f-9904-f775763ef963,True,55,"2021, 10, 31, 21, 25, 29"
0f4b8a6d-62cc-4e3e-8626-6b79b33c3683,False,55,"2021, 10, 31, 21, 25, 32"
fdd4286b-937e-4ffd-8647-bbf46aab1d2e,True,56,"2021, 10, 31, 21, 25, 32"
333c9f11-3b3f-47ed-959a-b19027f9ece1,False,56,"2021, 10, 31, 21, 25, 34"
3e8376d6-cf5d-4436-a90a-bfb32fa994b6,True,57,"2021, 10, 31, 21, 25, 34"
8e26237f-f3cc-4544-a750-9f3ecdea9d85,False,57,"2021, 10, 31, 21, 25, 36"
65ff0228-f19d-40ff-9cb1-87faf94e8a8c,True,58,"2021, 10, 31, 21, 25, 36"
d4db1e99-334d-4515-b501-3abd7d5cd864,False,58,"2021, 10, 31, 21, 25, 38"
4a577b89-8c1d-477f-b800-7912aeb3f0d5,True,59,"2021, 10, 31, 21, 25, 38"
f851aec8-a5a5-4757-a81f-36079c254d3f,False,59,"2021, 10, 31, 21, 25, 40"
0792c240-20cc-447a-b085-c1b20c247cbe,True,80,"2021, 10, 31, 21, 27, 03"
5b93a0ca-65f6-4f27-ac54-35feddbdb7a6,True,81,"2021, 10, 31, 21, 27, 05"
abc5a90a-6184-4588-abb8-6add34d008a5,False,80,"2021, 10, 31, 21, 27, 07"
3e90f1a3-acd5-4bd8-96af-b1b2cbbe7706,True,82,"2021, 10, 31, 21, 27, 09"
c9ed7bec-4783-4ef2-aaee-29c1efeb339f,False,81,"2021, 10, 31, 21, 27, 11"
0281701b-3395-42cd-bb15-9d7a4547e170,True,83,"2021, 10, 31, 21, 27, 13"
26c50a33-c7e5-45f7-858b-48e1bf63f1d3,False,82,"2021, 10, 31, 21, 27, 15"
99254d7e-c8c6-4bb4-8e09-cc8a511622f1,True,84,"2021, 10, 31, 21, 27, 17"
5c23a4b1-3ecb-4dd1-bd7a-554ff510c56e,False,83,"2021, 10, 31, 21, 27, 19"
2fd46e37-a930-40b7-8485-c3d0e7b57e92,True,85,"2021, 10, 31, 21, 27, 21"
c99740d2-c8e1-4f90-9a39-59aa5de8ccb2,False,84,"2021, 10, 31, 21, 27, 23"
d0a7e632-332e-4c68-9b58-f863e7bd3d68,True,86,"2021, 10, 31, 21, 27, 25"
e3972870-3b71-42a8-b147-187421e91dcd,False,85,"2021, 10, 31, 21, 27, 27"
7140b349-b17b-4fa5-9608-e09c30766582,True,87,"2021, 10, 31, 21, 27, 29"
c6611bb5-7ac8-4446-adf4-a35a991d2986,False,86,"2021, 10, 31, 21, 27, 30"
0d367036-6fad-48da-816b-f6e8b3386eac,True,88,"2021, 10, 31, 21, 27, 33"
d42abbcf-b6c3-4fd8-a501-0f121c3c1e98,False,87,"2021, 10, 31, 21, 27, 35"
bdbf154a-ea59-4c78-a858-ed6bab4032e1,True,89,"2021, 10, 31, 21, 27, 37"
c1175b9a-6c04-4b0d-8b22-b0138eadc57e,False,88,"2021, 10, 31, 21, 27, 38"
e30fad78-c003-4264-811a-1b99250b0ad6,True,40,"2021, 10, 31, 21, 27, 40"
2c22ba94-24f0-48cf-be3b-35bacb74175d,False,89,"2021, 10, 31, 21, 27, 42"
fbaf5f85-f258-4f84-9596-a2821ed4351e,True,41,"2021, 10, 31, 21, 27, 44"
dd54b52c-1f98-424d-9eaf-5d28f39ee2cb,False,40,"2021, 10, 31, 21, 27, 46"
fd294ea4-1049-452d-8977-502022fe78d7,True,42,"2021, 10, 31, 21, 27, 48"
b4c1dbfa-db41-4c45-927b-495979c1ebd0,False,41,"2021, 10, 31, 21, 27, 50"
c98bc77f-8a75-4a75-a672-bdd1c384e682,True,43,"2021, 10, 31, 21, 27, 52"
82e239c4-6836-40e1-8a9f-c5012c21542d,False,42,"2021, 10, 31, 21, 27, 54"
a799ed7b-00b5-4069-8175-4d5c16cd8283,True,44,"2021, 10, 31, 21, 27, 56"
c9b757c4-dd78-4cb2-8ab7-9fee6427e9bc,False,43,"2021, 10, 31, 21, 27, 58"
dc213303-098a-4ad5-add4-7a7f601ab1dd,True,45,"2021, 10, 31, 21, 28, 00"
1be7084e-e94f-4f57-90a2-bf2406d7623d,False,44,"2021, 10, 31, 21, 28, 02"
4ab393c7-be9d-4127-9c9b-6a9ac97647bd,True,46,"2021, 10, 31, 21, 28, 04"
b9490d29-7d49-4d25-af9a-42b167a7ab23,False,45,"2021, 10, 31, 21, 28, 06"
ccd18b89-f34f-4199-aeea-85bd4b670fd3,True,47,"2021, 10, 31, 21, 28, 08"
bcfd9bdc-6efb-4192-95f9-d5d9e1bee34c,False,46,"2021, 10, 31, 21, 28, 10"
2f2996b8-1113-478f-8499-7c2566ccc89b,True,48,"2021, 10, 31, 21, 28, 12"
be868c30-ef2f-4cd6-87e3-fb0f5b1bfbc3,False,47,"2021, 10, 31, 21, 28, 14"
1a29ff66-17c1-4279-b0c0-db60834019d7,True,49,"2021, 10, 31, 21, 28, 16"
8d526dc1-76ec-4f90-978c-62b5cddcb5cd,False,48,"2021, 10, 31, 21, 28, 18"
ec6dd075-b60c-4cc9-96a1-4bdc40ddb9bf,True,60,"2021, 10, 31, 21, 28, 20"
add7de42-5c83-406a-9dea-dae55ab2f02b,False,49,"2021, 10, 31, 21, 28, 22"
3b72a100-5f74-4325-a581-f1c1afde909a,True,61,"2021, 10, 31, 21, 28, 24"
1b7bc546-fa7f-43d8-abae-ca187e30a174,False,60,"2021, 10, 31, 21, 28, 26"
92ebd802-b657-46d6-9826-53eb4cccb9b1,True,62,"2021, 10, 31, 21, 28, 28"
6dc93ad5-422c-4705-be28-4c3467a91113,False,61,"2021, 10, 31, 21, 28, 30"
d102baed-9485-4c69-b7bf-a7e1b09fb7e9,True,63,"2021, 10, 31, 21, 28, 33"
e8b8b582-ed33-4a12-97f1-773df35f2161,False,62,"2021, 10, 31, 21, 28, 35"
c8874840-2cb4-4dbb-976c-b4e87131d40f,True,64,"2021, 10, 31, 21, 28, 37"
f4de8c30-3c01-4a3e-8312-a8751fade64a,False,63,"2021, 10, 31, 21, 28, 39"
901132bd-c4e7-432c-8839-070535d7a5c8,True,65,"2021, 10, 31, 21, 28, 41"
f9846a4b-2bd0-4641-b63f-3fd1b3bb34e8,False,64,"2021, 10, 31, 21, 28, 43"
6e5a776f-890c-49b1-9d86-efb922e66851,True,66,"2021, 10, 31, 21, 28, 45"
8ee979ef-c41e-41a3-9784-7d6062ac039e,False,65,"2021, 10, 31, 21, 28, 47"
4c1364b8-5783-4acb-a231-9a7ff3c20def,True,67,"2021, 10, 31, 21, 28, 49"
9ec45031-0a47-4eda-bf75-b34beae296a7,False,66,"2021, 10, 31, 21, 28, 51"
0bb49284-ea9b-4577-8c6b-89d59a009a33,True,68,"2021, 10, 31, 21, 28, 53"
9244843f-b050-463f-a0fe-f2d67f58a93f,False,67,"2021, 10, 31, 21, 28, 55"
9ebf4ee7-b7e9-41d8-ab6e-f7d209f554bb,True,69,"2021, 10, 31, 21, 28, 57"
5c44f404-cbd5-4b94-bd69-9eabda64d787,False,68,"2021, 10, 31, 21, 28, 59"
1ac95dca-ee31-40ad-904a-4281b773bebc,True,90,"2021, 10, 31, 21, 29, 01"
b951340f-6d7a-4b06-ab9b-0877f7f64511,False,69,"2021, 10, 31, 21, 29, 03"
e90975bf-97fe-4e24-bb40-942d10a16833,False,90,"2021, 10, 31, 21, 29, 05"
59f39734-986d-410f-a36d-b8f8f9708100,True,40,"2021, 10, 31, 21, 34, 05"
de46eb93-3971-4e4b-b137-7870b33b6d6e,True,41,"2021, 10, 31, 21, 34, 05"
b45ac7a1-d05f-4f9b-ad79-9a4f2380620f,False,40,"2021, 10, 31, 21, 34, 07"
7e84d0f0-41f6-43f4-912e-cf6d50e39c77,True,42,"2021, 10, 31, 21, 34, 07"
521b6695-530a-423d-bfd1-32b2d6368270,False,41,"2021, 10, 31, 21, 34, 09"
28af2240-2f4d-4438-9355-10d110b9ef44,True,43,"2021, 10, 31, 21, 34, 09"
a5f1c122-22b4-4935-8287-7f9170b43f06,False,42,"2021, 10, 31, 21, 34, 11"
cbca83dd-96d1-4d54-af45-ab13b1cbf681,True,44,"2021, 10, 31, 21, 34, 11"
f28e24c3-6001-47f7-ba17-a8578d15a1eb,False,43,"2021, 10, 31, 21, 34, 13"
a64e628e-46e5-4fb5-8ce9-7715a055ae3c,True,45,"2021, 10, 31, 21, 34, 13"
43a4b99d-80cb-49c7-8912-49079e027edb,False,44,"2021, 10, 31, 21, 34, 15"
89cf6c24-658f-43ed-98a6-76a51a59a3c8,True,46,"2021, 10, 31, 21, 34, 15"
711c58b3-58ef-44d4-9e94-02425b761a38,False,45,"2021, 10, 31, 21, 34, 17"
29a6ed89-191c-41ca-ac6f-dbb7c6a4418f,True,47,"2021, 10, 31, 21, 34, 17"
90a0cecc-717c-4c5f-acec-6f06e98d4c10,False,46,"2021, 10, 31, 21, 34, 19"
2342cb2c-ca0a-4f70-96a3-462ed8f0b057,True,48,"2021, 10, 31, 21, 34, 19"
deba48c9-ae2d-4a16-b83d-14b8eaf4b742,False,47,"2021, 10, 31, 21, 34, 21"
86d90a4c-9e0a-4226-a34f-73f5ba441dc5,True,49,"2021, 10, 31, 21, 34, 21"
cd1cb916-e316-4d10-b8b9-dffdcda62890,False,48,"2021, 10, 31, 21, 34, 23"
a2f090c4-4397-4a58-a4d9-18a8a32df0a4,True,180,"2021, 10, 31, 21, 34, 23"
2bd25c89-3c19-4d5e-959e-b504fd3e85bf,False,49,"2021, 10, 31, 21, 34, 25"
6d55109a-6fad-48ef-82ec-bc42d27b9d9e,True,181,"2021, 10, 31, 21, 34, 25"
7a955553-3766-4d6a-a975-d44ccf31f9ad,False,180,"2021, 10, 31, 21, 34, 27"
26b6baa6-4910-48ab-a26e-f39af848938e,True,182,"2021, 10, 31, 21, 34, 27"
cb4a5ac7-3adc-4658-acef-d7eec3f3654f,False,181,"2021, 10, 31, 21, 34, 29"
b3403675-f114-4a5d-b652-929e52a56592,True,183,"2021, 10, 31, 21, 34, 29"
571ac459-12d6-45a1-a1ff-cad7f04cd60a,False,182,"2021, 10, 31, 21, 34, 31"
c0ed8f45-4042-473e-b195-2ee8b7e606a8,True,184,"2021, 10, 31, 21, 34, 31"
b70e174f-c6ca-4092-a231-5caa26137143,False,183,"2021, 10, 31, 21, 34, 33"
15c5ca56-1e10-414a-8f9f-3c008d23cf45,True,185,"2021, 10, 31, 21, 34, 33"
d3d33ac6-0459-41e1-8c1b-2d2135f08993,False,184,"2021, 10, 31, 21, 34, 35"
aa8239df-00e9-46dc-8edc-b05294cf8e3e,True,186,"2021, 10, 31, 21, 34, 35"
a19d0c56-189f-4be9-9e8c-535302dbd848,False,185,"2021, 10, 31, 21, 34, 37"
7edeb57a-e2a4-4b37-a05d-19c9480000d5,True,187,"2021, 10, 31, 21, 34, 37"
8948de83-fc62-4a91-93b4-973ada0db752,False,186,"2021, 10, 31, 21, 34, 39"
57b308b4-bbde-4b6b-8b10-20921f3057fe,True,188,"2021, 10, 31, 21, 34, 39"
27bb5a6e-6bd2-43ce-98bd-df7703a3eb27,False,187,"2021, 10, 31, 21, 34, 41"
da45daf1-c7af-4662-80bf-db2ad7c081dc,True,189,"2021, 10, 31, 21, 34, 41"
2808a0de-3b3b-4c6b-bcb4-0a7492bed214,False,188,"2021, 10, 31, 21, 34, 43"
060310a4-7ab8-4318-915b-f5d491707d34,True,90,"2021, 10, 31, 21, 34, 43"
c50f2340-e78c-4be6-9809-41fe69ba1b3e,False,189,"2021, 10, 31, 21, 34, 45"
01731f6f-9dea-4c6d-82c3-1a839c6dd203,True,91,"2021, 10, 31, 21, 34, 45"
68dc5873-4d92-462f-aa4a-3245530541c6,False,90,"2021, 10, 31, 21, 34, 47"
135f8d22-b941-4ce0-a55b-b143b8657cfd,True,92,"2021, 10, 31, 21, 34, 47"
ba28f418-9761-41b6-9004-23e5c0cc87e1,False,91,"2021, 10, 31, 21, 34, 49"
a95c308a-9d28-4d24-854c-b8bad03f4d91,True,93,"2021, 10, 31, 21, 34, 49"
375962a8-1f95-4c06-bd84-7328e7b63296,False,92,"2021, 10, 31, 21, 34, 51"
0654feb1-cb29-40a0-a516-69db58c21378,True,94,"2021, 10, 31, 21, 34, 51"
36b72d5a-df2e-4859-ae17-440fbd61412e,False,93,"2021, 10, 31, 21, 34, 53"
b59e6cef-a39f-4b4e-9aa2-d05a7356fd26,True,95,"2021, 10, 31, 21, 34, 53"
5eb71cb5-4bdf-49e5-bce8-34f0b4f8df9d,False,94,"2021, 10, 31, 21, 34, 55"
de59567b-2ec0-4f2b-9aa2-8255b5fa79a5,True,96,"2021, 10, 31, 21, 34, 55"
a37ec638-49d4-4506-8824-c4a677ddd330,False,95,"2021, 10, 31, 21, 34, 58"
85ab0017-2f4b-4776-9dee-3d8051e7cfe9,True,97,"2021, 10, 31, 21, 34, 58"
1a44ec9b-b4e2-4f1e-9bb3-2bde29b25d31,False,96,"2021, 10, 31, 21, 35, 00"
5573599b-d32a-4990-a69f-9a9a471b207b,True,98,"2021, 10, 31, 21, 35, 00"
10e0c537-fd1e-4b0f-8186-1e4c01091be5,False,97,"2021, 10, 31, 21, 35, 02"
44e941a5-f187-4690-96a5-98644120b821,True,99,"2021, 10, 31, 21, 35, 02"
a3630435-2d47-4f0c-91fe-a62d77ac1f10,False,98,"2021, 10, 31, 21, 35, 04"
cac06615-d969-4295-8ac9-d92b89b0564b,True,10,"2021, 10, 31, 21, 35, 04"
700a9031-bb08-42c2-bded-a78b01b8dca6,False,99,"2021, 10, 31, 21, 35, 06"
926d3893-3910-4f77-9643-1feda4d13e3e,True,11,"2021, 10, 31, 21, 35, 06"
5db81bfb-a2cb-46c4-8169-66332451876d,False,10,"2021, 10, 31, 21, 35, 08"
c0d7a1ae-ae7e-4d59-ae8c-3515d18e5c11,True,12,"2021, 10, 31, 21, 35, 08"
b0318b4a-4173-4d15-8863-f756af9e6c42,False,11,"2021, 10, 31, 21, 35, 10"
2a8ed7f4-6111-417f-92f9-ef6894688840,True,13,"2021, 10, 31, 21, 35, 10"
5825929b-a706-410f-b4c5-89ac665892a3,False,12,"2021, 10, 31, 21, 35, 12"
6b1c7997-8987-42cd-8291-99e8413a7996,True,14,"2021, 10, 31, 21, 35, 12"
fbcb6fcb-67c0-4b7a-ae5b-969cca60a151,False,13,"2021, 10, 31, 21, 35, 14"
e20d21c6-d618-4ad8-b710-5985b37009b1,True,15,"2021, 10, 31, 21, 35, 14"
a93312ed-4b37-4a0e-8e0a-f57842427883,False,14,"2021, 10, 31, 21, 35, 16"
0e1f11cd-0092-4163-b933-7f4616668b18,True,16,"2021, 10, 31, 21, 35, 16"
4e3d3141-8fae-45a7-bcac-aabb3d7d8179,False,15,"2021, 10, 31, 21, 35, 18"
0e18f39f-7129-479a-9d97-898b58274abd,True,17,"2021, 10, 31, 21, 35, 18"
4c1d4db1-ad0f-49e6-8e83-fcd960da806b,False,16,"2021, 10, 31, 21, 35, 19"
40363184-bf57-4513-8779-e8fe9bb45073,True,18,"2021, 10, 31, 21, 35, 19"
258d1e73-52ea-462d-8487-3368b15d0862,False,17,"2021, 10, 31, 21, 35, 21"
767fd8ac-5f35-4bf9-9320-fe6fb8292122,True,19,"2021, 10, 31, 21, 35, 21"
14d51aab-8be5-4089-9bb1-5b2053ee6beb,False,18,"2021, 10, 31, 21, 35, 23"
e9439acb-1f30-4502-9668-9cb7a72640e7,True,240,"2021, 10, 31, 21, 35, 23"
3a2b3b7c-0c36-4d13-a050-468e9acb8e22,False,19,"2021, 10, 31, 21, 35, 25"
3b705931-737a-4f3e-925e-de3d47f88f29,True,241,"2021, 10, 31, 21, 35, 25"
909402c6-04b2-419b-a962-8673b5ba6db3,False,240,"2021, 10, 31, 21, 35, 27"
6fa74175-6eec-4770-a107-6b58d87a48c4,True,242,"2021, 10, 31, 21, 35, 27"
e0f7bec6-514e-4d73-8d70-57224bc04b1e,False,241,"2021, 10, 31, 21, 35, 29"
ce4c2b8c-0992-4df0-9e11-33a1f7de49ac,True,243,"2021, 10, 31, 21, 35, 29"
4cf4cf10-5d6d-4f11-b9e3-3ad85e50681d,False,242,"2021, 10, 31, 21, 35, 31"
6060912a-19e0-40ee-b09c-aa85c0bff80b,True,244,"2021, 10, 31, 21, 35, 31"
2697559e-5ee6-47a6-beec-74b5503b9c6c,False,243,"2021, 10, 31, 21, 35, 33"
c605f4cf-2260-492b-9e52-f176c8f51ab0,True,245,"2021, 10, 31, 21, 35, 33"
bf15e07a-c5b2-4a2c-be92-4214a07719bd,False,244,"2021, 10, 31, 21, 35, 35"
cc8fe15c-e2c0-4d4b-8b34-3554936cef0a,True,150,"2021, 10, 31, 21, 35, 35"
2aa7d12f-767d-476f-b6df-516f9db2b45e,False,245,"2021, 10, 31, 21, 35, 37"
a030ba75-3fa2-4fc5-91c0-5fe9b905fc61,True,151,"2021, 10, 31, 21, 35, 37"
1aa0a47c-e7ac-460e-9492-a51b7895b7a5,False,150,"2021, 10, 31, 21, 35, 39"
742fc1ff-7a9d-496b-92e2-d18a85cff89c,True,152,"2021, 10, 31, 21, 35, 39"
3fba36d6-2607-485c-b797-aa755ee08a95,False,151,"2021, 10, 31, 21, 35, 41"
240a56de-286e-48a1-a81b-c1afc4faed16,True,153,"2021, 10, 31, 21, 35, 41"
ef459475-b54a-4041-8a5f-48bf4df9431d,False,152,"2021, 10, 31, 21, 35, 43"
82fbcea9-be0e-4f2c-a7e0-1ae52b2000a2,True,154,"2021, 10, 31, 21, 35, 43"
f83a9f3f-d77c-490a-a9ed-6f67b3d062d3,False,153,"2021, 10, 31, 21, 35, 45"
d4e5d869-63b9-4f0b-a283-d70cfeedbef9,True,155,"2021, 10, 31, 21, 35, 45"
c584055b-1e9e-4883-8c86-3d582cf26198,False,154,"2021, 10, 31, 21, 35, 47"
9efed4a8-7d30-461e-8f2a-bd02c6135f8f,True,156,"2021, 10, 31, 21, 35, 47"
ad4e9b41-4c83-475a-ad86-fa10768882cc,False,155,"2021, 10, 31, 21, 35, 49"
2d4f03f5-93d9-45c9-b8f4-dff047be6a48,True,157,"2021, 10, 31, 21, 35, 49"
0837bfaa-89df-4dc3-bdcb-d30846321912,False,156,"2021, 10, 31, 21, 35, 51"
aa6b34b8-3d24-4e1a-826e-6a38ac3c2153,True,158,"2021, 10, 31, 21, 35, 51"
eb87f2ce-cc6e-455c-aebb-04210565a443,False,157,"2021, 10, 31, 21, 35, 53"
7f9a67ce-1934-4072-a98a-54265330caac,True,159,"2021, 10, 31, 21, 35, 53"
0e8c36d9-49c4-4ed8-994d-1d01f35cf199,False,158,"2021, 10, 31, 21, 35, 55"
01758eab-7955-4e23-a28f-a2b7d1ac41e8,True,220,"2021, 10, 31, 21, 35, 55"
e5da3bb5-266f-4713-89d0-ff1402f7a526,False,159,"2021, 10, 31, 21, 35, 57"
5adf0f8d-2ee6-4a97-9f92-f846e28b787f,True,221,"2021, 10, 31, 21, 35, 57"
00fbc34b-e9bf-4058-99ae-68d8225fda64,False,220,"2021, 10, 31, 21, 35, 59"
8fb43245-c75f-43e5-a759-9e6f0441a1e7,True,222,"2021, 10, 31, 21, 35, 59"
aac6fe4e-44f5-439b-a017-1b15ec57ad19,False,221,"2021, 10, 31, 21, 36, 01"
bd1b58a9-e9f9-4c58-b35f-b1cb89a548b2,True,223,"2021, 10, 31, 21, 36, 01"
c45a23b2-6a34-4019-b0e2-15e9548c8676,False,222,"2021, 10, 31, 21, 36, 03"
a6f2c05d-b5bf-4932-9fd7-257890f351a2,True,224,"2021, 10, 31, 21, 36, 03"
197d39dd-86f2-4a76-be11-41b599640444,False,223,"2021, 10, 31, 21, 36, 05"
6aadf280-3cd5-43af-8ddc-24f65452e25f,True,225,"2021, 10, 31, 21, 36, 05"
cbb54b61-5a00-4e67-9026-5232971eabb6,False,224,"2021, 10, 31, 21, 36, 07"
18625a1e-33a7-48a4-a7bf-000d156a7ff8,True,226,"2021, 10, 31, 21, 36, 07"
e6b49104-0645-42c3-99d1-0f0c011d0b4e,False,225,"2021, 10, 31, 21, 36, 09"
b36b4849-417c-4c23-806a-2b8f1e835871,True,227,"2021, 10, 31, 21, 36, 09"
e9dedc65-71e0-4cde-8398-b22efcc20aa3,False,226,"2021, 10, 31, 21, 36, 11"
f4938c6b-3b24-4191-a987-5c3184ae169c,True,228,"2021, 10, 31, 21, 36, 11"
c3d3108c-9599-49f5-a6cb-e4c823d2882d,False,227,"2021, 10, 31, 21, 36, 13"
1a326fd2-79f3-48bd-8e17-ef862ddd6f24,True,229,"2021, 10, 31, 21, 36, 13"
c1e04e89-3d92-468b-9a43-c4fb829f970e,False,228,"2021, 10, 31, 21, 36, 15"
ef1d94c3-36f8-4807-87fe-3d75b5463378,True,130,"2021, 10, 31, 21, 36, 15"
9bd91c30-6ffd-4196-8888-ff0cef4cf96a,False,229,"2021, 10, 31, 21, 36, 17"
7c953b5e-f28c-408c-8e26-a20dd594a35d,True,131,"2021, 10, 31, 21, 36, 17"
82e3269d-2fd5-4e99-a774-2179171be246,False,130,"2021, 10, 31, 21, 36, 19"
a18a02c2-a3eb-40fc-ac4a-5d911ab1b1d2,True,132,"2021, 10, 31, 21, 36, 19"
82f126ef-4491-4e57-8f1f-a71228e55236,False,131,"2021, 10, 31, 21, 36, 21"
9c14aad2-f400-4bb6-8742-81fa1298d3e2,True,133,"2021, 10, 31, 21, 36, 21"
d3a5bbeb-17bc-45b5-9be0-8a005c4669b8,False,132,"2021, 10, 31, 21, 36, 23"
0965c2d5-a77d-4c7b-b0e5-2209064657d3,True,134,"2021, 10, 31, 21, 36, 23"
7013a176-7a54-4d15-800a-ae3ccd4001c4,False,133,"2021, 10, 31, 21, 36, 25"
e40b89e0-4b36-4e19-b945-0e6ea1d6e6c4,True,135,"2021, 10, 31, 21, 36, 25"
2b4d48d0-a583-49d0-81d0-6a3b9df1f2f6,False,134,"2021, 10, 31, 21, 36, 28"
6a5545b3-bbeb-4dd8-b482-46d469223b5c,True,136,"2021, 10, 31, 21, 36, 28"
adfc499d-dd80-48f8-aed9-8903a67820d4,False,135,"2021, 10, 31, 21, 36, 30"
87ba29cb-0100-455e-9851-f6fae954b594,True,137,"2021, 10, 31, 21, 36, 30"
9ae75824-9195-4ccf-873a-a8089487f946,False,136,"2021, 10, 31, 21, 36, 32"
74677c88-1bbb-45d8-aa0f-5302ea6f5f11,True,138,"2021, 10, 31, 21, 36, 32"
f34d5142-027f-4006-8453-8b2e7e6d69bd,False,137,"2021, 10, 31, 21, 36, 34"
af3c6138-29dd-460d-a37c-b0f83eb433c3,True,139,"2021, 10, 31, 21, 36, 34"
742c26b8-a5d6-4bbc-b8f3-59270baa580a,False,138,"2021, 10, 31, 21, 36, 35"
3000ff45-b4c9-4f65-8e93-cf638d227b02,True,80,"2021, 10, 31, 21, 36, 35"
fa400335-14d8-4e90-81fb-bce6539fc286,False,139,"2021, 10, 31, 21, 36, 37"
04338570-102c-4a4c-9e6d-d0c81deb79aa,True,81,"2021, 10, 31, 21, 36, 38"
dc0be67e-4c5a-4da6-9a3f-9fc4123bc435,False,80,"2021, 10, 31, 21, 36, 39"
ca9e7275-bdf2-4390-98e7-145f00cdb6d3,True,82,"2021, 10, 31, 21, 36, 39"
ecc03faf-aead-4fa9-9fdb-2a9b9f54c833,False,81,"2021, 10, 31, 21, 36, 42"
88e29a8d-fbb4-460a-b928-6b2d5f8f704d,True,83,"2021, 10, 31, 21, 36, 42"
499f0720-588f-4d8d-8613-939aa2d13efd,False,82,"2021, 10, 31, 21, 36, 44"
aa432b86-0a30-4c97-80e2-adf9ba986711,True,84,"2021, 10, 31, 21, 36, 44"
4fc54c5c-c89b-45b3-9bb8-766e93544dfa,False,83,"2021, 10, 31, 21, 36, 45"
ea5e022d-ef4f-4ee1-a52d-f488b126195e,True,85,"2021, 10, 31, 21, 36, 45"
c2ab5e21-5929-4893-b8dc-25c6ba88e065,False,84,"2021, 10, 31, 21, 36, 47"
376ac6d8-eb2e-4942-bea8-38c6825133b5,True,86,"2021, 10, 31, 21, 36, 47"
1e7a6164-d8f4-4ea2-b793-49bef578b1fe,False,85,"2021, 10, 31, 21, 36, 49"
71edcd90-58f4-4d63-828b-09b66e19d46f,True,87,"2021, 10, 31, 21, 36, 49"
6d04414f-2bc7-414c-81b7-e5c36816cdde,False,86,"2021, 10, 31, 21, 36, 51"
322a5e97-43b5-4749-ba14-e8baf2b32b8f,True,88,"2021, 10, 31, 21, 36, 51"
1e56d84d-0e77-47ba-ba37-a2bc3a9aa5f0,False,87,"2021, 10, 31, 21, 36, 53"
11d4c62a-7b4e-46a7-ad64-294c0b561b6d,True,89,"2021, 10, 31, 21, 36, 53"
4d07b769-7836-4784-944a-f0885da4a1f3,False,88,"2021, 10, 31, 21, 36, 55"
a165fedc-89e5-4908-95b3-e723db6aebb0,True,210,"2021, 10, 31, 21, 36, 55"
73577e90-eaf0-4cd5-9979-458723889ad8,False,89,"2021, 10, 31, 21, 36, 57"
8ffc2970-02df-4217-ba27-d358d8cca87b,True,211,"2021, 10, 31, 21, 36, 57"
be832708-e3c0-44dc-8970-9cfb97efff47,False,210,"2021, 10, 31, 21, 36, 59"
285a83ef-8bed-4319-9116-70be77b6b4ad,True,212,"2021, 10, 31, 21, 36, 59"
fc2cc9c7-2583-4236-b5a1-d3a20d15c97d,False,211,"2021, 10, 31, 21, 37, 01"
c9a278e0-9348-43aa-8d39-fe55e2332504,True,213,"2021, 10, 31, 21, 37, 01"
147a070a-3ee8-4d13-b71c-0657fb0963ee,False,212,"2021, 10, 31, 21, 37, 03"
419e8709-4bb0-49da-af04-1fe0d5ca6881,True,214,"2021, 10, 31, 21, 37, 03"
d96e96e1-3dbf-4289-a9ab-247e32ed7923,False,213,"2021, 10, 31, 21, 37, 05"
260999b5-5789-4df8-bcb0-32ea40882ed9,True,215,"2021, 10, 31, 21, 37, 05"
ccfaf982-ec6f-4207-91b1-1c64bb995426,False,214,"2021, 10, 31, 21, 37, 07"
01c9a017-9024-4991-b3f3-ce8943bae883,True,216,"2021, 10, 31, 21, 37, 07"
33c7d4e2-972b-4216-bd67-2fec3ed559ba,False,215,"2021, 10, 31, 21, 37, 09"
1380746a-9ce7-4ac9-b9e0-a3811828a692,True,217,"2021, 10, 31, 21, 37, 09"
02cc20b4-09a1-4830-84e5-6ccf85fbc550,False,216,"2021, 10, 31, 21, 37, 11"
565f8fb9-a082-4625-8403-76a9168dd855,True,218,"2021, 10, 31, 21, 37, 11"
7ba11e70-cdb0-4b85-92cb-0a79fd49838c,False,217,"2021, 10, 31, 21, 37, 13"
b0b3d0ba-5f43-4bdb-82c8-726ab7c2d050,True,219,"2021, 10, 31, 21, 37, 13"
c546be4a-c29c-452c-ad8d-5f5fa26a5c17,False,218,"2021, 10, 31, 21, 37, 15"
3087d646-4362-4efa-b8a6-102582b5ae21,True,160,"2021, 10, 31, 21, 37, 15"
90ee8ff0-0bce-41d2-903a-47b0beab4bc9,False,219,"2021, 10, 31, 21, 37, 17"
e247e785-394c-4438-9354-006120847a75,True,161,"2021, 10, 31, 21, 37, 17"
077827d8-f732-4c2c-b54e-62eb50b8043e,False,160,"2021, 10, 31, 21, 37, 19"
bd825a01-fdef-42cd-a843-0f10184b4af8,True,162,"2021, 10, 31, 21, 37, 19"
764cca6c-ec80-4f52-bf1b-5b9c5f38337e,False,161,"2021, 10, 31, 21, 37, 21"
822d9a3a-871f-46a5-876e-c43f4229c2b1,True,163,"2021, 10, 31, 21, 37, 21"
ea3b7d2a-9324-4aaf-8b8d-a91fec4dfea7,False,162,"2021, 10, 31, 21, 37, 23"
ae20e4f1-3c44-4b9d-a63f-dd9b7f4f4263,True,164,"2021, 10, 31, 21, 37, 23"
2b9da263-1d2d-481a-a47f-5b5bf0e263ed,False,163,"2021, 10, 31, 21, 37, 25"
cfbaa4ce-0509-499a-90b8-0037ce7ea427,True,165,"2021, 10, 31, 21, 37, 25"
d15bc23e-5e3d-48bd-8448-b2a978026f4e,False,164,"2021, 10, 31, 21, 37, 27"
35733252-abd1-48d2-b377-cb3d0b66a8c0,True,166,"2021, 10, 31, 21, 37, 27"
8645a1c4-c9bb-4969-bace-2c97d4a1138f,False,165,"2021, 10, 31, 21, 37, 29"
e8b5a569-e4db-4119-9331-2213a2c304a8,True,167,"2021, 10, 31, 21, 37, 29"
a6904ea9-04d5-42a6-ab6e-b56a3d8ee93c,False,166,"2021, 10, 31, 21, 37, 31"
151e1bbe-e450-4090-a9f6-ccef36828cd5,True,168,"2021, 10, 31, 21, 37, 31"
91da7e72-2ab5-4a21-8bec-33a74fb225d3,False,167,"2021, 10, 31, 21, 37, 33"
9abdc016-8db7-4e0c-bb46-ef693aaa872d,True,169,"2021, 10, 31, 21, 37, 33"
060ca029-3dab-465a-ab4f-3f135bd5f095,False,168,"2021, 10, 31, 21, 37, 35"
9b7fa1eb-d433-4c75-9305-c435c939344c,True,140,"2021, 10, 31, 21, 37, 35"
ff1bbfe4-af2c-47d2-9989-d7c7374a371b,False,169,"2021, 10, 31, 21, 37, 38"
22cd89f8-a5ca-4b4e-89e1-93968481c155,True,141,"2021, 10, 31, 21, 37, 38"
bc318f75-58e6-42d3-ba78-7614f6026ca7,False,140,"2021, 10, 31, 21, 37, 40"
0688dad5-6103-405d-836a-1af809fca856,True,142,"2021, 10, 31, 21, 37, 40"
7a40a0d3-a4d7-4bc5-8c88-ad9bddebcbab,False,141,"2021, 10, 31, 21, 37, 42"
e61357e7-9f39-49a3-ab96-ee09d00ed9a2,True,143,"2021, 10, 31, 21, 37, 42"
d915196f-83ce-4ec8-b779-fafdd53378d8,False,142,"2021, 10, 31, 21, 37, 44"
1c4a1e67-82e3-4295-b819-832e7b696a04,True,144,"2021, 10, 31, 21, 37, 44"
37d34579-0655-4ce9-a83c-f7d8bd5064e3,False,143,"2021, 10, 31, 21, 37, 46"
9a1021a0-c0f8-44f5-a824-b2d9ffe08b9b,True,145,"2021, 10, 31, 21, 37, 46"
734e09ee-c018-4ee4-891f-5a45e445496e,False,144,"2021, 10, 31, 21, 37, 48"
aaae5ba2-f8cc-42b2-9415-2207219ba402,True,146,"2021, 10, 31, 21, 37, 48"
3dde2696-4d1c-4584-8514-6ca543fb56ff,False,145,"2021, 10, 31, 21, 37, 50"
c61fd488-dc96-4272-a0d8-1b2b64348afb,True,147,"2021, 10, 31, 21, 37, 50"
51b6d31c-d227-4a4e-af81-bf8b5dd5002d,False,146,"2021, 10, 31, 21, 37, 52"
98aa3656-ae9e-4e95-8388-b602fd5f7f59,True,148,"2021, 10, 31, 21, 37, 52"
6a440f73-24ff-48fb-b84d-0bdc894b9de2,False,147,"2021, 10, 31, 21, 37, 54"
46b47030-4800-4b96-8502-35c4372186c7,True,149,"2021, 10, 31, 21, 37, 54"
9514b120-133c-4378-a00a-696496c2a3b5,False,148,"2021, 10, 31, 21, 37, 56"
18f80a50-e059-4595-8e70-11811d220993,True,100,"2021, 10, 31, 21, 37, 56"
0017f518-10da-4f57-873a-a839df07821f,False,149,"2021, 10, 31, 21, 37, 58"
7957951f-c230-4c30-b3a2-6ebc65b33d54,True,101,"2021, 10, 31, 21, 37, 58"
0b3974fe-4438-454e-ba25-a35db2a9379f,False,100,"2021, 10, 31, 21, 38, 00"
49d54503-08d7-41c2-8695-4c4a94b62ad4,True,102,"2021, 10, 31, 21, 38, 00"
2ce1be70-39a1-472f-a69d-5288b63f7434,False,101,"2021, 10, 31, 21, 38, 02"
6c15545d-8bd8-472c-a625-4242c4272b79,True,103,"2021, 10, 31, 21, 38, 02"
be67b32e-0e2a-4ea6-b60e-04a2da3d3026,False,102,"2021, 10, 31, 21, 38, 04"
154d7dc9-0701-4495-804d-fdceffd85a9b,True,104,"2021, 10, 31, 21, 38, 04"
e5657f15-0689-4122-b51a-a7776fa2d789,False,103,"2021, 10, 31, 21, 38, 06"
223d394b-1682-420e-ab0c-9efedf887c2b,True,105,"2021, 10, 31, 21, 38, 06"
7bfef5f9-156f-46da-b874-4c8221a52eb1,False,104,"2021, 10, 31, 21, 38, 08"
168b3a72-350a-4a53-a419-8e43a09ec712,True,106,"2021, 10, 31, 21, 38, 08"
d8b04f9f-3a37-431b-ac4b-86ea4f29165b,False,105,"2021, 10, 31, 21, 38, 10"
57dc3c42-4d09-42e8-9257-7eae3810f5fa,True,107,"2021, 10, 31, 21, 38, 10"
a83c64ad-77cb-4f27-91e8-bfd625a53714,False,106,"2021, 10, 31, 21, 38, 12"
ca68f5d2-61b5-4f1b-8dc8-a7ccf823cc45,True,108,"2021, 10, 31, 21, 38, 12"
49217fbd-5d60-45cb-b560-5605f969ada9,False,107,"2021, 10, 31, 21, 38, 14"
85bc16fc-35a1-4de5-88b2-723481f0fa61,True,109,"2021, 10, 31, 21, 38, 14"
8187b324-e03a-4962-bb7f-4b1d6c07a7bf,False,108,"2021, 10, 31, 21, 38, 16"
5be5e7f4-2eb9-4cdc-a401-c60e42bfd9f9,True,190,"2021, 10, 31, 21, 38, 16"
04bcbebf-5c02-4559-a51f-57dd102f24fa,False,109,"2021, 10, 31, 21, 38, 18"
0461f339-297e-46b6-9f06-42ca90690539,True,191,"2021, 10, 31, 21, 38, 18"
af3c7d2a-7559-4bb0-ac31-967f10e77ac7,False,190,"2021, 10, 31, 21, 38, 20"
d8c535cd-98c3-4458-9eaf-565c8b0e0644,True,192,"2021, 10, 31, 21, 38, 20"
98b6df60-dc79-41c7-955b-eab8cdfb99ff,False,191,"2021, 10, 31, 21, 38, 22"
8c55bdba-c8c8-4f77-bf53-1faaba0964ab,True,193,"2021, 10, 31, 21, 38, 22"
b1a42c38-11cd-429b-8faf-592db4acc115,False,192,"2021, 10, 31, 21, 38, 24"
5ab35279-7e48-4191-aa47-7357382ac2e0,True,194,"2021, 10, 31, 21, 38, 24"
7c40cf77-783b-4526-ac0c-0e3baf0ba7c9,False,193,"2021, 10, 31, 21, 38, 26"
80686ce2-46b0-4d9b-a64d-f53a0f5f67b9,True,195,"2021, 10, 31, 21, 38, 26"
325bef1a-4dfb-4a3b-a375-a5826df7748c,False,194,"2021, 10, 31, 21, 38, 28"
94fc5d6d-8b25-4b67-baaa-409591930c62,True,196,"2021, 10, 31, 21, 38, 28"
f8592a0b-0cb1-4568-bb13-93e27c1d73ce,False,195,"2021, 10, 31, 21, 38, 29"
edd9ffa0-421a-4a83-b668-ddae4249efe2,True,197,"2021, 10, 31, 21, 38, 29"
effa2c83-c894-4ce5-926a-b89d88cf3345,False,196,"2021, 10, 31, 21, 38, 32"
a59faa86-a3fb-4973-8adc-b81f09ce8e1a,True,198,"2021, 10, 31, 21, 38, 32"
1745fc10-f5a4-4c98-a361-81ff5f13b20c,False,197,"2021, 10, 31, 21, 38, 34"
fd260a87-e16c-4155-9bb3-42607fde0ea5,True,199,"2021, 10, 31, 21, 38, 34"
7865aadb-5fa5-4867-bfce-82b01f49f697,False,198,"2021, 10, 31, 21, 38, 36"
d865952a-cd88-450f-bb4d-b6dceda23ea3,True,230,"2021, 10, 31, 21, 38, 36"
737f7f17-0e4c-4126-8a04-51fea783b5be,False,199,"2021, 10, 31, 21, 38, 38"
b62d994f-0b30-4356-a80b-620d56993dce,True,231,"2021, 10, 31, 21, 38, 38"
cf8979f2-c98f-440b-bb8a-3c58e6c88e58,False,230,"2021, 10, 31, 21, 38, 40"
7096643c-38bb-4fc7-b224-b4c8ee8e2803,True,232,"2021, 10, 31, 21, 38, 40"
f6a91ca0-82a0-4bd3-ba94-9ec624bc7554,False,231,"2021, 10, 31, 21, 38, 42"
df79d25a-4f40-4ca8-877f-32935f5a4276,True,233,"2021, 10, 31, 21, 38, 42"
8177b05c-7a6a-42fa-b03a-56f38223be45,False,232,"2021, 10, 31, 21, 38, 44"
8a3250f1-b7bd-443e-95e9-bdd6d95ef412,True,234,"2021, 10, 31, 21, 38, 44"
8db3a8ec-c898-4c15-8468-8465830f5ddf,False,233,"2021, 10, 31, 21, 38, 45"
cde4298b-fb9f-48be-a45e-80cd0dae89be,True,235,"2021, 10, 31, 21, 38, 46"
b579d95d-6c12-4894-a6ce-06b04070125f,False,234,"2021, 10, 31, 21, 38, 48"
74c38907-59d8-488c-bac4-338d06dae7d6,True,236,"2021, 10, 31, 21, 38, 48"
eef1430b-7e06-403e-bdef-aa2f8e600f79,False,235,"2021, 10, 31, 21, 38, 50"
6a480ea5-85cd-4820-bcf0-c81c7375b5a6,True,237,"2021, 10, 31, 21, 38, 50"
9acbdeb4-1342-4397-9822-4935c9226940,False,236,"2021, 10, 31, 21, 38, 51"
fad88bce-52a3-4d13-a1b1-9862ae7db765,True,238,"2021, 10, 31, 21, 38, 51"
712c2f1c-8237-4db3-b699-314bf922256c,False,237,"2021, 10, 31, 21, 38, 53"
c4efbe34-a305-4925-8588-898f0f252e6e,True,239,"2021, 10, 31, 21, 38, 54"
0dfb623b-ee0a-42e4-bdd9-2caf49413aff,False,238,"2021, 10, 31, 21, 38, 55"
78a23b97-dd66-4a27-bca6-0ecb129e4f49,True,50,"2021, 10, 31, 21, 38, 55"
8ecbf1a7-aab4-4295-b0d2-186f7ce677b9,False,239,"2021, 10, 31, 21, 38, 58"
63fdeb57-5c73-4e20-915f-8f4005caf00d,True,51,"2021, 10, 31, 21, 38, 58"
53a9144c-b6f6-4591-880f-b06108ef7121,False,50,"2021, 10, 31, 21, 39, 00"
cbe29c64-8b8d-47e7-80cd-1bcf834ca5d7,True,52,"2021, 10, 31, 21, 39, 00"
397ebc6a-0755-4b84-b18f-f5780644713c,False,51,"2021, 10, 31, 21, 39, 02"
88a159e4-faa9-4b9e-b8db-62c624fdd46c,True,53,"2021, 10, 31, 21, 39, 02"
5727af40-9d76-41ef-a503-c50dcd199290,False,52,"2021, 10, 31, 21, 39, 03"
a5eecd68-9fe3-408d-b1bc-0e1178c557cf,True,54,"2021, 10, 31, 21, 39, 03"
0c4fdc8f-f8d6-446b-8f3a-5b7078f77fd2,False,53,"2021, 10, 31, 21, 39, 05"
6dc1dda1-c1d9-4547-a004-ec28c87f86f3,True,55,"2021, 10, 31, 21, 39, 05"
1d5fac22-4f2e-4570-8b7e-dd0debd0a3a1,False,54,"2021, 10, 31, 21, 39, 08"
0c02d62c-ef9b-4c61-8165-d73ab246cb80,True,56,"2021, 10, 31, 21, 39, 08"
bda79e6e-51b0-4a04-a452-83ddc20fc956,False,55,"2021, 10, 31, 21, 39, 09"
f4ecdac7-db85-471b-8810-8ce0ea4e583c,True,57,"2021, 10, 31, 21, 39, 09"
fae26988-99a6-4cae-a870-f16f873a0307,False,56,"2021, 10, 31, 21, 39, 11"
9842d082-a117-48ad-a5a7-727d402088d7,True,58,"2021, 10, 31, 21, 39, 11"
1b88e53d-0e13-4f2d-b8c4-cd22c0d05a23,False,57,"2021, 10, 31, 21, 39, 13"
ae33db68-082a-4f5b-979f-36d18132a3f6,True,59,"2021, 10, 31, 21, 39, 13"
d722e94d-76d2-45ee-9cfc-82b41aad5f9c,False,58,"2021, 10, 31, 21, 39, 15"
54084513-ae6b-4d57-a893-1c7d593c5801,True,70,"2021, 10, 31, 21, 39, 15"
bc1cb7a9-2069-4e9e-921e-d801d8a1dee9,False,59,"2021, 10, 31, 21, 39, 17"
a2f491ea-8336-43c2-87eb-6479a2cca38c,True,71,"2021, 10, 31, 21, 39, 17"
1315a38e-4954-4a02-96ba-3772ba6b8837,False,70,"2021, 10, 31, 21, 39, 19"
32b11798-cba6-4a27-9843-0dc5d8fa459b,True,72,"2021, 10, 31, 21, 39, 19"
8d7c4786-7909-4934-b829-864b7813d5d1,False,71,"2021, 10, 31, 21, 39, 21"
5cdc5522-be9f-4dd1-9f03-ac435967eac0,True,73,"2021, 10, 31, 21, 39, 21"
23d7655b-302f-4909-b6c4-aa6b523dad57,False,72,"2021, 10, 31, 21, 39, 23"
ad1ce19d-29de-4859-b900-5d53852d55fd,True,74,"2021, 10, 31, 21, 39, 23"
9573a6a5-5aa7-403c-bb29-2f2eb699178a,False,73,"2021, 10, 31, 21, 39, 25"
0ef4c44e-2cac-4708-88a1-76fa8a168ffb,True,75,"2021, 10, 31, 21, 39, 25"
19590754-a068-4921-a103-289a96e3796d,False,74,"2021, 10, 31, 21, 39, 27"
144e505c-3e7e-4d6f-a606-287f4c68ef83,True,76,"2021, 10, 31, 21, 39, 27"
323c9d1e-3ed7-4069-9b8e-0d6a16539a54,False,75,"2021, 10, 31, 21, 39, 29"
31a9d3fa-f50e-40f3-8e09-d3ea3cd43870,True,77,"2021, 10, 31, 21, 39, 29"
b58f3dbe-7392-47f0-bc7a-0c962a86b8c5,False,76,"2021, 10, 31, 21, 39, 31"
4077b386-41a4-4dd8-9514-641f8ac5b22b,True,78,"2021, 10, 31, 21, 39, 31"
1076cf73-06cc-4f30-9cbd-3109c8422ff5,False,77,"2021, 10, 31, 21, 39, 33"
c799df00-5eb2-448f-a02f-b4604e5264b9,True,79,"2021, 10, 31, 21, 39, 33"
be9ba311-1c0c-40ac-88b9-1208147a71c9,False,78,"2021, 10, 31, 21, 39, 35"
2706ff76-e540-4fc1-ae20-ce6c81864ca7,True,110,"2021, 10, 31, 21, 39, 35"
b9029928-0694-4ea1-bf88-e70ee81ca4e2,False,79,"2021, 10, 31, 21, 39, 37"
2a2b1453-74b0-494f-9d60-cc4d3f358151,True,111,"2021, 10, 31, 21, 39, 37"
44bb6b30-2609-4613-9718-685a35fc619b,False,110,"2021, 10, 31, 21, 39, 39"
28393243-d7d5-4fab-8237-891aa700d00d,True,112,"2021, 10, 31, 21, 39, 39"
6ffd2f03-4e27-440e-a496-2f1f9ff070d8,False,111,"2021, 10, 31, 21, 39, 41"
f04d131f-574d-4120-84ab-f64908add066,True,113,"2021, 10, 31, 21, 39, 41"
c070540e-690d-4ca0-ab6d-e3a62aba1b8b,False,112,"2021, 10, 31, 21, 39, 43"
9a43323f-54dc-4c4f-a0f9-2f579e27e9d7,True,114,"2021, 10, 31, 21, 39, 43"
29234f6d-1a08-4c0e-93a4-3166359579a9,False,113,"2021, 10, 31, 21, 39, 45"
d3b163d1-997b-4bbb-a53f-1186d4860112,True,115,"2021, 10, 31, 21, 39, 45"
fd451d25-e39c-480d-87cd-6c140ed8da5c,False,114,"2021, 10, 31, 21, 39, 47"
83eedf24-63ee-4a61-b9fd-83d9aff05179,True,116,"2021, 10, 31, 21, 39, 47"
30ba740b-f83e-4abe-b8c8-01bf93824a8e,False,115,"2021, 10, 31, 21, 39, 49"
846c7f95-fe3d-403e-af22-ed57411a85e3,True,117,"2021, 10, 31, 21, 39, 49"
da74cd63-3860-4261-9f85-f6b20a8be62c,False,116,"2021, 10, 31, 21, 39, 51"
6ec1c5fc-8ec2-4c7d-aefa-3b756543c010,True,118,"2021, 10, 31, 21, 39, 51"
cf49d86b-c2ac-483d-9747-8c448269753f,False,117,"2021, 10, 31, 21, 39, 53"
c991c929-79dd-4c66-b3a2-9cc30f9736d2,True,119,"2021, 10, 31, 21, 39, 53"
7e157e5b-4fe1-4148-8e6e-87b90f985389,False,118,"2021, 10, 31, 21, 39, 55"
7f849afc-4c02-44be-bf9c-1ed38e705b16,True,0,"2021, 10, 31, 21, 39, 55"
b7e0cfaf-24a1-4cbd-8a63-4fb53c6810d8,False,119,"2021, 10, 31, 21, 39, 57"
fefeb217-7256-469c-904e-f340708ecd77,True,1,"2021, 10, 31, 21, 39, 57"
eac55cd0-5289-4134-9f9f-6e5c0cbfa6d5,False,0,"2021, 10, 31, 21, 39, 59"
e6f70329-3710-472b-bfac-c4f5456b9740,True,2,"2021, 10, 31, 21, 39, 59"
f18c5cf4-1177-4084-967d-b674d851a427,False,1,"2021, 10, 31, 21, 40, 01"
bbfad8be-2d3b-403e-a641-e58b4f552172,True,3,"2021, 10, 31, 21, 40, 01"
1e080e12-fd3c-4ef8-8a03-97cf1f21ee72,False,2,"2021, 10, 31, 21, 40, 03"
0b8babe5-1dc5-475a-9c07-20bcc8033cba,True,4,"2021, 10, 31, 21, 40, 03"
1db3b781-bb47-4e62-80ba-93de76094304,False,3,"2021, 10, 31, 21, 40, 05"
d8e8cf70-ea10-4d48-ad5d-a385eaed6517,True,5,"2021, 10, 31, 21, 40, 05"
0d2ed2b2-e493-4820-882b-c330e6e7ed6b,False,4,"2021, 10, 31, 21, 40, 07"
55f4573b-d0d8-47cf-9ef4-f10048dd27a2,True,6,"2021, 10, 31, 21, 40, 07"
738dd857-3b69-4b26-854d-0f05011fbb6e,False,5,"2021, 10, 31, 21, 40, 09"
ab42520d-75f4-4837-a807-39894d1f01a4,True,7,"2021, 10, 31, 21, 40, 09"
8cf37929-0a3c-4311-8f9c-c2bb8065d864,False,6,"2021, 10, 31, 21, 40, 11"
8b488a55-34a2-4e86-ace1-033677d73bdd,True,8,"2021, 10, 31, 21, 40, 11"
5bef3e10-8689-4318-ab54-0de0c935b2b6,False,7,"2021, 10, 31, 21, 40, 13"
c09ca85d-baa0-42d7-ae7e-be83430d04c6,True,9,"2021, 10, 31, 21, 40, 13"
39f43968-800e-4a3b-8dda-4f05b02e025d,False,8,"2021, 10, 31, 21, 40, 15"
687f0308-9c0b-4d25-824b-a34de640dccc,True,60,"2021, 10, 31, 21, 40, 15"
d1c79eb0-4570-4174-8652-8dc84931b1b3,False,9,"2021, 10, 31, 21, 40, 17"
c3867643-6c17-45d5-9f0d-e33902efd041,True,61,"2021, 10, 31, 21, 40, 17"
8618b1bc-df77-4180-9c2c-e04b24c188b5,False,60,"2021, 10, 31, 21, 40, 19"
9ce37d57-d85e-4a9a-b878-1813de63c11a,True,62,"2021, 10, 31, 21, 40, 19"
9270012e-20e9-4d8a-9c57-31096b0b53d6,False,61,"2021, 10, 31, 21, 40, 21"
b7ba046a-9c10-4721-84d6-dc3fe93d42ae,True,63,"2021, 10, 31, 21, 40, 21"
11f2e790-5cb6-4833-a4d8-5216a6c05bd8,False,62,"2021, 10, 31, 21, 40, 23"
db4694b8-4189-4923-a48e-247f049b676e,True,64,"2021, 10, 31, 21, 40, 23"
0ed3aa5f-667e-4ec8-96c9-42581ad920a9,False,63,"2021, 10, 31, 21, 40, 25"
62c71ade-faa7-420c-b3c5-95e71bcbd4da,True,65,"2021, 10, 31, 21, 40, 25"
fdfd8c1e-cbfc-4af0-a2a7-ebc441c2f6a5,False,64,"2021, 10, 31, 21, 40, 27"
790bb905-373a-476b-9ca3-71683768da54,True,66,"2021, 10, 31, 21, 40, 27"
cd225334-7de2-4e04-b31d-131cce76b543,False,65,"2021, 10, 31, 21, 40, 28"
9f7438e0-38c2-490f-836d-715f66e1e285,True,67,"2021, 10, 31, 21, 40, 29"
53f51457-93b0-461c-8867-26f241856ec0,False,66,"2021, 10, 31, 21, 40, 30"
8d0c28a8-77aa-48cc-bb0d-088b76887923,True,68,"2021, 10, 31, 21, 40, 30"
d1f987e1-7f62-44c3-b0d8-aa739b119fbd,False,67,"2021, 10, 31, 21, 40, 33"
8226ee79-27df-407e-bef8-796d1b1086d8,True,69,"2021, 10, 31, 21, 40, 33"
37c4b0f2-34f7-47c1-af48-f7de6231174e,False,68,"2021, 10, 31, 21, 40, 34"
2df2177c-1132-41d8-826a-4921dc707aef,True,20,"2021, 10, 31, 21, 40, 34"
87b2b128-4acf-4346-89c5-bfa4135b8589,False,69,"2021, 10, 31, 21, 40, 36"
4497cf93-aacc-4d6b-a44f-8cfff4d8ed2c,True,21,"2021, 10, 31, 21, 40, 36"
60f2203b-b699-4446-9809-fc98788342be,False,20,"2021, 10, 31, 21, 40, 38"
2e91ab09-fab4-41b6-a8c2-aad0413c90df,True,22,"2021, 10, 31, 21, 40, 38"
05e288d2-be0c-47c1-8bc6-fd071c2cee78,False,21,"2021, 10, 31, 21, 40, 40"
607ea45c-2745-467c-aea0-3fe0abb5f543,True,23,"2021, 10, 31, 21, 40, 40"
f2381f54-aad6-4f99-b182-d5edde0b69fa,False,22,"2021, 10, 31, 21, 40, 42"
f1dcc05b-4ceb-4098-bc0a-8d94c52333ed,True,24,"2021, 10, 31, 21, 40, 42"
59662293-43dc-4f1a-8c5b-745b432a9f45,False,23,"2021, 10, 31, 21, 40, 44"
f799e255-7244-4c8c-81d0-8a8e5a58f37f,True,25,"2021, 10, 31, 21, 40, 44"
a36edbc3-33b4-4af3-96b5-0ae90ab2d58b,False,24,"2021, 10, 31, 21, 40, 46"
59f02ecd-ba92-4b7f-9319-632ed71482b1,True,26,"2021, 10, 31, 21, 40, 46"
3ea15d6c-d00b-4b8e-a7a5-5b1a50d06c79,False,25,"2021, 10, 31, 21, 40, 48"
5dfc4cd5-0481-4142-966d-b8e9c2e11b47,True,27,"2021, 10, 31, 21, 40, 48"
8a932551-c1e0-4922-81c6-b74ddde47ced,False,26,"2021, 10, 31, 21, 40, 50"
a24a1b67-a36f-4b2c-a248-ec4bde7415a4,True,28,"2021, 10, 31, 21, 40, 50"
09dedc6c-eab9-4ed2-a6d9-646961495df6,False,27,"2021, 10, 31, 21, 40, 52"
1f7567ee-dcc9-4dcc-a1f1-f256553b0fc3,True,29,"2021, 10, 31, 21, 40, 52"
e3feb294-c2fd-4a2c-9703-7db1c968b358,False,28,"2021, 10, 31, 21, 40, 54"
43c80e6c-7df9-422b-b604-ba462136a1ec,True,170,"2021, 10, 31, 21, 40, 54"
ac2edd04-0c31-49dc-b737-f3cad7b5126c,False,29,"2021, 10, 31, 21, 40, 56"
470053c3-fcdf-48cb-8be5-1b84ac3de55f,True,171,"2021, 10, 31, 21, 40, 56"
7fc7be3a-758a-48f7-8b4f-54e3bade38d0,False,170,"2021, 10, 31, 21, 40, 58"
18a6722b-ca86-438d-a8bd-91c75bfbf296,True,172,"2021, 10, 31, 21, 40, 58"
bfdf7fec-b6cc-4d28-9ddf-8080f362ceca,False,171,"2021, 10, 31, 21, 41, 00"
f20a5c08-a117-4276-b70a-d0f31a4ee829,True,173,"2021, 10, 31, 21, 41, 00"
cbb51f5a-9965-49fc-bc15-95af01baec27,False,172,"2021, 10, 31, 21, 41, 02"
09c7a43e-1f51-4b8c-86a7-058c01dbd222,True,174,"2021, 10, 31, 21, 41, 02"
efa9735e-6cdf-4c27-ae55-e61fccbe0b07,False,173,"2021, 10, 31, 21, 41, 04"
26391359-e05e-4dad-92f1-60f269b2d3b4,True,175,"2021, 10, 31, 21, 41, 04"
9bed5aef-a665-41a9-8661-2b215e33576a,False,174,"2021, 10, 31, 21, 41, 06"
8c0f3210-1f4f-41e9-a47c-7f63e6f77bd2,True,176,"2021, 10, 31, 21, 41, 06"
0f51e0f0-6073-49a2-9f44-7dc0b50e3978,False,175,"2021, 10, 31, 21, 41, 08"
cb33d872-8dc0-416c-96e4-a5071835ab7b,True,177,"2021, 10, 31, 21, 41, 08"
1f9ce3e8-611d-40d3-a53c-7fe5b6e8fcd7,False,176,"2021, 10, 31, 21, 41, 10"
85f0a710-51f7-4297-9361-5902f99dafa4,True,178,"2021, 10, 31, 21, 41, 10"
0d22f7e1-c158-42b2-9573-7511bd7b2fe5,False,177,"2021, 10, 31, 21, 41, 12"
d2c814c2-3d3d-417f-bdde-d0f5500779fa,True,179,"2021, 10, 31, 21, 41, 12"
f58cba09-a8d9-4919-905f-769e9636a17e,False,178,"2021, 10, 31, 21, 41, 14"
01b2639d-7b54-4a8d-b1d3-3e0946ae1bc4,True,30,"2021, 10, 31, 21, 41, 14"
4f65af17-889b-444d-884c-9b631f757bd0,False,179,"2021, 10, 31, 21, 41, 16"
d33cf0a5-047c-4239-beda-9fcb9372cb0c,True,31,"2021, 10, 31, 21, 41, 16"
9f91dbf7-4b33-4930-af59-1559d5afd42f,False,30,"2021, 10, 31, 21, 41, 18"
1efff139-88f5-4a38-8de2-94214fc24b70,True,32,"2021, 10, 31, 21, 41, 18"
54c9f4da-a9d9-432f-97dd-892f47386720,False,31,"2021, 10, 31, 21, 41, 20"
938ab72a-7f59-41ee-9bbf-d604403c8b85,True,33,"2021, 10, 31, 21, 41, 20"
d6b691af-f6ff-4a3e-9714-08ef5d283e46,False,32,"2021, 10, 31, 21, 41, 22"
b9b43ee8-daf6-4fef-b0b4-1d14389a4486,True,34,"2021, 10, 31, 21, 41, 22"
c75fcd12-1d5e-42ba-b69c-e5a631dec0bf,False,33,"2021, 10, 31, 21, 41, 24"
c6cbe92f-0a72-41f4-99a8-cfe7186fdf10,True,35,"2021, 10, 31, 21, 41, 24"
54520c36-65d3-423a-867c-c3fd21f22331,False,34,"2021, 10, 31, 21, 41, 26"
a29aa91c-1bd2-4c61-9ce1-9bb885fea8d8,True,36,"2021, 10, 31, 21, 41, 26"
5a3d0a36-b95c-40b2-af43-83321d6c91fe,False,35,"2021, 10, 31, 21, 41, 28"
77769342-402d-48fe-bbc9-9a50f9ffab71,True,37,"2021, 10, 31, 21, 41, 28"
39544ab5-4a95-4280-a557-e1b402f6142d,False,36,"2021, 10, 31, 21, 41, 30"
8f792e59-ebd4-4b9b-9a3d-276923e309f2,True,38,"2021, 10, 31, 21, 41, 30"
c6de2906-f5fb-4052-a77b-4ea92c564452,False,37,"2021, 10, 31, 21, 41, 32"
1b71272c-2b21-4917-9f4b-4c03d5b7568d,True,39,"2021, 10, 31, 21, 41, 32"
879ac90f-31fa-4c07-85a3-2d53c27dc368,False,38,"2021, 10, 31, 21, 41, 34"
3361f5bf-4df3-4176-a000-d24322615d69,True,120,"2021, 10, 31, 21, 41, 34"
c75ca381-af25-4c0d-b2e7-4104475dfa57,False,39,"2021, 10, 31, 21, 41, 36"
68424eb9-a137-4438-8156-38a27f3f9f5d,True,121,"2021, 10, 31, 21, 41, 36"
aae1b636-7674-4418-86f8-7fc68aacf197,False,120,"2021, 10, 31, 21, 41, 38"
8ba1aeea-521d-4423-8938-7ef240695372,True,122,"2021, 10, 31, 21, 41, 38"
7e102aed-c12c-4e2d-9b1e-948ce4c9faa3,False,121,"2021, 10, 31, 21, 41, 40"
49c69ab8-4a4e-47a2-8067-46d93fe64a16,True,123,"2021, 10, 31, 21, 41, 40"
905afa5f-7d6d-4bc5-8595-f628140bb7bf,False,122,"2021, 10, 31, 21, 41, 42"
0d7b6dca-9fbd-49f0-aba1-c6013df222ce,True,124,"2021, 10, 31, 21, 41, 42"
63cbe6ac-57e5-4cbb-8cba-9d4ed7f456b0,False,123,"2021, 10, 31, 21, 41, 44"
c1ab5c6f-155e-4121-9d30-93ebb2f5e92f,True,125,"2021, 10, 31, 21, 41, 44"
efbe7678-c84e-4da3-bfb4-5aae87f19212,False,124,"2021, 10, 31, 21, 41, 46"
feb18995-61e6-41ad-91ae-ce74802eaaa0,True,126,"2021, 10, 31, 21, 41, 46"
e3e0c908-ef7c-4176-a613-094ec49d5c71,False,125,"2021, 10, 31, 21, 41, 48"
91225780-f2d2-4182-a1fb-63cf2892e8d5,True,127,"2021, 10, 31, 21, 41, 48"
ec64e50d-8339-494f-a7c7-c01dcfab32d4,False,126,"2021, 10, 31, 21, 41, 50"
7688c84e-e5b6-4742-90b5-49cf78d104e3,True,128,"2021, 10, 31, 21, 41, 50"
be617db7-687d-4862-9655-486165e6a227,False,127,"2021, 10, 31, 21, 41, 52"
943af106-1554-4c6c-b732-629c9cf6f0e3,True,129,"2021, 10, 31, 21, 41, 52"
c2fb1771-85f3-4eaf-84ca-f2f8b1a83344,False,128,"2021, 10, 31, 21, 41, 54"
dadde453-93e7-4e23-8974-30439e9b2e77,True,246,"2021, 10, 31, 21, 41, 54"
1a302bde-6805-4763-9872-4afd8f42babf,False,129,"2021, 10, 31, 21, 41, 56"
21d379e6-9e16-4afd-ba38-52c3d87a8acb,True,247,"2021, 10, 31, 21, 41, 56"
72815dfd-59fe-45dd-9823-920ca238bf78,False,246,"2021, 10, 31, 21, 41, 58"
c8809572-9ac7-47fa-8004-2afd655f5662,True,248,"2021, 10, 31, 21, 41, 58"
ddfe1d44-ccd8-483e-86aa-218c93987743,False,247,"2021, 10, 31, 21, 42, 00"
b932bf67-c92b-433a-a3fc-9de40e94cb6d,True,249,"2021, 10, 31, 21, 42, 00"
a5fc06ef-e769-4f47-b716-45710e2e2dbd,False,248,"2021, 10, 31, 21, 42, 02"
19e279ec-b387-497b-9fd9-72e07069c7cf,True,250,"2021, 10, 31, 21, 42, 02"
c33a8f57-583f-4780-8802-1230500f583b,False,249,"2021, 10, 31, 21, 42, 04"
7d5d235d-5f15-4ee6-ba18-14abbdc734b9,True,251,"2021, 10, 31, 21, 42, 04"
826c0154-48be-4eff-a20d-6fbb149ffc82,False,250,"2021, 10, 31, 21, 42, 06"
51523ef6-06d3-49ff-a003-e5a8fd326154,True,200,"2021, 10, 31, 21, 42, 06"
69a942bb-5d84-4c01-baea-394ed8b5d097,False,251,"2021, 10, 31, 21, 42, 08"
6382310a-80e6-41d8-b786-7a8cdc3ee90e,True,201,"2021, 10, 31, 21, 42, 08"
01991657-39cf-4fc7-9d73-71243fdcd28b,False,200,"2021, 10, 31, 21, 42, 10"
9e0a4184-b724-494d-9823-42604689f1e8,True,202,"2021, 10, 31, 21, 42, 10"
afd2c933-9638-4834-bd06-a8e2ecf52ec1,False,201,"2021, 10, 31, 21, 42, 12"
9c7a792b-aa8c-432c-916f-f6ee6ad5815e,True,203,"2021, 10, 31, 21, 42, 12"
2065df30-39d8-4a05-a877-23619488879b,False,202,"2021, 10, 31, 21, 42, 14"
a0a46cd0-3b81-4c60-95f9-0e41087b2460,True,204,"2021, 10, 31, 21, 42, 14"
47d60e10-7bb8-4dd4-9089-6bcbcfd8714a,False,203,"2021, 10, 31, 21, 42, 16"
15d1fbe2-7b1c-43fd-b73f-e7369114dde9,True,205,"2021, 10, 31, 21, 42, 16"
5555b5d6-f1ff-4b1d-88b1-fbae41ee4448,False,204,"2021, 10, 31, 21, 42, 18"
ec018921-4f3e-424f-9e8f-950d33438a10,True,206,"2021, 10, 31, 21, 42, 18"
dbb5bec1-1e6d-4247-885e-9b4982863811,False,205,"2021, 10, 31, 21, 42, 20"
6529fa68-db73-4b4b-9b65-86942c644b8b,True,207,"2021, 10, 31, 21, 42, 20"
2cc42af6-e5a6-4adb-a385-e93b8a57ef71,False,206,"2021, 10, 31, 21, 42, 22"
9df4a476-42fe-462d-b71e-287704b69075,True,208,"2021, 10, 31, 21, 42, 22"
da7e4bf3-0e58-4f31-ab25-2aaa1857b05e,False,207,"2021, 10, 31, 21, 42, 24"
ad176cd9-f7d1-4363-bfb0-3852894f0371,True,209,"2021, 10, 31, 21, 42, 24"
b5c6fbad-317e-4c13-85fc-7dee4e28c8ef,False,208,"2021, 10, 31, 21, 42, 26"
e9781ef9-0597-4c6b-b643-10899edaa424,False,209,"2021, 10, 31, 21, 42, 28"
651e42e7-f2e1-4209-b39a-05f66e1921c1,True,70,"2021, 10, 31, 21, 55, 07"
ac5617c1-4f5f-49cd-9ea0-45098172f36f,False,70,"2021, 10, 31, 21, 55, 07"
5f094a8e-c47b-4f48-a01f-c848077644ea,True,71,"2021, 10, 31, 21, 55, 09"
16b0eed6-fbd3-4985-a610-815f1155f23e,False,71,"2021, 10, 31, 21, 55, 11"
e13711a6-cfa9-4711-8e3c-9831e07f7c2d,True,72,"2021, 10, 31, 21, 55, 13"
c591f534-5637-48b3-8961-db4199c1ba9d,False,72,"2021, 10, 31, 21, 55, 15"
20d5291b-d2db-4f79-8e7d-7727f9446ef3,True,73,"2021, 10, 31, 21, 55, 17"
086fcb2b-a1f1-4b09-a2db-9a29b93f6daf,False,73,"2021, 10, 31, 21, 55, 19"
a0457489-6cb2-4f59-8fec-2231a6b4de56,True,74,"2021, 10, 31, 21, 55, 21"
d8e2edda-1a73-4ba7-bcbb-ff4205ece01d,False,74,"2021, 10, 31, 21, 55, 23"
33060a2d-1eba-49ae-9ab1-2aed0ed63948,True,75,"2021, 10, 31, 21, 55, 25"
61c6e8d3-5f28-4ed0-ae32-5a69fbf718ea,False,75,"2021, 10, 31, 21, 55, 27"
26c90dde-fa59-4314-aa3d-830fb18ef264,True,76,"2021, 10, 31, 21, 55, 29"
5f3660ae-0493-49ff-809e-0ea7c1f3fa2d,False,76,"2021, 10, 31, 21, 55, 31"
748855d7-99f9-48f7-890e-d8f75ca77104,True,77,"2021, 10, 31, 21, 55, 34"
7b0227b3-67fd-4635-8f0b-c76551d48ed1,False,77,"2021, 10, 31, 21, 55, 36"
7a39ea9d-0565-4df9-991b-dd34777fbb94,True,78,"2021, 10, 31, 21, 55, 38"
aae505a4-3d61-44f3-b5a1-d423547a7a76,False,78,"2021, 10, 31, 21, 55, 40"
bc250f06-8f85-49a0-a960-ea4e3a8cb31a,True,79,"2021, 10, 31, 21, 55, 42"
e948d878-b974-4122-8b7d-87e8a398b715,False,79,"2021, 10, 31, 21, 55, 44"
395c6063-f89b-4961-9856-bd930fcad503,True,20,"2021, 10, 31, 21, 55, 46"
92472671-0940-4978-8402-ed072965b4ec,False,20,"2021, 10, 31, 21, 55, 48"
61b84ee2-a0c9-4758-a647-6448d37d77c8,True,21,"2021, 10, 31, 21, 55, 48"
aee762ca-9f7d-4c31-94a2-9c9ce7f20b6a,False,21,"2021, 10, 31, 21, 55, 50"
ed1fa1bf-5ab3-445c-b136-f4e3e740444c,True,22,"2021, 10, 31, 21, 55, 50"
1d2acbc2-aa3c-4eb5-bdf3-d1832f9ee209,False,22,"2021, 10, 31, 21, 55, 51"
e60473e0-853f-4e68-834a-0f19aa406d49,True,23,"2021, 10, 31, 21, 55, 52"
7f5396ad-5f18-4083-b969-ac0290248504,False,23,"2021, 10, 31, 21, 55, 54"
9be97d00-d4bf-4c2f-9c8c-1fa176037e03,True,24,"2021, 10, 31, 21, 55, 54"
4a36da3c-bcf2-4dac-9acd-6034eea81bd5,False,24,"2021, 10, 31, 21, 55, 56"
5e8da55e-dd25-4a5e-8015-3863629abcdd,True,25,"2021, 10, 31, 21, 55, 56"
cc9bd18a-2f81-48d9-b436-ee8062bf3580,False,25,"2021, 10, 31, 21, 55, 58"
0560f898-dfcc-49ef-b2c7-1924143a0ede,True,26,"2021, 10, 31, 21, 55, 58"
eced5669-fe8e-4114-a914-3cc665db6d7d,False,26,"2021, 10, 31, 21, 56, 00"
6d62605d-3422-4104-8880-a79ec1ac1586,True,27,"2021, 10, 31, 21, 56, 00"
07fa474c-648e-4acf-b7c5-afd79cb9502f,False,27,"2021, 10, 31, 21, 56, 02"
209328cd-4123-450d-a7e4-642889bdc4c3,True,28,"2021, 10, 31, 21, 56, 02"
108ea2f1-6439-4196-bca9-65739839719a,False,28,"2021, 10, 31, 21, 56, 04"
bc8c4e0b-3072-4f3e-9e19-91783f474d7a,True,29,"2021, 10, 31, 21, 56, 04"
b4016a37-16de-4b24-b7de-6e3dfad10378,False,29,"2021, 10, 31, 21, 56, 06"
3f6696d8-f229-4915-ac2a-837b745ee206,True,240,"2021, 10, 31, 21, 56, 06"
3e06d99a-0d08-4f00-a8f8-475909a61503,False,240,"2021, 10, 31, 21, 56, 08"
0a29e11e-d0bf-4d4c-88cf-e7a93c90d0db,True,241,"2021, 10, 31, 21, 56, 10"
a011a8a4-f59a-42a8-99c3-24979dbc4c79,False,241,"2021, 10, 31, 21, 56, 12"
3416529d-f28b-4abb-a87f-4cbd4e8c2878,True,242,"2021, 10, 31, 21, 56, 13"
467c8206-c430-4060-ac16-745f5bfb3c7c,False,242,"2021, 10, 31, 21, 56, 15"
62712e3a-2526-4e3c-969b-4994755a8e10,True,243,"2021, 10, 31, 21, 56, 17"
6a175d1f-6d82-4712-92eb-7209319c9053,False,243,"2021, 10, 31, 21, 56, 19"
53612075-1614-44f9-bc7a-119a159180ab,True,244,"2021, 10, 31, 21, 56, 21"
0b744b01-0647-4a8c-a1e3-64b147e54f7a,False,244,"2021, 10, 31, 21, 56, 23"
75c391a5-9c97-4a7d-a142-a4efe5a69dc6,True,245,"2021, 10, 31, 21, 56, 25"
6f1c2306-cc7f-4ebc-87ed-162c5741856c,False,245,"2021, 10, 31, 21, 56, 27"
42722149-3f38-4bb1-a975-b7ded54a550c,True,40,"2021, 10, 31, 21, 56, 29"
243e55ff-0120-4166-ada0-f47d0170d10a,False,40,"2021, 10, 31, 21, 56, 31"
c4bf69a4-9b00-42d1-a3dc-ec11acfe4927,True,41,"2021, 10, 31, 21, 56, 31"
2cd4ed0f-e1ef-459d-bd19-51639896eea6,False,41,"2021, 10, 31, 21, 56, 33"
ef0d3523-b60a-4176-8db4-89a0c152bd59,True,42,"2021, 10, 31, 21, 56, 33"
2c8fa62b-f2b9-44ef-8242-3500db7101f1,False,42,"2021, 10, 31, 21, 56, 35"
1938cf99-3afc-4476-baf0-4cb8bae9341e,True,43,"2021, 10, 31, 21, 56, 35"
96480f64-f784-4d0f-a2ae-c677572d9976,False,43,"2021, 10, 31, 21, 56, 37"
426068c2-f9a6-4877-82a8-639d0aa3f70f,True,44,"2021, 10, 31, 21, 56, 37"
e45b8291-dc94-459d-a3ec-1ccb53aae468,False,44,"2021, 10, 31, 21, 56, 39"
94f4bc20-b949-4ca8-862c-1b8ff105b0d8,True,45,"2021, 10, 31, 21, 56, 39"
6dd618c7-c2e2-4db5-a3ee-8b6be711d4a5,False,45,"2021, 10, 31, 21, 56, 41"
ef3f1444-4088-45da-bc60-6f33c74ee94f,True,46,"2021, 10, 31, 21, 56, 41"
e1bfe907-07ec-4f95-8424-35bf0967776d,False,46,"2021, 10, 31, 21, 56, 43"
b9ea9358-4558-48ce-a603-28d3f81825f0,True,47,"2021, 10, 31, 21, 56, 43"
a1794e35-d9f7-417b-9590-fa106ec54033,False,47,"2021, 10, 31, 21, 56, 45"
d5ccbaf8-12b1-482b-a3d8-7e566aa11b65,True,48,"2021, 10, 31, 21, 56, 45"
d41ce6fe-0fb9-4487-b874-b737dbacc11e,False,48,"2021, 10, 31, 21, 56, 47"
03f26107-6a12-404e-aa4a-f1527d968ae4,True,49,"2021, 10, 31, 21, 56, 47"
1b8113c6-724a-4c0a-b764-5de7755e0933,False,49,"2021, 10, 31, 21, 56, 49"
e2dc1b3d-7be7-4b2a-9785-0e21bb8b21e2,True,160,"2021, 10, 31, 21, 56, 49"
961c7d02-5dc7-44b4-b8d2-a1694ff26468,False,160,"2021, 10, 31, 21, 56, 51"
e2af36ed-2919-40ac-83dd-3d89c497201a,True,161,"2021, 10, 31, 21, 56, 53"
2ed8df3a-cb5a-42e7-91e1-3a8119b7c464,False,161,"2021, 10, 31, 21, 56, 55"
4af030d0-cdd7-429b-8fec-d5ade2f8b5d7,True,162,"2021, 10, 31, 21, 56, 57"
ea8755de-5b3e-4f2b-824a-845ac87def7d,False,162,"2021, 10, 31, 21, 56, 59"
683a1248-ce8c-4037-834c-28fff4ac0c9c,True,163,"2021, 10, 31, 21, 57, 01"
abd8528c-aaff-4062-bbbd-9f6a4edd8f91,False,163,"2021, 10, 31, 21, 57, 03"
278e4c10-7535-4495-aae8-015ee54d5a4b,True,164,"2021, 10, 31, 21, 57, 05"
48dc7c1b-e112-4208-9120-f1c6b82410ba,False,164,"2021, 10, 31, 21, 57, 07"
8a24adbb-7d21-4dce-89e6-31e03914bafc,True,165,"2021, 10, 31, 21, 57, 09"
3d626b7b-ad6c-40c2-9f74-8d2796e5f942,False,165,"2021, 10, 31, 21, 57, 11"
40c06139-d704-4799-a1f3-3a92bc62b255,True,166,"2021, 10, 31, 21, 57, 13"
08fb5e7f-7e06-4304-9898-0b0c06cd2b76,False,166,"2021, 10, 31, 21, 57, 15"
d2684a5c-7785-4534-9692-df73f4171d1d,True,167,"2021, 10, 31, 21, 57, 17"
0de0deb9-42e5-44d5-b340-d3e525501902,False,167,"2021, 10, 31, 21, 57, 19"
bdc66836-987f-468e-b4cc-3f2ca1746175,True,168,"2021, 10, 31, 21, 57, 21"
00fd2fef-26f7-4c5c-b8af-237f25205f38,False,168,"2021, 10, 31, 21, 57, 23"
9793d91b-45a4-4d57-8811-a1bf9f08a0df,True,169,"2021, 10, 31, 21, 57, 25"
39b4c460-b2e5-4f5f-9347-8147d1f44b02,False,169,"2021, 10, 31, 21, 57, 27"
2592a547-915c-4aad-9a46-4dc725d1212f,True,170,"2021, 10, 31, 21, 57, 29"
1cb9a30a-8baa-4d26-aba6-94bbe0a53e45,False,170,"2021, 10, 31, 21, 57, 31"
11fe361a-aff7-4b0d-86bd-90e7099bae2c,True,171,"2021, 10, 31, 21, 57, 33"
fcde5479-7d89-4e1c-ab86-8eadd9a7cb28,False,171,"2021, 10, 31, 21, 57, 35"
e490514d-a244-4a33-b944-d95353e7f86c,True,172,"2021, 10, 31, 21, 57, 37"
cf7ab779-b0ed-4c90-9de5-e2c20518c482,False,172,"2021, 10, 31, 21, 57, 39"
209c2cd8-3f00-45ea-afd1-d847a4036508,True,173,"2021, 10, 31, 21, 57, 41"
d9de6622-c84d-49d7-9df7-9f94cfdcaebc,False,173,"2021, 10, 31, 21, 57, 43"
b3b1a778-5228-44ac-9334-4b632ced47f7,True,174,"2021, 10, 31, 21, 57, 45"
c74a9da7-d3f5-4329-9202-b59893714150,False,174,"2021, 10, 31, 21, 57, 47"
00b6c77d-4124-4455-8f7c-187088f65292,True,175,"2021, 10, 31, 21, 57, 49"
5f2464fa-f202-4176-9c84-c00cd4401b9c,False,175,"2021, 10, 31, 21, 57, 51"
085f67d3-a416-4f02-a9fa-f0f9820af66f,True,176,"2021, 10, 31, 21, 57, 53"
2bb29d7d-8c4e-4b8b-834d-7d1914ecda40,False,176,"2021, 10, 31, 21, 57, 55"
9625b53d-3e0e-46c8-ba89-05cfeef7413e,True,177,"2021, 10, 31, 21, 57, 57"
1f1b68de-508e-477a-949a-1837c59eff29,False,177,"2021, 10, 31, 21, 57, 59"
ad82c2f9-cea4-4abf-8beb-dba7f3e9b525,True,178,"2021, 10, 31, 21, 58, 01"
9069f324-0663-44ee-bccd-a898306d08dc,False,178,"2021, 10, 31, 21, 58, 03"
8de4896e-d2b0-450d-895b-b24d1d3b09e5,True,179,"2021, 10, 31, 21, 58, 05"
a754c44a-d11c-49a9-8d0f-04fc8a6e1c48,False,179,"2021, 10, 31, 21, 58, 07"
b5ad18b0-044c-45b2-9f65-1bb4a7d90199,True,246,"2021, 10, 31, 21, 58, 09"
71dad4f5-0ef0-4f40-86dd-97a160eb7607,False,246,"2021, 10, 31, 21, 58, 11"
72a69012-2103-4d6b-8d85-c3bed393eed2,True,247,"2021, 10, 31, 21, 58, 13"
7508be86-f313-4fcb-a245-9b03362d1c58,False,247,"2021, 10, 31, 21, 58, 15"
82aca264-9aa5-4796-a02a-81514476036f,True,248,"2021, 10, 31, 21, 58, 17"
07d6f318-dac3-4de5-b6fc-ba74f74551f7,False,248,"2021, 10, 31, 21, 58, 19"
6ff38c3b-3acc-46e9-a6d1-24256578f449,True,249,"2021, 10, 31, 21, 58, 21"
481d5f97-16a3-4ca9-ab74-576f75099799,False,249,"2021, 10, 31, 21, 58, 23"
b407b801-2ade-4569-9162-e4e8a0b97d0d,True,250,"2021, 10, 31, 21, 58, 25"
4224ad83-8099-470f-b42b-faf86fcc4107,False,250,"2021, 10, 31, 21, 58, 27"
848b03d1-0163-48c9-893e-1a281e5dd2dc,True,251,"2021, 10, 31, 21, 58, 29"
7bf567b1-1670-43fc-a7fd-bf825af1ab1a,False,251,"2021, 10, 31, 21, 58, 31"
6c032d97-33a8-40d4-948a-2631660079d6,True,0,"2021, 10, 31, 21, 58, 33"
45e6cba5-6620-4758-bcd2-1090317b7056,False,0,"2021, 10, 31, 21, 58, 35"
49e38eaf-f42c-4163-8232-f8c9e0684330,True,1,"2021, 10, 31, 21, 58, 35"
922fab5e-46b1-4c9b-bdd6-bf61e35b3f00,False,1,"2021, 10, 31, 21, 58, 38"
44579766-f815-4023-9acf-5cf0338c6e37,True,2,"2021, 10, 31, 21, 58, 38"
c68cab2c-949b-4a9c-a814-f05c6d8af925,False,2,"2021, 10, 31, 21, 58, 40"
fc29cd9f-e3ff-4d9a-9234-d5554da54c8e,True,3,"2021, 10, 31, 21, 58, 40"
7b8bf0b4-3631-4312-acb7-2d755e08db1f,False,3,"2021, 10, 31, 21, 58, 42"
2efe4639-1990-4af8-8aa8-2fe0f7206716,True,4,"2021, 10, 31, 21, 58, 42"
33e898e9-f1a8-47d1-96cf-ad274a769782,False,4,"2021, 10, 31, 21, 58, 45"
01fabdac-6bdb-4b00-a87f-93bacb15e4df,True,5,"2021, 10, 31, 21, 58, 45"
71c016af-3194-4d87-b9eb-09b90d102d6b,False,5,"2021, 10, 31, 21, 58, 47"
47c4ea71-faaf-435c-a3fa-e7b1487f13a2,True,6,"2021, 10, 31, 21, 58, 47"
539ab2f6-7e48-4348-aeb2-60d6ddcd7bc3,False,6,"2021, 10, 31, 21, 58, 49"
472fab2b-0391-4cfe-87f8-c71391bbbe24,True,7,"2021, 10, 31, 21, 58, 49"
80f390a6-7913-4212-88f3-abe3aae5baeb,False,7,"2021, 10, 31, 21, 58, 51"
5cedac6e-8b29-49ad-9679-80af235bc37e,True,8,"2021, 10, 31, 21, 58, 51"
0a98d6c2-fc4a-4d5f-afc7-e3af222c99ac,False,8,"2021, 10, 31, 21, 58, 53"
9ba86797-700f-46f6-b6fb-167175f03116,True,9,"2021, 10, 31, 21, 58, 53"
129a10e6-bc3c-4ab7-b56f-3a50530ec4ee,False,9,"2021, 10, 31, 21, 58, 55"
59f7531c-7116-47a8-b6fd-f041ddbf3a97,True,210,"2021, 10, 31, 21, 58, 55"
545638e6-f5a5-4f14-8261-6c3073291f82,False,210,"2021, 10, 31, 21, 58, 57"
dbef8b60-32be-4b44-88e0-c5989ed97341,True,211,"2021, 10, 31, 21, 59, 00"
b0d4cabe-9592-4b9f-af54-d7ec0fe3ed9a,False,211,"2021, 10, 31, 21, 59, 02"
187d8ab9-764a-4372-8a7d-ce5ffeb97231,True,212,"2021, 10, 31, 21, 59, 04"
f94351e9-db5b-4607-a65b-349f8e5e950d,False,212,"2021, 10, 31, 21, 59, 06"
f4e53484-4feb-4119-8cef-dd01368c4ef2,True,213,"2021, 10, 31, 21, 59, 08"
0d269cef-a1a9-468e-b035-157b13e698ba,False,213,"2021, 10, 31, 21, 59, 11"
7dc43ea6-2b8b-40ba-b92a-748539729207,True,214,"2021, 10, 31, 21, 59, 13"
b3b29096-a316-4200-a13c-2a72bdd2e5ba,False,214,"2021, 10, 31, 21, 59, 15"
3083dfe1-dbe8-48e4-881e-e1637c3328b7,True,215,"2021, 10, 31, 21, 59, 17"
aec7c7d4-a18c-461b-a7c3-2a1dd545d207,False,215,"2021, 10, 31, 21, 59, 19"
177e095a-326c-4a95-a04b-0f7ad1ae8d9b,True,216,"2021, 10, 31, 21, 59, 21"
99568f06-459c-4d22-a098-003c7e2e03da,False,216,"2021, 10, 31, 21, 59, 23"
c51af473-390a-4cf6-8273-40e2a8e2f5b6,True,217,"2021, 10, 31, 21, 59, 25"
284a6660-1ccb-4b3f-853c-8cc1a9fe7ead,False,217,"2021, 10, 31, 21, 59, 27"
c9dde180-1427-43dc-be77-ef3f6f6256de,True,218,"2021, 10, 31, 21, 59, 29"
9957fca8-8d90-4b43-b1c7-28a0cfa5dae8,False,218,"2021, 10, 31, 21, 59, 31"
35fedde6-de3b-4a91-8280-8647c3dde00c,True,219,"2021, 10, 31, 21, 59, 34"
ac407616-7de5-47d8-bea0-8f979190f8e9,False,219,"2021, 10, 31, 21, 59, 36"
2687c984-5fd8-457c-8ded-a99161a6bc5d,True,140,"2021, 10, 31, 21, 59, 39"
2408201d-eb17-4cab-a4cf-7373c68d9781,False,140,"2021, 10, 31, 21, 59, 41"
3dfeff28-3d81-4764-a040-8d23af792f21,True,141,"2021, 10, 31, 21, 59, 43"
a1e24caa-d830-40ef-b580-46632659bcbd,False,141,"2021, 10, 31, 21, 59, 45"
04fd6eb0-aedb-43a2-a114-2c8737fb7350,True,142,"2021, 10, 31, 21, 59, 47"
8e92c1b5-5904-4596-b4fd-5d4acb56075a,False,142,"2021, 10, 31, 21, 59, 49"
a95f6c7b-5cc6-4a9b-b832-9a72b2d5d4ed,True,143,"2021, 10, 31, 21, 59, 51"
f1ff17f6-fd20-4ca4-a385-9f75c284d734,False,143,"2021, 10, 31, 21, 59, 54"
f0d3d69a-f8fd-4ba0-9c9d-0235b0e54eba,True,144,"2021, 10, 31, 21, 59, 56"
9b254134-8f62-4f34-b3f7-0d7eefeeee1e,False,144,"2021, 10, 31, 21, 59, 58"
bb9f7111-83c7-4a25-92ec-d66b3797c36d,True,145,"2021, 10, 31, 22, 00, 00"
676d0839-aee5-45e5-bc63-9f7a549ccaf1,False,145,"2021, 10, 31, 22, 00, 02"
42966d4a-e810-460c-9032-fec80eccbba5,True,146,"2021, 10, 31, 22, 00, 05"
e91add57-7302-4820-bd68-350862d48f60,False,146,"2021, 10, 31, 22, 00, 07"
11774f87-95bb-45cc-8a32-6f02f0336831,True,147,"2021, 10, 31, 22, 00, 09"
bdcf470c-0918-4a01-aa85-96f14bc73da5,False,147,"2021, 10, 31, 22, 00, 11"
13ee52b6-03bf-48ec-93e0-3524f61289b8,True,148,"2021, 10, 31, 22, 00, 13"
e62bf3fc-9480-4d42-8b52-2d4349f0df00,False,148,"2021, 10, 31, 22, 00, 15"
ec9ff464-3090-42b6-98fd-02add6fef609,True,149,"2021, 10, 31, 22, 00, 17"
7c9bf964-60d0-483a-8495-848233de26a1,False,149,"2021, 10, 31, 22, 00, 19"
5ea37dd6-5480-4e73-9e7a-e46daaed7cdc,True,10,"2021, 10, 31, 22, 00, 21"
290551c1-dade-46ba-9cd5-3c5c7b55327f,False,10,"2021, 10, 31, 22, 00, 23"
6ff31799-dca5-4d25-94ea-f4802b068947,True,11,"2021, 10, 31, 22, 00, 23"
8d0bd93a-f56c-455d-982c-781c3b2af058,False,11,"2021, 10, 31, 22, 00, 26"
1ecdba1b-b46c-4a4d-9c4a-dbf3c9c4b4e8,True,12,"2021, 10, 31, 22, 00, 26"
5637ffb1-f4de-42a0-a2ef-f5731132f9fd,False,12,"2021, 10, 31, 22, 00, 28"
986ed30d-0a3f-46e1-a973-c965a24e8bce,True,13,"2021, 10, 31, 22, 00, 28"
e638099d-a244-4430-81c7-1cfdf4f47359,False,13,"2021, 10, 31, 22, 00, 30"
5b8c99a1-7e05-435c-851e-d358fcc9bcf3,True,14,"2021, 10, 31, 22, 00, 30"
c7473f77-f350-49e9-8070-080edf3a9c6f,False,14,"2021, 10, 31, 22, 00, 32"
fa63e918-ce41-4dd2-a9bf-4bea1eb807ab,True,15,"2021, 10, 31, 22, 00, 32"
0b7afb16-d4f2-472b-ac06-1a591516d03f,False,15,"2021, 10, 31, 22, 00, 34"
d05a277d-3a4e-4c82-8832-23abc035bcc9,True,16,"2021, 10, 31, 22, 00, 34"
4639a2ff-5d49-41e4-9410-3a73a1fbf886,False,16,"2021, 10, 31, 22, 00, 36"
20a1b964-4080-44d5-9a97-486c0bda3248,True,17,"2021, 10, 31, 22, 00, 36"
4178772f-dd59-41aa-b34b-d89b3a8bce2a,False,17,"2021, 10, 31, 22, 00, 39"
5d21e34b-b379-440b-877a-5ec907a0311b,True,18,"2021, 10, 31, 22, 00, 39"
52affcc3-c6ef-417c-a721-0763d0748d0a,False,18,"2021, 10, 31, 22, 00, 41"
91c1ed41-a57d-4313-a12d-e56b2b31094b,True,19,"2021, 10, 31, 22, 00, 41"
4a841e8f-7841-448c-bc81-e549eb1b67fd,False,19,"2021, 10, 31, 22, 00, 43"
55d8341c-5643-4763-a085-9ec023404939,True,60,"2021, 10, 31, 22, 00, 43"
856adb84-754e-44b9-9b2d-ddf59a02662b,False,60,"2021, 10, 31, 22, 00, 45"
307a1c19-eba0-475f-a464-cb14b977f01e,True,61,"2021, 10, 31, 22, 00, 49"
225d225a-0f67-4eea-82ce-d898c228fe70,False,61,"2021, 10, 31, 22, 00, 51"
c6d931fa-3a2d-43cd-a749-3107f70eaf6c,True,62,"2021, 10, 31, 22, 00, 55"
53f5fc84-5155-47a3-bc6e-5887962dcfa2,False,62,"2021, 10, 31, 22, 00, 57"
f193a465-ee92-4453-bfa4-17e57f70e426,True,63,"2021, 10, 31, 22, 01, 01"
bfb60096-2c4e-4d10-a630-0ff8be52f156,False,63,"2021, 10, 31, 22, 01, 03"
2d74daae-871c-4109-9d31-f2f7ffd0cce1,True,64,"2021, 10, 31, 22, 01, 07"
feff2cf5-5e94-45de-a16e-b01182f7804d,False,64,"2021, 10, 31, 22, 01, 09"
4025144c-f845-4123-b06b-befb0a82cc27,True,65,"2021, 10, 31, 22, 01, 13"
69813459-1177-4c0e-8ac1-ee4a5829e79a,False,65,"2021, 10, 31, 22, 01, 15"
