a39902a8-0b96-47cc-8912-79eb59a9e870,True,240,"2021, 12, 05, 19, 26, 14"
3345d35b-afb6-4f20-8152-b3ed762370ce,True,241,"2021, 12, 05, 19, 26, 14"
a28bc69e-79c0-46be-9f21-93300cd81ac4,False,240,"2021, 12, 05, 19, 26, 14"
fce24205-dd4a-4ecb-9ed2-25e468427d99,True,242,"2021, 12, 05, 19, 26, 14"
3366df6e-21ea-429f-83cc-f535b45fdd51,False,241,"2021, 12, 05, 19, 26, 14"
471baa61-e240-4782-ab03-297c8b847dc3,True,243,"2021, 12, 05, 19, 26, 14"
d8dd558b-3b05-467f-b300-e9fc58909b53,False,242,"2021, 12, 05, 19, 26, 14"
a3635e1a-1a0c-4658-924d-a28559cbb687,True,244,"2021, 12, 05, 19, 26, 14"
ab755d17-8384-45cc-ab13-11971049b00f,False,243,"2021, 12, 05, 19, 26, 14"
9bda6cae-92b1-4ad0-8cba-720859f77b52,True,245,"2021, 12, 05, 19, 26, 14"
faf46cff-674b-498f-b6ed-4870a7cfe6cc,False,244,"2021, 12, 05, 19, 26, 14"
0f50a327-5a98-43e0-8133-1ea331ebb0df,True,120,"2021, 12, 05, 19, 26, 14"
466bff44-f944-41a3-92b9-24115bc7e24a,False,245,"2021, 12, 05, 19, 26, 14"
3b2d83bc-e9d2-4162-a58a-078614173a12,True,121,"2021, 12, 05, 19, 26, 14"
fbfd940c-e142-4df0-b73e-97040755dd77,False,120,"2021, 12, 05, 19, 26, 14"
6b5b14d7-85f6-483f-9922-a1eafb9e7186,True,122,"2021, 12, 05, 19, 26, 14"
d62d76ba-2de2-4211-a98a-fd5677d676ab,False,121,"2021, 12, 05, 19, 26, 14"
cbbb280e-5fc3-4de8-abc6-2f58d21444b2,True,123,"2021, 12, 05, 19, 26, 14"
aaf5e149-dfae-4f27-b78d-5612f81ca930,False,122,"2021, 12, 05, 19, 26, 14"
c5ded9f7-0611-448d-9f7a-00743eb0317f,True,124,"2021, 12, 05, 19, 26, 14"
0f5571c0-f601-4044-a5f1-b35595c5fbbe,False,123,"2021, 12, 05, 19, 26, 14"
96bfaa1a-f3a3-4ba5-afc5-69da41d5017a,True,125,"2021, 12, 05, 19, 26, 14"
f44034c0-9332-4e30-8c00-7c991e4480d5,False,124,"2021, 12, 05, 19, 26, 14"
48fb5626-831f-4a1d-b4a8-6e00f58e8c16,True,126,"2021, 12, 05, 19, 26, 14"
9ddee533-8717-43fc-817d-7ac821ad5e9e,False,125,"2021, 12, 05, 19, 26, 14"
012b129e-c8ea-496b-8098-855c2bd0f8f8,True,127,"2021, 12, 05, 19, 26, 14"
28ffe88c-2d6a-4233-9669-04c422f5dd93,False,126,"2021, 12, 05, 19, 26, 14"
cf8ecfcf-18b6-411b-a415-d2a3736a4ea2,True,128,"2021, 12, 05, 19, 26, 14"
4d2bb91c-aeac-4d2d-860f-fb9ea8fd1378,False,127,"2021, 12, 05, 19, 26, 14"
28bd6c3c-37fe-4c3a-a08e-e9896b9cca7c,True,129,"2021, 12, 05, 19, 26, 14"
00a3a481-0435-4aa8-ba59-6a470448243f,False,128,"2021, 12, 05, 19, 26, 14"
7e1e3325-2a81-42bf-9bb1-52bc4a40ef6f,True,246,"2021, 12, 05, 19, 26, 14"
70aed25b-76b3-496d-bc99-1456f42a08dd,False,129,"2021, 12, 05, 19, 26, 14"
0a9b3d62-f640-4962-9ac1-342aca055863,True,247,"2021, 12, 05, 19, 26, 14"
b348c782-1168-44df-be74-74e007d56c33,False,246,"2021, 12, 05, 19, 26, 14"
2aa9b6be-7e19-4647-96a3-63e571170e13,True,248,"2021, 12, 05, 19, 26, 14"
416cad21-552a-4625-8ab7-3be70a910c13,False,247,"2021, 12, 05, 19, 26, 14"
49f3dc5d-68f5-4518-9321-0571e02f42f2,True,249,"2021, 12, 05, 19, 26, 14"
f273d229-726c-4d9e-8a99-2954149426fb,False,248,"2021, 12, 05, 19, 26, 14"
65c04f4c-2f70-4164-b6a3-0abb6856abef,True,250,"2021, 12, 05, 19, 26, 14"
df788427-b447-4209-9ea3-23be709f45e9,False,249,"2021, 12, 05, 19, 26, 14"
7e0b4b2a-440e-4196-aefa-d1a7b24cfeea,True,251,"2021, 12, 05, 19, 26, 14"
27f6e1c0-988c-4f20-a41c-99ed25b6901a,False,250,"2021, 12, 05, 19, 26, 14"
b811eca0-92b1-4c16-9f8d-a56e7fc4aff4,True,180,"2021, 12, 05, 19, 26, 14"
e9df8df7-5169-4ff1-acb4-cb253c968de5,False,251,"2021, 12, 05, 19, 26, 14"
8212c83a-bbac-4635-8bc3-383c1f14debd,True,181,"2021, 12, 05, 19, 26, 14"
d6b88165-4229-4a87-a1a5-5d7f73865a2b,False,180,"2021, 12, 05, 19, 26, 14"
5041e895-53de-4475-a53e-7ff251b1f254,True,182,"2021, 12, 05, 19, 26, 14"
32ed653a-0375-47da-989e-1cb531a57b53,False,181,"2021, 12, 05, 19, 26, 14"
2a1bdcde-9924-4a0c-ba5d-ca7a51d712ab,True,183,"2021, 12, 05, 19, 26, 14"
e91b5212-87a4-4b4b-84e3-62d60ae3e972,False,182,"2021, 12, 05, 19, 26, 14"
1506a9ea-4a7c-4511-b9c0-a5fd2c792e5b,True,184,"2021, 12, 05, 19, 26, 14"
e589f430-71bc-4f95-bf64-c08fc917335c,False,183,"2021, 12, 05, 19, 26, 14"
67ef4611-347c-4fbf-8078-dc2e0ccc54d4,True,185,"2021, 12, 05, 19, 26, 14"
74a7eeba-e4de-4784-8fa5-99c7f8001209,False,184,"2021, 12, 05, 19, 26, 14"
d29a3b2b-b8e9-461b-a1cf-c57768c9a799,True,186,"2021, 12, 05, 19, 26, 14"
a31f8ed4-eef5-4157-b4d0-1d7994d27de2,False,185,"2021, 12, 05, 19, 26, 14"
792e604c-d675-49dc-838f-4d46c867ec62,True,187,"2021, 12, 05, 19, 26, 14"
d93cab23-a361-485a-b5cb-567f245d9c24,False,186,"2021, 12, 05, 19, 26, 14"
25476a5f-d202-43f8-a823-5c9d26e8c9be,True,188,"2021, 12, 05, 19, 26, 14"
dd75af9c-b798-4e17-8436-484142fe84ca,False,187,"2021, 12, 05, 19, 26, 14"
014eb71d-8eb2-445e-a310-66b8ec7f7870,True,189,"2021, 12, 05, 19, 26, 14"
e70a1d99-7a7f-4806-aa49-61dbee2ec96c,False,188,"2021, 12, 05, 19, 26, 14"
3e9462a6-e092-4925-b7ab-657860daa52c,True,30,"2021, 12, 05, 19, 26, 14"
87a4919f-599d-4fe2-92a1-d5f05a2a8c8e,False,189,"2021, 12, 05, 19, 26, 14"
508bc49d-4c6b-48b5-934c-e6178bca6a69,True,31,"2021, 12, 05, 19, 26, 14"
f19a9422-1c82-46a2-a321-6bc050db18dd,False,30,"2021, 12, 05, 19, 26, 14"
d65ff77f-6192-466c-b8b3-c8f7be2f6d3c,True,32,"2021, 12, 05, 19, 26, 14"
23f4d2b8-005c-4b2e-af45-c784159371ec,False,31,"2021, 12, 05, 19, 26, 14"
4ee99fe2-0f8d-4174-ba93-1d783871b057,True,33,"2021, 12, 05, 19, 26, 14"
c34f9617-b2cf-4043-aa24-62f4dd8be7b2,False,32,"2021, 12, 05, 19, 26, 14"
cfbb5c34-de39-4bb5-8489-e2cb9ac6378a,True,34,"2021, 12, 05, 19, 26, 14"
70ec38f8-c5de-467f-a049-cdc72a290032,False,33,"2021, 12, 05, 19, 26, 14"
9e418106-e87b-461a-a053-ad0e2b28ee72,True,35,"2021, 12, 05, 19, 26, 14"
d1841baa-367c-4e09-ba80-3805484259a7,False,34,"2021, 12, 05, 19, 26, 14"
22202f59-c9e2-479a-80c1-f73c663247e1,True,36,"2021, 12, 05, 19, 26, 14"
9568c007-6ab5-4fcd-abbf-4e2a9061ba6b,False,35,"2021, 12, 05, 19, 26, 14"
4f1c426d-6d92-4fc1-b64e-3e0d846104c2,True,37,"2021, 12, 05, 19, 26, 14"
cee4232d-aca3-4aaa-99a5-55b9ecfeedd4,False,36,"2021, 12, 05, 19, 26, 14"
b24b4a06-a948-47a8-8516-793d322025a2,True,38,"2021, 12, 05, 19, 26, 14"
a6a93f19-fca7-4a61-a10d-47a9cc8f5e5d,False,37,"2021, 12, 05, 19, 26, 14"
4dd8b0f6-7380-49a5-a368-6887f108b017,True,39,"2021, 12, 05, 19, 26, 14"
7de6bfa5-4af0-4366-a13a-e83c5d765f53,False,38,"2021, 12, 05, 19, 26, 14"
45d6e347-384f-44f3-94b8-2f891d1f4f1b,True,60,"2021, 12, 05, 19, 26, 14"
2d57b1c0-ecbf-4dc3-814f-13457113e338,False,39,"2021, 12, 05, 19, 26, 14"
092467a9-9429-4890-a191-8be36fb65fd6,True,61,"2021, 12, 05, 19, 26, 14"
d8353891-e225-4aee-843f-0cb0aa86da04,False,60,"2021, 12, 05, 19, 26, 14"
03004533-85d4-499b-9b68-1a60b1c31460,True,62,"2021, 12, 05, 19, 26, 14"
6f9cade7-30dc-4b63-9498-a24cc1dbaad6,False,61,"2021, 12, 05, 19, 26, 14"
111fa4f2-415a-4a54-955a-af995951eee2,True,63,"2021, 12, 05, 19, 26, 14"
d69166b6-a58c-4571-adec-61638c578070,False,62,"2021, 12, 05, 19, 26, 14"
abd1298a-371d-4f31-965b-08e7e60579f2,True,64,"2021, 12, 05, 19, 26, 14"
99e4536c-955e-41a1-83f2-7b915dfb42af,False,63,"2021, 12, 05, 19, 26, 14"
e7ac0c10-9da8-4fd1-be91-8b50be14cc73,True,65,"2021, 12, 05, 19, 26, 14"
9c92fa46-fab9-45de-b5de-1469e19991de,False,64,"2021, 12, 05, 19, 26, 14"
ed8b1596-e623-42b2-8d2d-bad9b7f1b7d9,True,66,"2021, 12, 05, 19, 26, 14"
4bcaf364-aaa2-4701-af22-8efc605e578d,False,65,"2021, 12, 05, 19, 26, 14"
8182efbf-bbc1-47ac-b801-c27b98371228,True,67,"2021, 12, 05, 19, 26, 14"
65dd5873-0308-40e9-b1e6-022c4ebe9985,False,66,"2021, 12, 05, 19, 26, 14"
e494084f-5872-4575-8b8e-38c7f87bbad2,True,68,"2021, 12, 05, 19, 26, 14"
dd56e3a7-b79d-4a59-b6a1-6db6da7ea047,False,67,"2021, 12, 05, 19, 26, 14"
9b226b07-e0c8-495b-988a-f8ba67ecf0f6,True,69,"2021, 12, 05, 19, 26, 14"
103d0d39-1487-4e8c-8c74-5a68082ced92,False,68,"2021, 12, 05, 19, 26, 14"
cabc23ef-d79a-4714-9834-ed4f892c5bd0,True,20,"2021, 12, 05, 19, 26, 14"
3b598557-ca78-4635-9e1b-01c3b495d24e,False,69,"2021, 12, 05, 19, 26, 14"
56b5c875-19fd-491d-b3a2-88f9d33e88b3,True,21,"2021, 12, 05, 19, 26, 14"
a0634924-d9be-4dfd-8eff-4edb385e9a4b,False,20,"2021, 12, 05, 19, 26, 14"
5f2fa528-aac1-408e-9b9b-9ecd5d3702cf,True,22,"2021, 12, 05, 19, 26, 15"
62658302-d82c-485e-b50c-314373e0e0c1,False,21,"2021, 12, 05, 19, 26, 15"
07ea1796-988d-4eb0-93c4-9709ad9278cc,True,23,"2021, 12, 05, 19, 26, 15"
75ddc123-6372-4510-a768-190e078d1af5,False,22,"2021, 12, 05, 19, 26, 15"
0f5b171e-f247-4514-a5b2-ccb2dcd53a93,True,24,"2021, 12, 05, 19, 26, 15"
7d49a556-9826-4bba-9edd-d52525a437e6,False,23,"2021, 12, 05, 19, 26, 15"
892c166e-3457-4dd4-b9ec-cefadd08865f,True,25,"2021, 12, 05, 19, 26, 15"
351dce5e-faeb-4796-9a05-793b300a0ea9,False,24,"2021, 12, 05, 19, 26, 15"
7147b85b-aa05-4ebc-adff-5a21290df658,True,26,"2021, 12, 05, 19, 26, 15"
c4778618-e508-4c19-a820-2f15fdf899d3,False,25,"2021, 12, 05, 19, 26, 15"
235f3580-efd9-41ec-96d3-e2e1cb71be7a,True,27,"2021, 12, 05, 19, 26, 15"
7ecbaef6-2351-4c6f-ad3f-27b4b0e17dc6,False,26,"2021, 12, 05, 19, 26, 15"
8eecee76-0fc3-4af4-ade5-4a6d231e8a98,True,28,"2021, 12, 05, 19, 26, 15"
94023c38-1f0a-4f74-bfb1-44a6062fd561,False,27,"2021, 12, 05, 19, 26, 15"
69f510f6-569a-4817-9b9b-5d72ebfd5872,True,29,"2021, 12, 05, 19, 26, 15"
526fa84d-e711-4528-9ede-e1b8ea3f8bc5,False,28,"2021, 12, 05, 19, 26, 15"
99025767-bc68-4530-a12a-a535dd6e4382,True,80,"2021, 12, 05, 19, 26, 15"
db9685c8-36cd-473e-a0ec-2b888890d267,False,29,"2021, 12, 05, 19, 26, 15"
05fa4e06-6933-42cc-b5b7-21de815d3ec8,True,81,"2021, 12, 05, 19, 26, 15"
666d0355-6a42-4912-a568-dc725fff6709,False,80,"2021, 12, 05, 19, 26, 15"
6ca842bb-cb33-4c62-b15e-b2986e2a241d,True,82,"2021, 12, 05, 19, 26, 15"
974d49bb-ecc7-4567-995a-2830d0798bd2,False,81,"2021, 12, 05, 19, 26, 15"
857aacf3-8f72-4c5e-a3c7-e4e65db39b5d,True,83,"2021, 12, 05, 19, 26, 15"
5e62bbd2-d12e-4b18-85db-6ee3cc49b58e,False,82,"2021, 12, 05, 19, 26, 15"
7434391f-c062-45b1-94e8-66ac1abb9b81,True,84,"2021, 12, 05, 19, 26, 15"
22291c1b-dc3e-4dda-93ee-013dcd9c78ed,False,83,"2021, 12, 05, 19, 26, 15"
8cf255f4-5fea-425b-ba76-37356853c4a6,True,85,"2021, 12, 05, 19, 26, 15"
a80a91b8-6d15-4edc-b4d6-49c6c207481f,False,84,"2021, 12, 05, 19, 26, 15"
5cddac69-c09c-4b20-ad2d-27e8d2dde8f4,True,86,"2021, 12, 05, 19, 26, 15"
7ba25179-8f98-4a6f-b8c2-fc6f62663df6,False,85,"2021, 12, 05, 19, 26, 15"
c3936edf-b4a3-4d32-87c0-3711175d355b,True,87,"2021, 12, 05, 19, 26, 15"
bfced4a6-1a09-4f70-87ca-2834934943a8,False,86,"2021, 12, 05, 19, 26, 15"
55cd43b9-fd2a-4bcc-8d88-b3af5dece888,True,88,"2021, 12, 05, 19, 26, 15"
56eb5db8-2a54-4e3f-ac90-065c5d35c582,False,87,"2021, 12, 05, 19, 26, 15"
2be3ba84-df72-4fd5-a45c-dfbcfc10a568,True,89,"2021, 12, 05, 19, 26, 15"
a75e64cf-f75a-4620-9ccf-b076e718f97c,False,88,"2021, 12, 05, 19, 26, 15"
92e7d569-292e-4fa6-99ce-3e4766dc2e88,True,130,"2021, 12, 05, 19, 26, 15"
0fe12518-7ac1-43a0-b330-02cc0fefe364,False,89,"2021, 12, 05, 19, 26, 15"
0d24b7bd-e748-4810-96a4-2ced6d1e6b4a,True,131,"2021, 12, 05, 19, 26, 15"
db6e9044-de77-409b-8a5e-5f0392445bfa,False,130,"2021, 12, 05, 19, 26, 15"
1ccbbcec-01f5-4de3-8e7b-cb93c70f9e5b,True,132,"2021, 12, 05, 19, 26, 15"
925f3f0c-3f63-45e5-b99b-3255b0706ec1,False,131,"2021, 12, 05, 19, 26, 15"
374efe9b-dd62-4229-8e40-7ec1e73727da,True,133,"2021, 12, 05, 19, 26, 15"
8474e598-2c8a-4908-ad9b-a4408925588d,False,132,"2021, 12, 05, 19, 26, 15"
6beb867a-75fb-492f-a4cf-69c7ae0fe171,True,134,"2021, 12, 05, 19, 26, 15"
9b44977f-e30e-470d-b01c-c8186553425a,False,133,"2021, 12, 05, 19, 26, 15"
c53ab00f-afc2-4f74-8e50-f8a58dae5143,True,135,"2021, 12, 05, 19, 26, 15"
d3a670a9-6b43-4b35-8043-fd82f99ee7e1,False,134,"2021, 12, 05, 19, 26, 15"
70ce2a63-27a1-43ff-abe7-860e3195759b,True,136,"2021, 12, 05, 19, 26, 15"
37ed837a-cc81-4a5b-afd2-fae15e9f58d9,False,135,"2021, 12, 05, 19, 26, 15"
831f0511-20f3-44bf-89c2-6e855534361a,True,137,"2021, 12, 05, 19, 26, 15"
8df57b39-d02c-4807-afd9-63bd9378dc5a,False,136,"2021, 12, 05, 19, 26, 15"
f23124a6-2fc9-4520-a1ef-7c7e1a8b4083,True,138,"2021, 12, 05, 19, 26, 15"
54f0265a-6b37-428e-8654-e5949d02d522,False,137,"2021, 12, 05, 19, 26, 15"
9ecb4060-2452-4099-80bd-8868d9af037a,True,139,"2021, 12, 05, 19, 26, 15"
75480bc0-70df-4575-8357-48b74acd25f2,False,138,"2021, 12, 05, 19, 26, 15"
860f3d0d-c42f-4aa9-a39a-01d8efdd6a94,True,10,"2021, 12, 05, 19, 26, 15"
4f428077-bd98-49ed-8d2f-191d203fc046,False,139,"2021, 12, 05, 19, 26, 15"
4c102b3b-f0c7-4369-914a-cf366a276a2a,True,11,"2021, 12, 05, 19, 26, 15"
8465c8f7-2021-4828-be32-193fe85e8763,False,10,"2021, 12, 05, 19, 26, 15"
c60a8456-7e44-422a-bf55-55417a91c95a,True,12,"2021, 12, 05, 19, 26, 15"
523c411e-2fac-485e-984f-106b35f407ea,False,11,"2021, 12, 05, 19, 26, 15"
1ed46bef-7a78-42f9-9d2d-34a7e7661e34,True,13,"2021, 12, 05, 19, 26, 15"
15660898-abc7-4bfa-95e7-07b3e677425b,False,12,"2021, 12, 05, 19, 26, 15"
86eda1b9-42cd-4f25-8775-45e7dc9eb10a,True,14,"2021, 12, 05, 19, 26, 15"
53af022a-ce8e-424c-bc3f-ecfc7639af45,False,13,"2021, 12, 05, 19, 26, 15"
9c2b2d71-326a-4cb1-8076-f475a8b2370e,True,15,"2021, 12, 05, 19, 26, 15"
94c55213-75c0-4388-ae7a-a77623ecd025,False,14,"2021, 12, 05, 19, 26, 15"
522298f4-ecb3-4ffc-971c-1a183466c010,True,16,"2021, 12, 05, 19, 26, 15"
39e5642d-7a9d-415f-ba86-1413dbabd021,False,15,"2021, 12, 05, 19, 26, 15"
2ad040b1-94d1-40a1-ba0e-d0f3e0645656,True,17,"2021, 12, 05, 19, 26, 15"
2ba03294-2eb2-4cd5-954d-052a8e79c5de,False,16,"2021, 12, 05, 19, 26, 15"
bce19389-56e0-4b67-902e-d04a1cb65b6f,True,18,"2021, 12, 05, 19, 26, 15"
d63003ae-3e87-4fe5-a709-393fe9ab060b,False,17,"2021, 12, 05, 19, 26, 15"
c14f02df-dcac-4918-9381-cdfd2e0cc585,True,19,"2021, 12, 05, 19, 26, 15"
70c8b0cc-f553-476a-a051-6dd5ecdf035b,False,18,"2021, 12, 05, 19, 26, 15"
9aeeb8c6-dd9b-4db1-bce0-50f39941d999,True,110,"2021, 12, 05, 19, 26, 15"
9aedf9de-b4cf-46da-89c6-15c221937375,False,19,"2021, 12, 05, 19, 26, 15"
fcf157eb-34dc-4fe4-a053-b75ddf3011a5,True,111,"2021, 12, 05, 19, 26, 15"
0c18e387-2f4d-4a30-a236-8162af00cb7e,False,110,"2021, 12, 05, 19, 26, 15"
027492d5-367e-411e-ab14-008fb3a5bf9e,True,112,"2021, 12, 05, 19, 26, 15"
fa9d2723-c9f8-418b-8b27-6c32dcbcfcd7,False,111,"2021, 12, 05, 19, 26, 15"
79916fce-335c-4f52-acd3-e349f6c266cb,True,113,"2021, 12, 05, 19, 26, 15"
23ade8bc-1f08-45e1-bc87-3b060eb6744c,False,112,"2021, 12, 05, 19, 26, 15"
1b6f40a3-9b42-4a50-9390-18e534f518f3,True,114,"2021, 12, 05, 19, 26, 15"
618150ae-522d-47fb-86e3-ac91d010dc51,False,113,"2021, 12, 05, 19, 26, 15"
f567c083-fb73-48c2-83ec-88a36b2c1bc2,True,115,"2021, 12, 05, 19, 26, 15"
5c0a6345-bd72-4e3b-99ec-6d216b4a590c,False,114,"2021, 12, 05, 19, 26, 15"
83847f0e-8bd6-42f2-ba3f-9948287f8c86,True,116,"2021, 12, 05, 19, 26, 15"
cebfd22c-f54d-4a35-a9b3-911b85bba903,False,115,"2021, 12, 05, 19, 26, 15"
30f4adc6-080e-4194-9397-6ca2d745ea01,True,117,"2021, 12, 05, 19, 26, 15"
8fadc1ce-fac0-4ea2-b7df-26de291b9993,False,116,"2021, 12, 05, 19, 26, 15"
93888e6c-4304-42c9-998c-927aef533c5a,True,118,"2021, 12, 05, 19, 26, 15"
9bcaaad5-009a-4eac-8a7f-f5d9e04a8c6b,False,117,"2021, 12, 05, 19, 26, 15"
abdceee1-be55-437f-a61e-5eca9c264504,True,119,"2021, 12, 05, 19, 26, 15"
22eb3c01-c60d-4ec3-ad3c-6e8ac4178d1f,False,118,"2021, 12, 05, 19, 26, 15"
b599bfe4-6db6-4a79-9382-f01545b4fd55,True,40,"2021, 12, 05, 19, 26, 15"
2e48d7bb-70ac-4127-9160-4faf62717ec8,False,119,"2021, 12, 05, 19, 26, 15"
72bf62a1-a39a-4805-97d1-6244fa568ef3,True,41,"2021, 12, 05, 19, 26, 15"
435fe6da-369a-40cd-93a0-6068d143d52d,False,40,"2021, 12, 05, 19, 26, 15"
e0712016-6503-41ad-b647-58d96f5956d5,True,42,"2021, 12, 05, 19, 26, 15"
80b0bfa3-ad96-4aea-a947-5005ad83cab4,False,41,"2021, 12, 05, 19, 26, 15"
962d192c-39be-435b-9f88-effbe5f9e3bc,True,43,"2021, 12, 05, 19, 26, 15"
1b5faaa0-18ea-4daf-b10e-3019ea11a4ed,False,42,"2021, 12, 05, 19, 26, 15"
2699076c-8b5b-4fe1-a949-6e42f9704d4f,True,44,"2021, 12, 05, 19, 26, 15"
666b3c05-b915-4e4d-8c2e-8833ed7094a0,False,43,"2021, 12, 05, 19, 26, 15"
e819386f-6260-4196-9fb8-9bf689d5037d,True,45,"2021, 12, 05, 19, 26, 15"
63c6fe7d-5cbc-48f5-8a09-d1e1f19551e0,False,44,"2021, 12, 05, 19, 26, 15"
de7c07bf-4f23-43e8-8a17-81e52d5a9cca,True,46,"2021, 12, 05, 19, 26, 15"
6f9bda6b-cbc2-4808-9795-3a9ab02f90d2,False,45,"2021, 12, 05, 19, 26, 15"
e10406e3-bb5c-4646-8803-31cfbd8621ee,True,47,"2021, 12, 05, 19, 26, 15"
50a2afe8-5d4a-4528-8446-146d518be3a7,False,46,"2021, 12, 05, 19, 26, 15"
74bbc369-7286-47f4-a3ee-f568728f1b4a,True,48,"2021, 12, 05, 19, 26, 15"
1f5fb9dc-40b2-4b4f-a04c-29a64287d08c,False,47,"2021, 12, 05, 19, 26, 15"
580d7c7a-943b-42a1-85d7-d985b039a157,True,49,"2021, 12, 05, 19, 26, 15"
c001ad11-ee84-4455-ad53-ae07945ca7bc,False,48,"2021, 12, 05, 19, 26, 15"
b199b9ce-f61d-4b1f-ae86-58926d689e37,True,0,"2021, 12, 05, 19, 26, 15"
f7db9164-b71c-4718-9362-ee3dd86b6da3,False,49,"2021, 12, 05, 19, 26, 15"
d3359b6b-4e29-45d9-bf22-d7476af19931,True,1,"2021, 12, 05, 19, 26, 15"
0f6be8ea-3116-4b3b-a265-5988cf715c50,True,2,"2021, 12, 05, 19, 26, 15"
8445eebd-1813-4309-99a5-5e841a0cae44,True,3,"2021, 12, 05, 19, 26, 15"
0a052e8d-0993-486b-a7a7-2ef9e8d62062,True,4,"2021, 12, 05, 19, 26, 15"
c3f4f8ca-0ef2-4d81-85ee-57a9b86d3fae,True,5,"2021, 12, 05, 19, 26, 15"
0137cd67-0bfd-4163-9abf-b88c2e17fa14,True,6,"2021, 12, 05, 19, 26, 15"
63692d40-892d-418c-8a64-6e9b65fbf648,True,7,"2021, 12, 05, 19, 26, 15"
f0dd52c2-1c08-46dd-9895-d30130e0a790,True,8,"2021, 12, 05, 19, 26, 15"
c819b6d0-8c86-4227-aa44-78e49f406345,True,9,"2021, 12, 05, 19, 26, 15"
af31b1cb-96d9-4df3-9ccf-32a967649b14,True,150,"2021, 12, 05, 19, 26, 15"
37a04ee1-4259-45ee-81ff-e92592686f2c,True,151,"2021, 12, 05, 19, 26, 15"
6dbbaadf-c115-4b08-9589-3e9ab669d8e3,False,150,"2021, 12, 05, 19, 26, 15"
38981cd1-d6f1-4e65-b727-f04b6437626a,True,152,"2021, 12, 05, 19, 26, 15"
59e5246d-31bd-4795-8211-722485f90f97,False,151,"2021, 12, 05, 19, 26, 15"
7acac77b-f304-4ef6-87ec-161e2a0840c7,True,153,"2021, 12, 05, 19, 26, 15"
2d440657-c50f-45de-aeb6-754bca763e78,False,152,"2021, 12, 05, 19, 26, 15"
13c2c4ed-bb08-4f1e-b81b-b98e1c780703,True,154,"2021, 12, 05, 19, 26, 15"
db71347e-7748-47f8-b3b4-3e577c788f46,False,153,"2021, 12, 05, 19, 26, 15"
29be0cad-f822-45cb-bdc8-c9f253a45d42,True,155,"2021, 12, 05, 19, 26, 15"
34689037-fa2c-434d-b4fd-095f660c4a57,False,154,"2021, 12, 05, 19, 26, 15"
3896f562-93f8-42d4-bcc9-8bed57f06ad7,True,156,"2021, 12, 05, 19, 26, 15"
63eb5da1-5b83-484e-8342-4b8996cf0b2e,False,155,"2021, 12, 05, 19, 26, 15"
868edec8-1d60-4b13-8664-7b5055508a84,True,157,"2021, 12, 05, 19, 26, 15"
9d6b52b3-92b4-4d5d-8c41-d11186f047f7,False,156,"2021, 12, 05, 19, 26, 15"
641a33d5-fb06-4cc3-b2a0-bb17fe4941aa,True,158,"2021, 12, 05, 19, 26, 15"
d1e30443-559a-45c2-ae0f-b3be501a7ed8,False,157,"2021, 12, 05, 19, 26, 15"
efa2337c-a52d-4416-ab83-1362e864049b,True,159,"2021, 12, 05, 19, 26, 15"
137c8c0d-c18e-4a8e-8ea5-dce63893d0c0,False,158,"2021, 12, 05, 19, 26, 15"
38401dd3-1e0d-4498-ae99-f2d98601ff34,True,160,"2021, 12, 05, 19, 26, 15"
e1bf1380-6d69-48a5-b4f6-433c793091a0,False,159,"2021, 12, 05, 19, 26, 15"
c03a6678-5b02-43f5-a13b-3b8d96f7ebf9,True,161,"2021, 12, 05, 19, 26, 15"
cf9dde5c-352c-4160-bbd0-d2835530c743,False,160,"2021, 12, 05, 19, 26, 15"
9c2978d6-2ed0-401a-ba68-7a4816209a95,True,162,"2021, 12, 05, 19, 26, 15"
4b543b94-780d-4d13-ad16-b836177b9cbd,False,161,"2021, 12, 05, 19, 26, 15"
50f6cdc7-3a0c-46c8-a3c1-28dbaec4e9ee,True,163,"2021, 12, 05, 19, 26, 15"
ba2eb9a7-9b97-44af-9e37-79ed2157b8bd,False,162,"2021, 12, 05, 19, 26, 15"
b66519c0-a0a1-43df-b9e6-666cb9d25235,True,164,"2021, 12, 05, 19, 26, 15"
7ea0f2b8-ce73-424f-b54e-20d730950215,False,163,"2021, 12, 05, 19, 26, 15"
9e4eb38b-3d6c-4dc2-b770-d086bcc51c51,True,165,"2021, 12, 05, 19, 26, 15"
045cb1d5-3856-4f56-80de-a7dce212d22f,False,164,"2021, 12, 05, 19, 26, 15"
7e2adc2e-915a-480f-af4f-28d53c807bf9,True,166,"2021, 12, 05, 19, 26, 15"
8118e6b1-778a-447e-800a-150aee724846,False,165,"2021, 12, 05, 19, 26, 15"
41232ebb-a54c-4da2-bb54-e4b03090aaf9,True,167,"2021, 12, 05, 19, 26, 15"
2315abab-8d71-4b0a-a60c-128a2022588d,False,166,"2021, 12, 05, 19, 26, 15"
092454f5-4177-4303-a9d0-cb04beaa3c3b,True,168,"2021, 12, 05, 19, 26, 15"
d8569a70-952e-4d68-a559-b8c4d7f3aaa8,False,167,"2021, 12, 05, 19, 26, 15"
bebb3f38-1e6e-4dc9-94fe-d9c588832bbb,True,169,"2021, 12, 05, 19, 26, 15"
dfbd0dcf-d8db-4f91-8338-b6b8f5afdcb2,False,168,"2021, 12, 05, 19, 26, 15"
b20c35fe-52f0-46f1-8e48-a3d5c81c62cc,True,100,"2021, 12, 05, 19, 26, 15"
e378a4c9-cd2e-4150-8226-f9c0c1f27e3a,False,169,"2021, 12, 05, 19, 26, 15"
84c0a2fd-fc64-435d-a8cb-b49a2243cc00,True,101,"2021, 12, 05, 19, 26, 15"
9c99510c-97f0-45ee-b6fa-6dd79f8e4f76,False,100,"2021, 12, 05, 19, 26, 15"
e7c72c8e-a82c-45fa-9f9a-388cf9ed6a84,True,102,"2021, 12, 05, 19, 26, 15"
b85a4eda-4384-4e34-a4c2-294fcf32b9cb,False,101,"2021, 12, 05, 19, 26, 15"
b3e24603-daf0-4ca7-9fbb-ad0542afe3a8,True,103,"2021, 12, 05, 19, 26, 15"
e2f1d70f-6b43-4d7b-ac86-ed6b1360c30c,False,102,"2021, 12, 05, 19, 26, 15"
fac5c64e-dc66-442f-aae6-6b0fc3ef033d,True,104,"2021, 12, 05, 19, 26, 15"
840a20a3-1fbb-4c8a-b35f-7e301def4af2,False,103,"2021, 12, 05, 19, 26, 15"
55df11ea-cb41-44ac-9e24-e4e85971326c,True,105,"2021, 12, 05, 19, 26, 15"
0e1579e5-1d82-4e8b-adbc-b823adbffaed,False,104,"2021, 12, 05, 19, 26, 15"
88a46937-26ee-4d57-a2d1-de611365b1df,True,106,"2021, 12, 05, 19, 26, 15"
7ec406f5-7560-470b-beeb-51a08fb1309e,False,105,"2021, 12, 05, 19, 26, 15"
8239ab17-6c10-4969-9e21-1fe80f674cde,True,107,"2021, 12, 05, 19, 26, 15"
e4f19240-5593-47c9-b97c-cef9666e0cea,False,106,"2021, 12, 05, 19, 26, 15"
08562cd0-5125-4756-b8cc-161e9b48b54d,True,108,"2021, 12, 05, 19, 26, 15"
75a39750-bcea-4a1c-9540-9efb21eb120d,False,107,"2021, 12, 05, 19, 26, 15"
bf6f15bc-8574-48b5-ab26-e822d4ce0850,True,109,"2021, 12, 05, 19, 26, 15"
3467841d-a947-453f-8ae0-40989765c230,False,108,"2021, 12, 05, 19, 26, 15"
2511e8f1-81fc-48d0-a9ca-1851d3387663,True,170,"2021, 12, 05, 19, 26, 15"
dc24e0e7-afcc-42c2-8499-5c99d9e58f79,False,109,"2021, 12, 05, 19, 26, 15"
5c044f21-056e-482e-8592-17fb9dbf48e2,True,171,"2021, 12, 05, 19, 26, 15"
7be923c1-9d44-4fdb-bddd-df6fbd834197,False,170,"2021, 12, 05, 19, 26, 15"
0d93f4c2-add7-419f-bb95-ec5689e5367c,True,172,"2021, 12, 05, 19, 26, 15"
4a50916e-78bc-436e-a639-4a5d7c116fcd,False,171,"2021, 12, 05, 19, 26, 15"
0cf2a5d6-b0a8-4799-b1b1-dd094902c945,True,173,"2021, 12, 05, 19, 26, 15"
fbe87416-b13f-43c8-9595-ece5c418fd26,False,172,"2021, 12, 05, 19, 26, 15"
0af6a525-a486-4e51-960d-232596753c3a,True,174,"2021, 12, 05, 19, 26, 15"
4939c2ec-3c50-454b-af09-1a6e71f7a06d,False,173,"2021, 12, 05, 19, 26, 15"
aa8fb504-073e-4fc4-b7f9-109e61ecff04,True,175,"2021, 12, 05, 19, 26, 15"
cef7f983-4395-4018-8df5-0fcdb3ea20fa,False,174,"2021, 12, 05, 19, 26, 15"
01a468ac-df20-4063-8af6-a14e2cbc08d2,True,176,"2021, 12, 05, 19, 26, 15"
d1361c41-3917-4cbe-b4d5-9caa6cee2230,False,175,"2021, 12, 05, 19, 26, 15"
42d74f36-f807-49e7-962c-78588c134d28,True,177,"2021, 12, 05, 19, 26, 15"
96d25bf5-94e1-4549-840e-aa353d2e39d5,False,176,"2021, 12, 05, 19, 26, 15"
62093b24-403f-413f-a573-07035296298d,True,178,"2021, 12, 05, 19, 26, 15"
54638261-eb69-49d2-904e-e2b6eaf2ae9e,False,177,"2021, 12, 05, 19, 26, 15"
820c0c29-2c9a-4f44-a8ce-adf4d44aac4f,True,179,"2021, 12, 05, 19, 26, 15"
756a8c1d-64d1-4e37-8603-675f9e5d8aa6,False,178,"2021, 12, 05, 19, 26, 15"
9a83c71f-2b5e-4cc2-82ef-615096f30723,True,210,"2021, 12, 05, 19, 26, 15"
1f58a4f7-3f89-4eca-8b28-2b1575643d25,False,179,"2021, 12, 05, 19, 26, 15"
2733cb01-4bb8-42cc-a7b3-1438ebe7210c,True,211,"2021, 12, 05, 19, 26, 15"
8ba3bd15-1349-4245-adee-359255baa448,False,210,"2021, 12, 05, 19, 26, 15"
34c20ad9-af01-42d3-9662-2d8f032d2989,True,212,"2021, 12, 05, 19, 26, 15"
5dc252aa-a764-4b19-b8f2-d88a42f54631,False,211,"2021, 12, 05, 19, 26, 15"
8b48f16b-b836-457e-97f4-c62922a1a71f,True,213,"2021, 12, 05, 19, 26, 15"
0bc41dd0-69b6-421e-91e7-9458631a7536,False,212,"2021, 12, 05, 19, 26, 15"
37ad6254-5850-401b-8712-dcb5a9a55392,True,214,"2021, 12, 05, 19, 26, 15"
993816fa-931e-48d7-98f6-2ac2c95efe37,False,213,"2021, 12, 05, 19, 26, 15"
7ba040fc-d97d-48ab-b982-4a82dbc3d44d,True,215,"2021, 12, 05, 19, 26, 15"
ab456965-6eb3-4e17-8f9f-f27e75e127e7,False,214,"2021, 12, 05, 19, 26, 15"
fa8b7ba7-9758-47b3-8414-8aa589134c7d,True,216,"2021, 12, 05, 19, 26, 15"
a1845516-c3d6-45c7-ad5b-585ad3920cf5,False,215,"2021, 12, 05, 19, 26, 15"
9a23cabc-0318-4003-8665-179ab30a7f2e,True,217,"2021, 12, 05, 19, 26, 15"
fc6b5792-a338-49e5-a8ba-1c14b559df7b,False,216,"2021, 12, 05, 19, 26, 15"
bf4612bb-d8e9-40b3-a272-69a16dfb60fd,True,218,"2021, 12, 05, 19, 26, 15"
1c06ddf7-b007-48e7-8407-eff8666fdbce,False,217,"2021, 12, 05, 19, 26, 15"
7c72d258-b916-4805-ab50-dfdbbadf8502,True,219,"2021, 12, 05, 19, 26, 15"
22cfb6e8-2134-47cc-8359-8dd909376001,False,218,"2021, 12, 05, 19, 26, 15"
44134fdd-2c3d-4925-8b5c-2e5f87e886be,True,220,"2021, 12, 05, 19, 26, 15"
de67303b-1138-45e4-8971-885e5243521f,False,219,"2021, 12, 05, 19, 26, 15"
fd79f509-d456-4d95-81d2-a3c7ee3f64d9,True,221,"2021, 12, 05, 19, 26, 15"
fc8dfc50-e4c7-4b78-9774-859c869cb111,False,220,"2021, 12, 05, 19, 26, 15"
cc0e62fd-b0b3-4750-bbd0-7c6a9f02a681,True,222,"2021, 12, 05, 19, 26, 15"
b5bd340b-3dde-4f10-aaca-8cf9d1a9939a,False,221,"2021, 12, 05, 19, 26, 15"
43d3c9d2-6d77-41f9-9ca1-2845c658b611,True,223,"2021, 12, 05, 19, 26, 15"
3aac1630-bf6c-4247-bda1-0d562a20d45b,False,222,"2021, 12, 05, 19, 26, 15"
9324798b-248e-44c2-ab19-fb6969919903,True,224,"2021, 12, 05, 19, 26, 15"
b2eba9a7-644f-43ae-b7d3-5e73f7847cae,False,223,"2021, 12, 05, 19, 26, 15"
542d8215-1761-4d2d-8edc-e34f914f49b8,True,225,"2021, 12, 05, 19, 26, 15"
6bf1377a-8bb7-4e98-83ab-bf2eeaef3c7b,False,224,"2021, 12, 05, 19, 26, 15"
37a6307c-b460-4b48-a5f2-c8f164dde61f,True,226,"2021, 12, 05, 19, 26, 15"
a01915ee-e664-4343-b76d-f4f41276f2f7,False,225,"2021, 12, 05, 19, 26, 15"
f442d2fa-a197-4853-98e2-b63f2cb5340a,True,227,"2021, 12, 05, 19, 26, 15"
2e8d9b39-47a8-4375-86ce-58d043a14b64,False,226,"2021, 12, 05, 19, 26, 15"
c5831a25-d5cc-44e0-9afa-7c461191de89,True,228,"2021, 12, 05, 19, 26, 15"
cdae3cdf-72df-4d16-b5a7-4c4acbf3f07a,False,227,"2021, 12, 05, 19, 26, 15"
f5862b38-245c-4884-8158-61fa65969028,True,229,"2021, 12, 05, 19, 26, 15"
a0bfbe88-664a-473d-baae-00c30c4d0082,False,228,"2021, 12, 05, 19, 26, 15"
e76e0209-5033-4c73-b42b-87852b30a5d6,True,90,"2021, 12, 05, 19, 26, 15"
452855cd-f963-4db4-9d90-132b8126455c,False,229,"2021, 12, 05, 19, 26, 15"
48205c13-0d77-4373-9e90-1c706519a79d,True,91,"2021, 12, 05, 19, 26, 15"
7dadfc13-2399-48c4-9b70-4e64b82b66aa,False,90,"2021, 12, 05, 19, 26, 15"
962f498b-38b8-435a-bfaa-a9d0be181a2b,True,92,"2021, 12, 05, 19, 26, 15"
ae012a50-018a-480d-8a8e-4ce38c78bbc6,False,91,"2021, 12, 05, 19, 26, 15"
add2c69b-5018-41f2-a890-65a901b1f8d1,True,93,"2021, 12, 05, 19, 26, 15"
0f57d1b6-9853-4ed2-95cf-f4d490a6e67d,False,92,"2021, 12, 05, 19, 26, 15"
844d004a-e820-49ae-9a79-130c7afaade4,True,94,"2021, 12, 05, 19, 26, 15"
5ca2398e-b8d2-443b-ac27-b46107819db1,False,93,"2021, 12, 05, 19, 26, 15"
e67954ee-ca88-4658-84ed-7382dd921ff0,True,95,"2021, 12, 05, 19, 26, 15"
03db9311-ebaf-4c4d-936f-349496d52285,False,94,"2021, 12, 05, 19, 26, 15"
99f6a807-3731-461f-a3a8-c366e30a1279,True,96,"2021, 12, 05, 19, 26, 15"
76bdaef5-4e18-4c83-8c91-7460c0b2868f,False,95,"2021, 12, 05, 19, 26, 15"
3d1d5a3e-2e04-4bcb-a81c-9e95ce3f3ddd,True,97,"2021, 12, 05, 19, 26, 15"
d795fe70-295d-4db4-bdda-2ad0243a6f6c,False,96,"2021, 12, 05, 19, 26, 15"
a11ec865-665f-4cc6-a0a5-b4c4e009260c,True,98,"2021, 12, 05, 19, 26, 15"
e0bc52d2-2a03-429d-9f16-8af7f15bb8f0,False,97,"2021, 12, 05, 19, 26, 15"
1d1c5fc6-c4e9-4b66-b029-5f0cf24f4228,True,99,"2021, 12, 05, 19, 26, 15"
bfae56fd-7c76-4a0a-aac3-9efd6d9f32ab,False,98,"2021, 12, 05, 19, 26, 15"
a4a6fb65-83a2-40d3-9fd6-0ea5c05a197a,True,190,"2021, 12, 05, 19, 26, 15"
1a6ab43f-82b1-4c27-be3a-79abd3d8e213,False,99,"2021, 12, 05, 19, 26, 15"
8376ef9f-0ebb-4ea3-9cc1-98c910900153,True,191,"2021, 12, 05, 19, 26, 15"
f73fea09-3719-4aff-84bc-2da91e77f89a,False,190,"2021, 12, 05, 19, 26, 15"
33c11027-8c5e-4150-bb12-b18dae717fcc,True,192,"2021, 12, 05, 19, 26, 15"
003ae5c7-86c0-4af4-aee5-3a8880dd7652,False,191,"2021, 12, 05, 19, 26, 15"
42bd5aec-8ee6-4f0e-84fd-a11b9b803da4,True,193,"2021, 12, 05, 19, 26, 15"
39889ed0-4bff-4627-bb62-3508cf7b9345,False,192,"2021, 12, 05, 19, 26, 15"
8f13cc99-7586-4d06-9f8c-87a1cda419f7,True,194,"2021, 12, 05, 19, 26, 15"
927f8a80-801b-423d-a3b2-b7d37b7dda70,False,193,"2021, 12, 05, 19, 26, 15"
34d7f27d-3dd9-4e19-9c75-740ec505a3fe,True,195,"2021, 12, 05, 19, 26, 16"
a2dc568c-3903-4235-83e5-24aadcb9b0fd,False,194,"2021, 12, 05, 19, 26, 16"
eba60f42-453b-4bd7-a5b9-1db4f4eb1252,True,196,"2021, 12, 05, 19, 26, 16"
71f2d143-1e80-484b-a6ad-3fe4a0122cb9,False,195,"2021, 12, 05, 19, 26, 16"
599438c5-8a00-41e0-afa9-eac197d7e715,True,197,"2021, 12, 05, 19, 26, 16"
19852068-2c81-40a9-a9b7-46366731ceef,False,196,"2021, 12, 05, 19, 26, 16"
f812e280-a0eb-40ab-9212-5fedcad20e58,True,198,"2021, 12, 05, 19, 26, 16"
fb062371-d2f8-4ca1-91e9-bd95d49afc85,False,197,"2021, 12, 05, 19, 26, 16"
87d763f8-f54b-44b7-8024-f289d972b9ec,True,199,"2021, 12, 05, 19, 26, 16"
a15cec55-9013-4b1e-bd31-bd0fcf096d4b,False,198,"2021, 12, 05, 19, 26, 16"
4a7292e3-b9a3-49ed-a07a-8547519d8017,True,140,"2021, 12, 05, 19, 26, 16"
bfa8ba08-b822-4bc7-8e48-fdfe6e112aa7,False,199,"2021, 12, 05, 19, 26, 16"
a317ec8d-e7c3-4403-95ff-77d2f0aee133,True,141,"2021, 12, 05, 19, 26, 16"
d8b24352-70d2-4018-ae2e-79a01cb47f31,False,140,"2021, 12, 05, 19, 26, 16"
9638fc4c-3f0c-4610-9284-11b8508a617a,True,142,"2021, 12, 05, 19, 26, 16"
fc4aba4e-07ae-4c38-8883-40061aa0084f,False,141,"2021, 12, 05, 19, 26, 16"
7743f1f3-96f8-49e6-a420-93b12063ad19,True,143,"2021, 12, 05, 19, 26, 16"
5966f253-def7-4a21-88e3-43d5d687eb8c,False,142,"2021, 12, 05, 19, 26, 16"
36205d57-564b-43e2-aa84-15af6cdf61fb,True,144,"2021, 12, 05, 19, 26, 16"
7207c183-bae5-494e-a996-a5810f36729f,False,143,"2021, 12, 05, 19, 26, 16"
ff12c859-6dc8-42d5-bccd-54bf9ef749fe,True,145,"2021, 12, 05, 19, 26, 16"
402ef0cb-b94c-4e19-ac41-866f4f5b8a8b,False,144,"2021, 12, 05, 19, 26, 16"
7de1aafa-06e4-4ca9-841a-83f8b648ccc1,True,146,"2021, 12, 05, 19, 26, 16"
373e2f0d-72bb-4aee-9622-a00057d8303d,False,145,"2021, 12, 05, 19, 26, 16"
800a5782-b6d7-451b-b425-0b3c0226f157,True,147,"2021, 12, 05, 19, 26, 16"
e57d7b7f-f211-48b7-bc73-ba6da97520b1,False,146,"2021, 12, 05, 19, 26, 16"
1209685d-cb72-4998-9757-cf4d1c452da6,True,148,"2021, 12, 05, 19, 26, 16"
1d5a8b68-31fd-47cf-bb10-c4850c502a10,False,147,"2021, 12, 05, 19, 26, 16"
4bfc3edf-14e8-407c-9d07-26290aedbc97,True,149,"2021, 12, 05, 19, 26, 16"
de7270bf-f4b2-46ea-9733-5bd236fd6eb7,False,148,"2021, 12, 05, 19, 26, 16"
cdadb39e-93c3-467b-aa4a-8901cfc92306,True,200,"2021, 12, 05, 19, 26, 16"
d85c22a5-db6b-43b9-9683-b22721e0a22a,False,149,"2021, 12, 05, 19, 26, 16"
5539c285-71c6-42ed-af64-69716b84a4c7,True,201,"2021, 12, 05, 19, 26, 16"
fbff172c-a47f-4891-a0ce-89a3acc4479e,False,200,"2021, 12, 05, 19, 26, 16"
09f93e9e-0141-4c83-a616-4a356459148f,True,202,"2021, 12, 05, 19, 26, 16"
8b0d28d5-dd58-4864-b06d-688b90041370,False,201,"2021, 12, 05, 19, 26, 16"
24e07e63-8821-4b78-8c52-cd410abd23b0,True,203,"2021, 12, 05, 19, 26, 16"
22ea58b3-4c36-4a03-b3b0-eb605598d77d,False,202,"2021, 12, 05, 19, 26, 16"
4a93219e-f370-4804-a9ee-e5932785ba27,True,204,"2021, 12, 05, 19, 26, 16"
98e86a7b-4217-4706-aa21-86bcb58635da,False,203,"2021, 12, 05, 19, 26, 16"
b93fefe3-da1b-4201-8850-713f07e85a2a,True,205,"2021, 12, 05, 19, 26, 16"
a4c091f0-b0e9-46ee-a072-41678936a69b,False,204,"2021, 12, 05, 19, 26, 16"
b7b78c0a-665c-4170-bdcd-4729c901ab4e,True,206,"2021, 12, 05, 19, 26, 16"
6c9d506e-bb50-48ed-b5e4-9ceb23fd855f,False,205,"2021, 12, 05, 19, 26, 16"
23213289-38c1-4185-97cf-987c374ad206,True,207,"2021, 12, 05, 19, 26, 16"
37a04dc0-f7e3-4a01-bc6a-3b8df9c02efb,False,206,"2021, 12, 05, 19, 26, 16"
87eec538-2e33-429f-b0e2-c3a333a01549,True,208,"2021, 12, 05, 19, 26, 16"
a5118809-3b13-45f3-8156-d7b2e433522f,False,207,"2021, 12, 05, 19, 26, 16"
c5af9dae-0372-44a6-8aac-ea905b057646,True,209,"2021, 12, 05, 19, 26, 16"
c132d130-4cad-4e1f-8ed4-72ac47c176b0,False,208,"2021, 12, 05, 19, 26, 16"
0478f18a-b8ab-40e4-84de-a793e346db8c,True,50,"2021, 12, 05, 19, 26, 16"
38bbcafd-2094-412f-8470-02cbe805b126,False,209,"2021, 12, 05, 19, 26, 16"
9a15b7c6-3d8e-4f61-80a3-f7e92c6997ae,True,51,"2021, 12, 05, 19, 26, 16"
4906a070-e1a3-4fc2-9b65-8789c7f4de49,False,50,"2021, 12, 05, 19, 26, 16"
45ff8323-f97f-4e0e-9ebf-237d42181cef,True,52,"2021, 12, 05, 19, 26, 16"
3ef7f9cb-6a0a-47e7-97df-163173fa72a2,False,51,"2021, 12, 05, 19, 26, 16"
2dca7a37-7801-40c6-bee7-7a542c688a93,True,53,"2021, 12, 05, 19, 26, 16"
9dd896ed-3a97-4611-b592-34ef44d916cf,False,52,"2021, 12, 05, 19, 26, 16"
233127e4-7e43-42a5-9a3d-433670d37003,True,54,"2021, 12, 05, 19, 26, 16"
02a66132-b048-4d9c-a4a8-f3befdde370a,False,53,"2021, 12, 05, 19, 26, 16"
3c17589a-7c8f-46ae-a146-673e19ddfd4a,True,55,"2021, 12, 05, 19, 26, 16"
3541a747-1bf2-4e11-8963-30e811a30b84,False,54,"2021, 12, 05, 19, 26, 16"
90ee9e08-fe64-4283-93ec-a81bce84a6ca,True,56,"2021, 12, 05, 19, 26, 16"
266c90a4-1abe-4cf6-ad6a-e0bf0fb3fda0,False,55,"2021, 12, 05, 19, 26, 16"
c8f448b2-ad95-4154-8d3d-ef1eeeb56a9b,True,57,"2021, 12, 05, 19, 26, 16"
3df50761-fea8-4cef-9566-538ae0601b2d,False,56,"2021, 12, 05, 19, 26, 16"
efe9f662-3b3c-43d4-b4da-956eb5e69e3f,True,58,"2021, 12, 05, 19, 26, 16"
f2266bb9-d3e6-427a-b2f4-fd3af2ea8011,False,57,"2021, 12, 05, 19, 26, 16"
4a9c3c0a-5019-441d-9b46-a92ae487f6de,True,59,"2021, 12, 05, 19, 26, 16"
325b19a5-9443-4840-9e69-a761f9a75658,False,58,"2021, 12, 05, 19, 26, 16"
2c31cc3d-28cf-4d82-8692-15e094ae504b,True,230,"2021, 12, 05, 19, 26, 16"
9e8747f8-ca8b-461b-9d96-591c0484e84c,False,59,"2021, 12, 05, 19, 26, 16"
1b906b61-fdcd-47ee-979d-c30fe2f3faaa,True,231,"2021, 12, 05, 19, 26, 16"
8d6ea10d-1390-49e6-a11c-0770d967f915,False,230,"2021, 12, 05, 19, 26, 16"
b1998a05-deea-4a51-9f68-087d44a49781,True,232,"2021, 12, 05, 19, 26, 16"
16a6fde1-71f8-4667-a858-a14d95abced3,False,231,"2021, 12, 05, 19, 26, 16"
836b9431-3572-48f4-9003-931eff622486,True,233,"2021, 12, 05, 19, 26, 16"
4edda233-d56b-428c-96a0-7f9e497f4d44,False,232,"2021, 12, 05, 19, 26, 16"
791cd44a-5f03-444d-9d99-3188bd9cf1ca,True,234,"2021, 12, 05, 19, 26, 16"
97489d04-5982-4f9c-a9b9-4cfc66e3b3a1,False,233,"2021, 12, 05, 19, 26, 16"
face3858-adec-4254-8e04-193415b672d6,True,235,"2021, 12, 05, 19, 26, 16"
f9daa645-8d75-47ad-a94c-dc1563b9af2d,False,234,"2021, 12, 05, 19, 26, 16"
1cb96c32-79d7-4049-b980-255f4a9c0654,True,236,"2021, 12, 05, 19, 26, 16"
4922b124-aa47-42c7-86b0-6050df741dad,False,235,"2021, 12, 05, 19, 26, 16"
ba76dfb4-3d68-445b-85a1-746b4ae4dd32,True,237,"2021, 12, 05, 19, 26, 16"
567c5b10-8ab6-4c38-b38d-c62ca59c3c99,False,236,"2021, 12, 05, 19, 26, 16"
cad0e879-844e-474d-a022-539245281564,True,238,"2021, 12, 05, 19, 26, 16"
008f9596-6e9c-45e5-906d-d3097c1593f0,False,237,"2021, 12, 05, 19, 26, 16"
e560fec0-859c-41dc-96dd-ae02504692e4,True,239,"2021, 12, 05, 19, 26, 16"
571b6693-1f66-4a99-b58c-be144d80d6fe,False,238,"2021, 12, 05, 19, 26, 16"
ec7c7e29-f0b1-491d-9600-b01fa79c2a4c,True,70,"2021, 12, 05, 19, 26, 16"
f356a8cf-d4fc-4c24-ace4-0582687ccb5d,False,239,"2021, 12, 05, 19, 26, 16"
789e054b-9d91-44a2-bad9-eda825d30b43,True,71,"2021, 12, 05, 19, 26, 16"
2dbb6cb5-9a93-40d9-bda2-2dc37d7f2fa8,False,70,"2021, 12, 05, 19, 26, 16"
86e86d5e-d635-4b49-82bd-0c411191486c,True,72,"2021, 12, 05, 19, 26, 16"
190ba71c-eda2-4915-a516-cbe3ccf19944,False,71,"2021, 12, 05, 19, 26, 16"
c4c9e7ea-e030-4092-8143-c9134ee44684,True,73,"2021, 12, 05, 19, 26, 16"
6c46a226-5fb6-4b8e-a251-ee04f11f6f4a,False,72,"2021, 12, 05, 19, 26, 16"
a5cfb0f9-807c-48dc-aef5-7241dce16c3f,True,74,"2021, 12, 05, 19, 26, 16"
10fcee54-cb22-4d9a-9221-ee43f0c28e9d,False,73,"2021, 12, 05, 19, 26, 16"
aebb2fcf-d07b-481c-b779-2b6b629875dd,True,75,"2021, 12, 05, 19, 26, 16"
43da66a3-1f87-4ecd-b8da-6ebf5a5d5ac7,False,74,"2021, 12, 05, 19, 26, 16"
f84fe4a5-14a4-48af-ade4-b0ffb8b93d8c,True,76,"2021, 12, 05, 19, 26, 16"
f753bb2d-e870-49e2-9d41-e6610977bea3,False,75,"2021, 12, 05, 19, 26, 16"
be6b59f3-e5c0-48a7-be63-74e076485f34,True,77,"2021, 12, 05, 19, 26, 16"
f28ea0fb-f342-413f-a1d6-251772f435bf,False,76,"2021, 12, 05, 19, 26, 16"
d4577497-5b53-4981-a476-1796c69ed66f,True,78,"2021, 12, 05, 19, 26, 16"
76419193-2f4b-4508-a33c-274c9f5b0423,False,77,"2021, 12, 05, 19, 26, 16"
f076fa5f-455a-45a9-bfaa-89a3897fed13,True,79,"2021, 12, 05, 19, 26, 16"
b5c07a89-0be1-40f7-9c15-33fbd64a13da,False,78,"2021, 12, 05, 19, 26, 16"
db6fc6ea-f92c-45ea-bd6d-cd71b972e3ba,False,79,"2021, 12, 05, 19, 26, 16"
0f7ca81b-aa20-4918-9add-dba8f26721e9,False,0,"2021, 12, 05, 19, 26, 16"
0546f1df-bf21-4732-a420-1f37c9d2bff4,False,1,"2021, 12, 05, 19, 26, 16"
28f5c89b-21f4-4c92-a6f0-32123a5169eb,False,2,"2021, 12, 05, 19, 26, 16"
db558592-a767-421c-9880-3b6bb881c662,False,3,"2021, 12, 05, 19, 26, 16"
3374af19-21fc-4a83-b820-a3fe8f41ccb4,False,4,"2021, 12, 05, 19, 26, 16"
9f52dd9d-48b3-4a2d-a363-a3d8cd6bf6b8,False,5,"2021, 12, 05, 19, 26, 16"
d28ed2a9-7296-498f-8cc1-299b6aad49c3,False,6,"2021, 12, 05, 19, 26, 16"
fc946f6b-2813-4a6b-a2e1-93cfeb118421,False,7,"2021, 12, 05, 19, 26, 16"
7b2df8cc-f8bb-47af-ab5a-9ddd9465b697,False,8,"2021, 12, 05, 19, 26, 16"
4a975ef2-eabd-4490-a745-03eea5dfe4d8,False,9,"2021, 12, 05, 19, 26, 16"
