cb916cea-2da1-4175-b128-07c419fdf18a,True,55,"2021, 12, 05, 20, 25, 49"
dc82a329-eb16-4819-b863-0b17fae5f31c,True,165,"2021, 12, 05, 20, 25, 49"
7a396b14-491a-4cfd-9c51-a7fe486c2c66,False,55,"2021, 12, 05, 20, 25, 49"
caa95986-0f9f-4c92-a61f-0f095146975c,True,30,"2021, 12, 05, 20, 25, 49"
eee69727-41a8-40df-83d6-ac132c735ed1,False,165,"2021, 12, 05, 20, 25, 49"
7c2cb083-6206-48a7-ba75-93a5b4b2b0fa,True,41,"2021, 12, 05, 20, 25, 49"
2a7cb7c9-1ffb-4f93-91d6-472443ce25dc,False,30,"2021, 12, 05, 20, 25, 49"
303ff94a-646c-4bde-817d-673feb492f62,True,23,"2021, 12, 05, 20, 25, 49"
efccb802-0c8b-4b76-9b78-7954e6f5d366,False,41,"2021, 12, 05, 20, 25, 49"
239046a1-ca65-4bdb-b494-fd56161caf7a,True,220,"2021, 12, 05, 20, 25, 49"
be1ce164-17d9-4890-98c3-74a447a0ec28,False,23,"2021, 12, 05, 20, 25, 49"
4cb38de8-8013-4a2d-b3a6-1bd5973636b7,True,22,"2021, 12, 05, 20, 25, 49"
7093d791-eedf-4b40-a498-e1167ffe9f6d,False,220,"2021, 12, 05, 20, 25, 49"
403b4908-22a3-4aa9-ab01-89db5b0e8845,True,103,"2021, 12, 05, 20, 25, 50"
56f9c8f1-d87c-459a-82be-ea8ccc6699e0,False,22,"2021, 12, 05, 20, 25, 50"
a025bb4a-427c-4b05-9917-d433b470df7d,True,87,"2021, 12, 05, 20, 25, 50"
8d5c6e2b-38f7-4d40-9648-95ea0c8dd236,False,103,"2021, 12, 05, 20, 25, 50"
727f5a98-f90f-4505-810a-169ebed33d66,True,92,"2021, 12, 05, 20, 25, 50"
8a01859d-3e4f-4848-b558-f81cc8f1dacb,False,87,"2021, 12, 05, 20, 25, 50"
9694ae47-f889-4b30-9e19-41fc60c6ea6b,True,108,"2021, 12, 05, 20, 25, 50"
dde5aded-76de-495b-90c7-07731b9f8133,False,92,"2021, 12, 05, 20, 25, 50"
9b74c951-edd1-47a7-bd0d-e654da092e5d,True,69,"2021, 12, 05, 20, 25, 50"
3ec0937e-107c-4e16-9cd7-a1a44d3e12c0,False,108,"2021, 12, 05, 20, 25, 50"
42eb5d33-c66d-43a4-9fe8-914eb02239e6,True,63,"2021, 12, 05, 20, 25, 50"
d1534f49-8e2f-4365-babb-c467c9d72aec,False,69,"2021, 12, 05, 20, 25, 50"
08150c36-0ad9-415d-b6dc-8691ae379e1f,True,38,"2021, 12, 05, 20, 25, 50"
9fbabcc2-a70a-4427-91f3-5bdf71b53585,False,63,"2021, 12, 05, 20, 25, 50"
2bc4a959-5ee5-4a1f-bdbd-0727f929f17f,True,62,"2021, 12, 05, 20, 25, 50"
058ca4bf-e947-41ce-b558-e8b861efbbba,False,38,"2021, 12, 05, 20, 25, 50"
6f636ba5-5436-4c1f-b2e8-3612a4aea124,True,129,"2021, 12, 05, 20, 25, 50"
c73b536e-3420-47db-9f31-5f16ddbcdf6f,False,62,"2021, 12, 05, 20, 25, 50"
d07aee50-5db6-4ba8-bb00-42ffdb87e233,True,96,"2021, 12, 05, 20, 25, 50"
41ab9bf8-eedf-4d89-b1c3-c5f802e72b27,False,129,"2021, 12, 05, 20, 25, 50"
ad7c1ee6-74a2-4d22-ba0b-7968e06f1b46,True,54,"2021, 12, 05, 20, 25, 50"
0c900f84-faa3-4c38-982f-5aa8bc631e4c,False,96,"2021, 12, 05, 20, 25, 50"
1c7908c9-4f0d-40f0-a531-de4a6f8a8dd4,True,99,"2021, 12, 05, 20, 25, 50"
b994a3ab-a695-45a7-9a17-be12114f5fd3,False,54,"2021, 12, 05, 20, 25, 50"
1e6a92d2-d681-4077-9a68-fec5afa84c44,True,47,"2021, 12, 05, 20, 25, 50"
e98372c5-e728-4318-bffd-f878fb684001,False,99,"2021, 12, 05, 20, 25, 50"
3083000a-6bf3-4bc8-8a53-df369d079b96,True,139,"2021, 12, 05, 20, 25, 50"
5f3c9e31-d227-430f-880e-742762e8be4c,False,47,"2021, 12, 05, 20, 25, 50"
f10338dc-056f-408a-a1e5-f303a895f222,True,135,"2021, 12, 05, 20, 25, 50"
cecfc1d4-ecdb-446b-85ce-fa2ef0b9afc0,False,139,"2021, 12, 05, 20, 25, 50"
929f5df4-fbed-4045-bbe0-d90ac6c27cef,True,209,"2021, 12, 05, 20, 25, 50"
9fead36a-3309-42c7-8e2b-2b349d8e8eee,False,135,"2021, 12, 05, 20, 25, 50"
1d54b869-cbce-4136-8879-618b773f4019,True,175,"2021, 12, 05, 20, 25, 50"
fe63e184-657a-4f91-a5f2-d0ccc10adcdc,False,209,"2021, 12, 05, 20, 25, 50"
c123e966-bcba-4646-87b4-8f224ac2f312,True,71,"2021, 12, 05, 20, 25, 50"
a03fa926-dbba-4ba6-b46b-4316de6ce143,False,175,"2021, 12, 05, 20, 25, 50"
6f8b56f8-a941-4f82-95bf-97c025827c50,True,185,"2021, 12, 05, 20, 25, 50"
2fed252a-289e-4c28-b502-05b0b97b1025,False,71,"2021, 12, 05, 20, 25, 50"
3c7b7bec-72b0-4e0b-bef3-ec341e3080ad,True,89,"2021, 12, 05, 20, 25, 50"
f6f4fd4f-80f2-4e6d-92f0-35f558322893,False,185,"2021, 12, 05, 20, 25, 50"
03d35fac-788b-4390-aebe-41e987ba8c36,True,228,"2021, 12, 05, 20, 25, 50"
ab0912b4-9696-4b84-b2ca-03adda7da59f,False,89,"2021, 12, 05, 20, 25, 50"
1698a6f0-694d-423b-8c0c-37bf31e44998,True,176,"2021, 12, 05, 20, 25, 50"
b542818d-389b-4080-bc77-2ddb5a138456,False,228,"2021, 12, 05, 20, 25, 50"
f773ee19-fee4-4a48-9723-00a1ec279cda,True,3,"2021, 12, 05, 20, 25, 50"
25a67705-d231-4444-9eeb-c7817e781075,False,176,"2021, 12, 05, 20, 25, 50"
420b6f98-6084-40ed-a6d5-70cba158bccf,True,189,"2021, 12, 05, 20, 25, 50"
4882ebf4-267c-442a-addf-021babf3c903,True,238,"2021, 12, 05, 20, 25, 50"
495a5f5e-062f-4a84-8967-6d75ff133f10,False,189,"2021, 12, 05, 20, 25, 50"
d36bb2eb-8be6-4b4c-8216-187b153c236d,True,51,"2021, 12, 05, 20, 25, 50"
12368b14-262e-4be2-aa5f-8951a8775b72,False,238,"2021, 12, 05, 20, 25, 50"
8121fde0-54be-4c6b-86ca-33ffea47864d,True,203,"2021, 12, 05, 20, 25, 50"
7b848371-9818-4726-b7ea-c553c5629cc9,False,51,"2021, 12, 05, 20, 25, 50"
1e59819f-67a3-4f6d-b84a-ba6b0f8f9a84,True,232,"2021, 12, 05, 20, 25, 50"
24dcac50-6b1c-4ffb-9eb4-3cc78fe446d1,False,203,"2021, 12, 05, 20, 25, 50"
d7ecb8ff-e9e7-42b6-9c7c-e5fce3d78aca,True,245,"2021, 12, 05, 20, 25, 50"
203c36dd-ff1b-4085-9c06-0d74b5d2d574,False,232,"2021, 12, 05, 20, 25, 50"
e45d09e6-a048-4e9b-803b-8c3e489f6441,True,142,"2021, 12, 05, 20, 25, 50"
548ea6f9-5489-439a-be85-e3b5ba2327bb,False,245,"2021, 12, 05, 20, 25, 50"
632c4723-77a6-4c39-add9-7848da583dc7,True,90,"2021, 12, 05, 20, 25, 50"
7566e0c6-1ab9-4243-b6d8-8278ec69539d,False,142,"2021, 12, 05, 20, 25, 50"
98674a5f-274b-4e69-9d01-0c3796c34935,True,249,"2021, 12, 05, 20, 25, 50"
7e406257-9577-429e-8803-04c5fc8c4d90,False,90,"2021, 12, 05, 20, 25, 50"
8de09fec-a4d7-40aa-98f7-648404c92b78,True,221,"2021, 12, 05, 20, 25, 50"
cca17929-545b-4065-9ad1-1241ec4de9e2,False,249,"2021, 12, 05, 20, 25, 50"
52b58133-764d-4a88-8d15-ab9305bc678f,True,37,"2021, 12, 05, 20, 25, 50"
3d4a0037-a212-4ad9-8a88-7ce9d292a647,False,221,"2021, 12, 05, 20, 25, 50"
882605c4-42db-4222-8396-89d87dafa26b,True,102,"2021, 12, 05, 20, 25, 50"
956df3cd-a60b-4330-9e1c-16307dc530cd,False,37,"2021, 12, 05, 20, 25, 50"
b6f22fc7-8855-4f17-824f-327be42bba39,True,78,"2021, 12, 05, 20, 25, 50"
7499214e-f1e8-48b8-b9e5-7ac345e9e699,False,102,"2021, 12, 05, 20, 25, 50"
e4fa35f2-005f-44cd-9a7d-fc26e7619bd6,True,154,"2021, 12, 05, 20, 25, 50"
a85ad478-6773-4b3f-9f21-544dd256f564,False,78,"2021, 12, 05, 20, 25, 50"
f90ed80e-12bd-4caf-a113-b5b2d051bbaa,True,44,"2021, 12, 05, 20, 25, 50"
0d872695-b490-4edc-b801-0fd25273df6c,False,154,"2021, 12, 05, 20, 25, 50"
4814bf70-f54e-41ed-8b8d-1fd0214bfe1b,True,19,"2021, 12, 05, 20, 25, 50"
6d20644e-12b0-4f15-95ab-7f0c2b8db54a,False,44,"2021, 12, 05, 20, 25, 50"
ee0c92a1-ba6f-4c4a-bc69-2990f00dc6e4,True,148,"2021, 12, 05, 20, 25, 50"
08e3577e-9d7c-451d-8dd6-bbde8f440685,False,19,"2021, 12, 05, 20, 25, 50"
9a91b013-412d-4fef-baf8-6f3fe809388a,True,65,"2021, 12, 05, 20, 25, 50"
ed3c427b-d0f9-42da-b2dc-2397bd3d0255,False,148,"2021, 12, 05, 20, 25, 50"
24fba9b7-3461-4457-9e2f-f643d4fdd430,True,11,"2021, 12, 05, 20, 25, 50"
ee789582-e761-4aea-8e05-eb4cc7928c8f,False,65,"2021, 12, 05, 20, 25, 50"
039ca06c-64b0-4d75-8fda-2c52cecc2ccf,True,205,"2021, 12, 05, 20, 25, 50"
dbb3cc0c-2632-40f9-9602-5c8c167b376b,False,11,"2021, 12, 05, 20, 25, 50"
626fc50d-d884-47cb-aeb3-539563a5e073,True,81,"2021, 12, 05, 20, 25, 50"
fdcf3a1b-0a7c-492b-9076-e5299368d857,False,205,"2021, 12, 05, 20, 25, 50"
f1f9e480-bbe4-410c-aa80-cd75b9deae42,True,158,"2021, 12, 05, 20, 25, 50"
4769233e-eff9-4202-bc9a-5731949e1cd8,False,81,"2021, 12, 05, 20, 25, 50"
93cec3f9-dc84-4c41-99e7-c5625589f7e4,True,97,"2021, 12, 05, 20, 25, 50"
0418ac9e-7fc8-45c4-943c-9fd0ec132177,False,158,"2021, 12, 05, 20, 25, 50"
c35382ee-2ca2-4ce9-a881-0484a47d1074,True,157,"2021, 12, 05, 20, 25, 50"
928c1d68-7381-4d26-99e6-372ccda58029,False,97,"2021, 12, 05, 20, 25, 50"
67559e58-fec2-4cb3-a154-23d824192a70,True,126,"2021, 12, 05, 20, 25, 50"
1279b230-2736-4503-84ca-69b03d3a6fbf,False,157,"2021, 12, 05, 20, 25, 50"
cf0dc26d-f2b0-4baa-b308-a97c40119928,True,211,"2021, 12, 05, 20, 25, 50"
7182c086-2abb-4179-a5b4-e19cc7b88ea8,False,126,"2021, 12, 05, 20, 25, 50"
5d7b5b54-3930-480f-96a2-7546d8ef5e3a,True,43,"2021, 12, 05, 20, 25, 50"
73704985-00d5-487d-8ba2-decda99c1bc6,False,211,"2021, 12, 05, 20, 25, 50"
45488314-42e6-4603-a532-de67ee192d75,True,250,"2021, 12, 05, 20, 25, 50"
880c6e0c-100d-4ffd-91b2-5c3b77b6aa81,False,43,"2021, 12, 05, 20, 25, 50"
6385ecb3-e5ad-4815-bb72-a15e8cf88b2d,True,40,"2021, 12, 05, 20, 25, 50"
6d28fc0f-3def-40b5-8fe0-4c1ecf2f9e2e,False,250,"2021, 12, 05, 20, 25, 50"
95eb1a10-d156-4134-b206-e5e07ffa0625,True,146,"2021, 12, 05, 20, 25, 50"
40e9ea50-a2a2-464e-aed6-139bfe407f26,False,40,"2021, 12, 05, 20, 25, 50"
f925c42d-00f8-472a-948f-a0e8bab56671,True,195,"2021, 12, 05, 20, 25, 50"
a5b3d7af-c926-46a8-855c-205f5e800101,False,146,"2021, 12, 05, 20, 25, 50"
b83ebd2b-0d67-412c-8bc7-0578cdf50dba,True,58,"2021, 12, 05, 20, 25, 50"
e51bf2a7-41f0-4b51-8e34-dc20075188a3,False,195,"2021, 12, 05, 20, 25, 50"
580bc356-97b8-4deb-abf6-55b7f1d8de04,True,66,"2021, 12, 05, 20, 25, 50"
10ec8241-1425-4c82-841d-309130ca82b9,False,58,"2021, 12, 05, 20, 25, 50"
9a538f67-184b-40d3-a5ac-29b7e986ec35,True,226,"2021, 12, 05, 20, 25, 50"
43fec594-b091-4156-9c3d-c6c6920fe538,False,66,"2021, 12, 05, 20, 25, 50"
42a6635d-e743-4835-91ae-363efe8f804b,True,170,"2021, 12, 05, 20, 25, 50"
b4908da8-7719-4471-bb2c-56885452b335,False,226,"2021, 12, 05, 20, 25, 50"
f6ecba3e-ad59-4564-8079-0249b979b76b,True,136,"2021, 12, 05, 20, 25, 50"
8f2776ed-9a5f-4b8c-98ad-4e2369ecc208,False,170,"2021, 12, 05, 20, 25, 50"
df923357-b15f-4ec2-bea4-36d883034f8a,True,2,"2021, 12, 05, 20, 25, 50"
0c69ecd3-b529-483f-b792-6bd1ed0e970e,False,136,"2021, 12, 05, 20, 25, 50"
c163b4eb-ed62-48e7-9948-5f22842c65a5,True,21,"2021, 12, 05, 20, 25, 50"
3d2c7749-f1f3-4df8-a475-3b0d74c47714,True,119,"2021, 12, 05, 20, 25, 50"
d087b14b-3a36-411f-9fee-e09a7a1719c4,False,21,"2021, 12, 05, 20, 25, 50"
805c19ae-1198-495b-95c3-02695e4847d7,True,70,"2021, 12, 05, 20, 25, 50"
4f1b1377-0371-4d68-aa8e-d9252fa73b78,False,119,"2021, 12, 05, 20, 25, 50"
f31263f2-cad6-40f3-a693-db71836028b2,True,57,"2021, 12, 05, 20, 25, 51"
cb3e136c-69cb-400e-8e86-9b4f14e5b992,False,70,"2021, 12, 05, 20, 25, 51"
d4dedfd1-0946-4a75-ab4e-2357e14d33ad,True,115,"2021, 12, 05, 20, 25, 51"
27e6651e-048a-4c4d-9a8d-22a6a29f7078,False,57,"2021, 12, 05, 20, 25, 51"
239ffb2a-50d3-4d58-94de-d197937c213c,True,98,"2021, 12, 05, 20, 25, 51"
d9305911-71a4-4abd-a4df-642d118ef754,False,115,"2021, 12, 05, 20, 25, 51"
a63afa7d-9f72-43a9-8605-0b3bffcd0009,True,80,"2021, 12, 05, 20, 25, 51"
2f09944f-ca08-4bdf-bfac-defb0ee2982b,False,98,"2021, 12, 05, 20, 25, 51"
aea7ba1f-9144-4e22-a55b-19043cbd658b,True,130,"2021, 12, 05, 20, 25, 51"
08b2d344-1ac0-43cf-ac9e-667dadf107fa,False,80,"2021, 12, 05, 20, 25, 51"
02f6bdee-feec-409e-bc1e-4c160408eac6,True,183,"2021, 12, 05, 20, 25, 51"
21b842a2-b7ea-4c6b-936f-ffa665c9aea7,False,130,"2021, 12, 05, 20, 25, 51"
38a68cc6-8bf8-436a-a817-af9ea50f3c76,True,13,"2021, 12, 05, 20, 25, 51"
b35a18a8-bed3-4fdf-9701-42c904015c26,False,183,"2021, 12, 05, 20, 25, 51"
58404d48-dc3f-4a0a-844f-0cbd946540f4,True,74,"2021, 12, 05, 20, 25, 51"
bbc0b672-6cf1-4ace-a6ce-76e021a6c3ae,False,13,"2021, 12, 05, 20, 25, 51"
6feed181-99d9-415b-a758-ebb81491b1c3,True,200,"2021, 12, 05, 20, 25, 51"
74d4e854-3522-4ef5-b6c7-db60b7928151,False,74,"2021, 12, 05, 20, 25, 51"
1ee604dc-279d-4447-a59d-b585afb10cab,True,208,"2021, 12, 05, 20, 25, 51"
413eb89d-bc08-49af-bf09-5f8e7f840f28,False,200,"2021, 12, 05, 20, 25, 51"
afc3f28a-4f70-4fd2-8dca-60e5b99cc1fd,True,137,"2021, 12, 05, 20, 25, 51"
24df89a0-eb3a-4abd-a399-18d5c3a9dc0b,False,208,"2021, 12, 05, 20, 25, 51"
b70575fe-7f42-4b37-ac9b-4ebfb63fa5a4,True,48,"2021, 12, 05, 20, 25, 51"
e687990c-2028-4880-8c45-2e1725e8e570,False,137,"2021, 12, 05, 20, 25, 51"
9c08bedf-807a-49a0-943b-b5c595fd93ad,True,112,"2021, 12, 05, 20, 25, 51"
6081a815-20ab-4f3f-ac4b-8b780991dee1,False,48,"2021, 12, 05, 20, 25, 51"
303eb607-3ea4-4cca-b910-be7608479c78,True,1,"2021, 12, 05, 20, 25, 51"
2ba7a57a-1472-4d32-904a-40caba87a904,False,112,"2021, 12, 05, 20, 25, 51"
08a0ba05-2a4e-4817-89bf-57f5376b22ca,True,14,"2021, 12, 05, 20, 25, 51"
77ba93a7-935d-480b-aae4-459da525ed4c,True,184,"2021, 12, 05, 20, 25, 51"
b4befa1d-92c3-4977-9f4f-15ada07ed642,False,14,"2021, 12, 05, 20, 25, 51"
90a7baa4-afcc-4ac0-b831-01911aa1be71,True,243,"2021, 12, 05, 20, 25, 51"
a669563c-b073-4996-b7a9-ca802aaba9fe,False,184,"2021, 12, 05, 20, 25, 51"
de1abbf2-1141-4bef-ae2c-5c9254e46c2b,True,155,"2021, 12, 05, 20, 25, 51"
afff87ba-b6d1-49bc-b7ad-c3954796e6a6,False,243,"2021, 12, 05, 20, 25, 51"
b0446cc8-c45e-4b6c-967b-ce48532e371f,True,94,"2021, 12, 05, 20, 25, 51"
58149bd5-8c6a-4c3e-aa31-a237ca81a6c9,False,155,"2021, 12, 05, 20, 25, 51"
15a05fde-cd07-4ab3-b1c8-d38ed5efb7c8,True,93,"2021, 12, 05, 20, 25, 51"
cd4b1a7c-988a-49af-a088-4e046322ef72,False,94,"2021, 12, 05, 20, 25, 51"
7328729f-3fd0-40e6-b5fe-4faaa8bd9a33,True,12,"2021, 12, 05, 20, 25, 51"
4d1bfbaa-8703-415e-9c68-7ff1037cee5d,False,93,"2021, 12, 05, 20, 25, 51"
0e4ae09c-3507-436f-b33d-9ad2346ddb13,True,190,"2021, 12, 05, 20, 25, 51"
4868e409-c6c6-4ee8-bed3-184f30f5f6f3,False,12,"2021, 12, 05, 20, 25, 51"
9d3d7504-9404-4090-9c86-1bc2be7bb3c7,True,34,"2021, 12, 05, 20, 25, 51"
bd5380fd-7a00-4559-90aa-cac956a8e135,False,190,"2021, 12, 05, 20, 25, 51"
434395af-6f08-4103-9cd0-4a7db1a7db2c,True,156,"2021, 12, 05, 20, 25, 51"
691edde6-702f-4eb4-9151-ef54cc585e5b,False,34,"2021, 12, 05, 20, 25, 51"
3df7628e-eebe-4787-ba3e-db175db681e5,True,127,"2021, 12, 05, 20, 25, 51"
601c43db-d8b8-4fb0-8a3d-4106033fd0f4,False,156,"2021, 12, 05, 20, 25, 51"
c337a4ea-04ba-4da6-a71c-cda1bd7144b3,True,104,"2021, 12, 05, 20, 25, 51"
69c280bc-4409-4d0e-908c-39ce72404fc6,False,127,"2021, 12, 05, 20, 25, 51"
9e94d708-5d6d-4ce6-ae73-62bb5a4365ca,True,120,"2021, 12, 05, 20, 25, 51"
c3c8133d-ccb1-43c3-af0a-9fc914f67bd5,False,104,"2021, 12, 05, 20, 25, 51"
b8abb6b8-37de-4dab-98da-9cef605f0b49,True,86,"2021, 12, 05, 20, 25, 51"
37160968-34f1-4857-ab5c-37cbdfb47f7b,False,120,"2021, 12, 05, 20, 25, 51"
ba2113b7-a72d-4851-b58b-838323cfd09d,True,168,"2021, 12, 05, 20, 25, 51"
66b89519-76f8-4452-ae0d-cfce9c78af86,False,86,"2021, 12, 05, 20, 25, 51"
f5d47513-1297-44d3-ab64-30e73f4935b0,True,121,"2021, 12, 05, 20, 25, 51"
44a0fc24-6918-42cb-a935-6e572a602fa6,False,168,"2021, 12, 05, 20, 25, 51"
72ec5cff-4f28-4ef8-b19e-4f397f1691cb,True,45,"2021, 12, 05, 20, 25, 51"
7ca0f853-3dda-46a4-bfb6-6e13ef4768e0,False,121,"2021, 12, 05, 20, 25, 51"
ca8b64cf-18ed-41df-8459-c57a7db2f699,True,225,"2021, 12, 05, 20, 25, 51"
9268fbd4-1340-4dd4-bd10-d2f8dc019324,False,45,"2021, 12, 05, 20, 25, 51"
e98bbaed-6dfc-4694-8f4d-6e0cef0f41a6,True,207,"2021, 12, 05, 20, 25, 51"
1c458d9e-2066-449d-a163-a1a4e6881e5c,False,225,"2021, 12, 05, 20, 25, 51"
ae7e2959-8bf4-4e25-8661-be3b8997b44d,True,163,"2021, 12, 05, 20, 25, 51"
166f166e-8f35-4718-8ae8-561534a923d3,False,207,"2021, 12, 05, 20, 25, 51"
ab55b228-58d0-4bbe-a46b-f80618eb94e1,True,18,"2021, 12, 05, 20, 25, 51"
d3ab735f-ee97-4a39-bd1b-d5601e1c45a7,False,163,"2021, 12, 05, 20, 25, 51"
1c5b37fc-5e05-49a1-a67a-13d5c094d5ae,True,138,"2021, 12, 05, 20, 25, 51"
f2a26f1b-e734-40f2-8160-e367af990405,False,18,"2021, 12, 05, 20, 25, 51"
ae04f8fe-9ccd-47eb-9998-9f2f161aee3e,True,68,"2021, 12, 05, 20, 25, 51"
d1375118-8ac4-4e36-b100-e47476663952,False,138,"2021, 12, 05, 20, 25, 51"
a1949b11-ad5b-4582-a4cf-ab76b43f034e,True,153,"2021, 12, 05, 20, 25, 51"
1e30bf40-f66e-4544-9c80-a76bc3345d97,False,68,"2021, 12, 05, 20, 25, 51"
d7dd2bcf-c76f-4392-b74a-aacb5ae038bc,True,230,"2021, 12, 05, 20, 25, 51"
edcfe6d8-fff6-441a-b48c-7fb2be6247a7,False,153,"2021, 12, 05, 20, 25, 51"
bad3f467-b180-4c8e-bd75-a4c39d7c0355,True,4,"2021, 12, 05, 20, 25, 51"
1a8c382d-6a8f-4eb7-a228-d6980e0b095f,False,230,"2021, 12, 05, 20, 25, 51"
387e8ad4-ecee-4c43-b2ea-73f046da2dae,True,227,"2021, 12, 05, 20, 25, 51"
462c9727-38fe-4b5f-b2c4-ac666ec9fb0d,True,67,"2021, 12, 05, 20, 25, 51"
86093a1d-a9db-448a-a32b-369daa037657,False,227,"2021, 12, 05, 20, 25, 51"
d4e8db30-9925-42ff-bfc0-65a6cb44b863,True,10,"2021, 12, 05, 20, 25, 51"
26e4e1b5-3281-4b35-8396-09838213134a,False,67,"2021, 12, 05, 20, 25, 51"
655049b1-e259-487f-ade1-44a418df7f56,True,162,"2021, 12, 05, 20, 25, 51"
60843d43-eef0-46e5-ba11-e3ed5024ce56,False,10,"2021, 12, 05, 20, 25, 51"
bac14947-1d72-4b77-bbeb-422a166f8eeb,True,27,"2021, 12, 05, 20, 25, 51"
7260b34e-5865-44c4-8d1c-bf58bd6b2264,False,162,"2021, 12, 05, 20, 25, 51"
37293467-87dd-48a6-b1b3-7c83aeb63a8b,True,160,"2021, 12, 05, 20, 25, 51"
a08edfd5-0574-4152-adbc-7b8d65961031,False,27,"2021, 12, 05, 20, 25, 51"
9ec3bb3c-b169-4332-92ef-8b7e9c6cae45,True,106,"2021, 12, 05, 20, 25, 51"
536a16a1-99d5-4d5c-baf7-2f2f2dd44f2e,False,160,"2021, 12, 05, 20, 25, 51"
3e2b45fc-4467-4e27-81cd-f5cace8429c5,True,77,"2021, 12, 05, 20, 25, 51"
042286e4-3acc-4b5e-be13-8590b095995e,False,106,"2021, 12, 05, 20, 25, 51"
4d30a1bd-2dc4-4e9e-b13d-49466e75f8a7,True,36,"2021, 12, 05, 20, 25, 51"
baf06648-29c6-445a-bdc4-41f068275fbf,False,77,"2021, 12, 05, 20, 25, 51"
05c3dcd9-1d6f-4721-ae77-ec8390deb2aa,True,111,"2021, 12, 05, 20, 25, 51"
e71145e1-ea00-49ae-a91f-89a8e596eb14,False,36,"2021, 12, 05, 20, 25, 51"
1b25c7fb-4a49-42f0-af95-4a58c8f53095,True,147,"2021, 12, 05, 20, 25, 51"
099f4fb7-0f25-4cfd-9e49-1d550a3e4a01,False,111,"2021, 12, 05, 20, 25, 51"
e70a9fce-f9a7-4fb8-bc35-3c11c6c9e807,True,6,"2021, 12, 05, 20, 25, 51"
e0b82383-ca48-4d28-8e4c-e675740457ee,False,147,"2021, 12, 05, 20, 25, 51"
87b6cc12-11ce-4567-b552-945fcc6ea8e0,True,140,"2021, 12, 05, 20, 25, 51"
f719a126-d312-4f25-aaba-feda3585d2df,False,6,"2021, 12, 05, 20, 25, 51"
8434680d-4427-4456-9410-d07083e84670,True,50,"2021, 12, 05, 20, 25, 51"
953e4da5-be97-49be-9fea-647447fdeed9,False,140,"2021, 12, 05, 20, 25, 51"
02143cd3-dd93-479c-b629-fb07fbf887bb,True,196,"2021, 12, 05, 20, 25, 51"
7afd8432-391c-4198-b388-6bf65204e1f9,False,50,"2021, 12, 05, 20, 25, 51"
fa47407a-b54b-4896-ad77-e457fbb9165e,True,149,"2021, 12, 05, 20, 25, 51"
7b2aef8e-55cd-41a3-beb4-f3d61306c385,False,196,"2021, 12, 05, 20, 25, 51"
42955818-7166-4e84-8186-d01838b46f56,True,42,"2021, 12, 05, 20, 25, 51"
c1f54a89-62f9-45e2-8baf-20b2637bc99c,False,149,"2021, 12, 05, 20, 25, 51"
6cbf47eb-da79-4be4-9709-70c5e832e548,True,32,"2021, 12, 05, 20, 25, 51"
8755d709-b744-44b7-a158-7757906d9939,False,42,"2021, 12, 05, 20, 25, 51"
7852c750-6e5a-40b0-b907-a1fed7c2001a,True,88,"2021, 12, 05, 20, 25, 51"
1ccafc86-14c4-4a95-aa1a-3cb25bdfea04,False,32,"2021, 12, 05, 20, 25, 51"
9f413e82-4cb2-4fc1-9462-08793868b336,True,223,"2021, 12, 05, 20, 25, 51"
12d3f831-55a5-480d-be9d-9abac59ca9b3,False,88,"2021, 12, 05, 20, 25, 51"
8adc3185-3e83-4027-bef5-5c44823fb349,True,49,"2021, 12, 05, 20, 25, 51"
6c238f68-dd70-4ee7-a6f5-82636f73e31e,False,223,"2021, 12, 05, 20, 25, 51"
2f87db6f-3aa2-4d1c-af57-e86c554b8143,True,237,"2021, 12, 05, 20, 25, 51"
dade8c21-b0e8-42d4-9c5d-b3121b028df2,False,49,"2021, 12, 05, 20, 25, 51"
91b20a8c-814c-4c63-ac81-ef4e3e845727,True,171,"2021, 12, 05, 20, 25, 51"
39b9a75c-937c-426f-b1dc-5e8d2da72d96,False,237,"2021, 12, 05, 20, 25, 51"
cd5840bb-96ee-4128-aae6-76ae838c7f7f,True,116,"2021, 12, 05, 20, 25, 51"
7ffa2541-a48b-41a5-8f9e-7d8c91691c94,False,171,"2021, 12, 05, 20, 25, 51"
3a03df7e-78bc-481c-ab3a-3288cb71cd98,True,219,"2021, 12, 05, 20, 25, 51"
f82367fa-86b0-4bd6-9730-1b5ac0c3f9c1,False,116,"2021, 12, 05, 20, 25, 51"
4a88385e-e056-4b6a-82bb-00b3f12d0850,True,25,"2021, 12, 05, 20, 25, 51"
b652d72f-6a8c-41dc-8ec1-607bb25487a8,False,219,"2021, 12, 05, 20, 25, 51"
487b1a14-dc5b-4b63-a360-45b0627249ad,True,134,"2021, 12, 05, 20, 25, 51"
634e00b3-478d-4c68-bcd4-19e74e2e9998,False,25,"2021, 12, 05, 20, 25, 51"
95f83e1f-a70c-4319-948e-ab4f11edf891,True,46,"2021, 12, 05, 20, 25, 51"
835efe4e-ce1a-4bce-8e08-c8ca9de0c399,False,134,"2021, 12, 05, 20, 25, 51"
02097616-f923-4a67-b3ef-fe5fceafaa84,True,123,"2021, 12, 05, 20, 25, 51"
03dd9c4a-c9ff-46c2-9372-a99cba4be5ae,False,46,"2021, 12, 05, 20, 25, 51"
a6aeb522-de4e-484c-a6e9-0e90ea6018c8,True,28,"2021, 12, 05, 20, 25, 51"
50a9ebf2-87b9-4189-8401-c171bb6aa2d4,False,123,"2021, 12, 05, 20, 25, 51"
29fc9ac6-f1da-49a3-a835-29caabfeb4d7,True,26,"2021, 12, 05, 20, 25, 51"
8ff8c88a-02f9-452a-b135-ac64cf3c6800,False,28,"2021, 12, 05, 20, 25, 51"
d66a1662-4acb-46de-9edb-ad3a84fc6544,True,229,"2021, 12, 05, 20, 25, 51"
63ad437a-97cc-400a-b47e-566b441ba99d,False,26,"2021, 12, 05, 20, 25, 51"
e9699f72-2591-4017-859c-97d446351afe,True,145,"2021, 12, 05, 20, 25, 51"
4b83370a-476c-4fa8-ac06-35b755c2e03a,False,229,"2021, 12, 05, 20, 25, 51"
7fcf1902-865d-44cc-b5f1-daa86cd5185b,True,210,"2021, 12, 05, 20, 25, 51"
983607e7-e224-4334-9c64-35f58040dde0,False,145,"2021, 12, 05, 20, 25, 51"
35969a5b-c209-4dae-97b0-d102eeedabb3,True,169,"2021, 12, 05, 20, 25, 51"
22d4a4d2-d36c-4d23-9fbd-bef1c7014f8f,False,210,"2021, 12, 05, 20, 25, 51"
804c6afa-5403-4e7f-a3eb-4bf05179a4f8,True,188,"2021, 12, 05, 20, 25, 51"
a6e8f917-de00-458c-ab3f-23aabe92c623,False,169,"2021, 12, 05, 20, 25, 51"
570672b9-9351-42d6-9a76-a3972ee0301e,True,240,"2021, 12, 05, 20, 25, 51"
8289099b-c51c-4306-9657-2f9390fe3182,False,188,"2021, 12, 05, 20, 25, 51"
fdd6780f-d153-47eb-b66c-7ef78255dc1c,True,222,"2021, 12, 05, 20, 25, 51"
12e933ee-41ef-4b63-9537-64795b751ed0,False,240,"2021, 12, 05, 20, 25, 51"
0c2be00a-74e8-446f-8d3f-e124a27e73dd,True,72,"2021, 12, 05, 20, 25, 51"
3c37a1cf-c6ac-47da-9476-8fd07c5c625c,False,222,"2021, 12, 05, 20, 25, 51"
f8dc73fa-b71e-46be-b9aa-e4518d0b53cc,True,164,"2021, 12, 05, 20, 25, 51"
63089df3-96a9-468e-a97c-f1e426ea8e16,False,72,"2021, 12, 05, 20, 25, 51"
8ce57237-8c4e-4bb4-9441-5c35661738f8,True,64,"2021, 12, 05, 20, 25, 51"
ca66856e-9185-451a-9481-cad7a527749c,False,164,"2021, 12, 05, 20, 25, 51"
47182e19-6dde-4eb8-998f-b4d6b564baef,True,231,"2021, 12, 05, 20, 25, 51"
0d19c80a-e065-468a-b7dd-b699a4b0666b,False,64,"2021, 12, 05, 20, 25, 51"
a5a9b869-cc88-4397-8707-97218c148879,True,224,"2021, 12, 05, 20, 25, 51"
30f74b0b-05c2-4651-815e-ed5584de5fe3,False,231,"2021, 12, 05, 20, 25, 51"
e0700252-686b-4e92-a289-4a4c8658062a,True,20,"2021, 12, 05, 20, 25, 51"
60c45aef-612e-471c-8d98-2ea148893159,False,224,"2021, 12, 05, 20, 25, 51"
95416c69-0656-4d70-8e31-b4895693b917,True,124,"2021, 12, 05, 20, 25, 51"
7b001a20-5f80-4fd3-b1aa-280e9e4bc32d,False,20,"2021, 12, 05, 20, 25, 51"
78631ace-0c06-4e4a-b24b-26a392d2f187,True,218,"2021, 12, 05, 20, 25, 52"
d97bb445-790b-4389-bec6-04651b38af69,False,124,"2021, 12, 05, 20, 25, 52"
246fa1e8-83be-4159-94b1-c4940e0d0edd,True,60,"2021, 12, 05, 20, 25, 52"
3901a06e-b153-4cd7-85eb-6c1d0904d883,False,218,"2021, 12, 05, 20, 25, 52"
c570ddb9-f024-429a-ad7a-300c2c8b7061,True,101,"2021, 12, 05, 20, 25, 52"
b3ea9ec6-ec42-485f-b8ee-ef51e72686dd,False,60,"2021, 12, 05, 20, 25, 52"
47a0f629-2bed-4755-bc97-c95cc0609675,True,91,"2021, 12, 05, 20, 25, 52"
d26b34ed-7e05-46f1-ba99-e15a77f9a45f,False,101,"2021, 12, 05, 20, 25, 52"
63725546-c20d-47a8-b116-de6f249026ca,True,53,"2021, 12, 05, 20, 25, 52"
ea04a7f9-96d5-4ddd-a255-9043c22c378d,False,91,"2021, 12, 05, 20, 25, 52"
b358413e-2cb0-4d29-9a58-785a139f470c,True,191,"2021, 12, 05, 20, 25, 52"
c4944064-c97f-4393-9eaa-e92b3d15097e,False,53,"2021, 12, 05, 20, 25, 52"
01046d2b-f0e4-468a-8dee-2424ae099e16,True,213,"2021, 12, 05, 20, 25, 52"
2f826a8d-cfc1-4534-9e02-773106092d02,False,191,"2021, 12, 05, 20, 25, 52"
0b652cc4-dd5c-4753-8280-ad525a50e64b,True,204,"2021, 12, 05, 20, 25, 52"
796334a8-4f7d-4810-ba1f-664b4a4f10f1,False,213,"2021, 12, 05, 20, 25, 52"
5c6098fa-d67e-4281-a380-1b12eb4f03cc,True,110,"2021, 12, 05, 20, 25, 52"
09fd6542-81b5-4102-919d-a4bf958c30bb,False,204,"2021, 12, 05, 20, 25, 52"
d33a8d37-60d7-4766-9fdd-9e73ab0fc685,True,15,"2021, 12, 05, 20, 25, 52"
210fd8f6-753a-4052-a985-792dbb15eada,False,110,"2021, 12, 05, 20, 25, 52"
00103d71-5ea1-4f30-80b5-7344b4bc6526,True,133,"2021, 12, 05, 20, 25, 52"
b87cd109-b6ad-4fab-bb42-30b290fea69f,False,15,"2021, 12, 05, 20, 25, 52"
0986dd72-4f2e-42df-9f16-131dc961e0d1,True,201,"2021, 12, 05, 20, 25, 52"
8376f10a-d4f1-4290-a3c6-e43b8dcbfb37,False,133,"2021, 12, 05, 20, 25, 52"
c6c4b717-59e9-4576-b712-5a1183b4011f,True,39,"2021, 12, 05, 20, 25, 52"
f7f4bb27-2003-4e21-9b38-a30ad3a6a6ac,False,201,"2021, 12, 05, 20, 25, 52"
3ff3c35f-3aee-42af-a878-bfb61a55135b,True,216,"2021, 12, 05, 20, 25, 52"
a05a0a1d-07be-4c4f-abc1-7e09bb0cecd7,False,39,"2021, 12, 05, 20, 25, 52"
ffeeaa9a-95cf-4cb7-9e93-c64b5b4cdad2,True,128,"2021, 12, 05, 20, 25, 52"
58011f2f-c404-49bb-aa4e-a17f8125c24e,False,216,"2021, 12, 05, 20, 25, 52"
bc619fcd-41d3-4c37-b3e1-d1582955ab11,True,192,"2021, 12, 05, 20, 25, 52"
9682df33-4cc3-4904-8b65-6d72851436c6,False,128,"2021, 12, 05, 20, 25, 52"
7b0b306c-136d-4ae4-babd-a8a6f750e103,True,244,"2021, 12, 05, 20, 25, 52"
85d5d956-feb2-412a-b44b-ea414fbcc0ab,False,192,"2021, 12, 05, 20, 25, 52"
e6d9b625-8ed3-49ba-8d83-e6b34342c3e2,True,187,"2021, 12, 05, 20, 25, 52"
612a6bdd-cbb8-403d-93f9-439f0553dc07,False,244,"2021, 12, 05, 20, 25, 52"
7413150b-ae24-4678-8d4b-88fb788f238c,True,239,"2021, 12, 05, 20, 25, 52"
bb7b5940-5ba6-4814-854f-143dffcf36b9,False,187,"2021, 12, 05, 20, 25, 52"
51a747f2-e324-4af9-bee1-087d991defbc,True,132,"2021, 12, 05, 20, 25, 52"
2dcb8e61-71d4-415b-a248-48467a6cadd1,False,239,"2021, 12, 05, 20, 25, 52"
9789923b-9e38-4430-a700-1ce90bd89e5e,True,235,"2021, 12, 05, 20, 25, 52"
87619103-efb4-4548-a433-cb50d32d22e4,False,132,"2021, 12, 05, 20, 25, 52"
d46ea2ac-871d-4a02-a820-b7b3de1d3852,True,31,"2021, 12, 05, 20, 25, 52"
8e63cf46-e165-45c5-b10f-e22c21ee2dfb,False,235,"2021, 12, 05, 20, 25, 52"
29069a02-72a4-4aea-b06a-e1175d0a3477,True,217,"2021, 12, 05, 20, 25, 52"
3fd9c06b-3ccc-4a0e-a090-54157e4d2f72,False,31,"2021, 12, 05, 20, 25, 52"
c6da9bb7-1656-4a67-9268-cb3b7bc1a71a,True,215,"2021, 12, 05, 20, 25, 52"
f05a18f1-7344-417e-b2ab-c2c30dd30f46,False,217,"2021, 12, 05, 20, 25, 52"
32061607-ac87-4a8d-b010-ed00937f0117,True,79,"2021, 12, 05, 20, 25, 52"
65d5668b-8f13-470d-973b-c40f5dc08bce,False,215,"2021, 12, 05, 20, 25, 52"
62b3cc37-7053-4ba8-adc4-2361a6456865,True,82,"2021, 12, 05, 20, 25, 52"
a24a442b-12e7-4cae-81a9-9e84471d68b1,False,79,"2021, 12, 05, 20, 25, 52"
a826aa93-20ed-41ae-930c-8cedb2d615a4,True,5,"2021, 12, 05, 20, 25, 52"
7f3d4685-00bf-407e-a598-67d9b0421df8,False,82,"2021, 12, 05, 20, 25, 52"
0ec96d54-6e4b-4e8c-8f5a-334590408362,True,202,"2021, 12, 05, 20, 25, 52"
f24cc787-1691-4873-ba47-ff32566afa71,False,5,"2021, 12, 05, 20, 25, 52"
535fc773-b446-467a-a1ff-48fc12bf3e31,True,84,"2021, 12, 05, 20, 25, 52"
ec33a06b-2797-4000-90be-2e80638826a5,False,202,"2021, 12, 05, 20, 25, 52"
48601764-3751-4e35-a7f4-d8c6caa8d389,True,214,"2021, 12, 05, 20, 25, 52"
11d18634-c01c-4e38-8b98-34c29706652f,False,84,"2021, 12, 05, 20, 25, 52"
2a0bfe57-4efc-4290-b563-c9f97eb951a4,True,172,"2021, 12, 05, 20, 25, 52"
36c57d73-6ba2-45d0-82ef-580ddc554eea,False,214,"2021, 12, 05, 20, 25, 52"
3192e8fd-5dc6-4fc2-b383-70c78e3824a0,True,17,"2021, 12, 05, 20, 25, 52"
8a26acb5-31ca-434f-b6c7-42b2afba4d00,False,172,"2021, 12, 05, 20, 25, 52"
2b21ecfd-71ae-4db8-8242-f2bf5a8e61dd,True,197,"2021, 12, 05, 20, 25, 52"
196154a1-f7b9-4643-be47-a2f00a349147,False,17,"2021, 12, 05, 20, 25, 52"
935fca4c-47f6-4d72-93fa-6b1fff329bb4,True,118,"2021, 12, 05, 20, 25, 52"
c650b5c6-2e52-4900-ba65-374c3a30b831,False,197,"2021, 12, 05, 20, 25, 52"
150dda73-1483-4acd-86fb-08ad315b9bb8,True,173,"2021, 12, 05, 20, 25, 52"
e4d9a178-d065-4521-a6f3-340d213b2706,False,118,"2021, 12, 05, 20, 25, 52"
ac96b07a-6822-40c8-8077-10d77135511d,True,7,"2021, 12, 05, 20, 25, 52"
0b314fcd-fe1b-4217-9ad6-75f0928b05d8,False,173,"2021, 12, 05, 20, 25, 52"
d09996d9-f1a0-40f0-9afd-51270106943c,True,242,"2021, 12, 05, 20, 25, 52"
5a21e887-4623-409a-95ae-d5ff4f35a402,False,7,"2021, 12, 05, 20, 25, 52"
15c32c9c-a2c1-4b2c-85af-958827433fec,True,95,"2021, 12, 05, 20, 25, 52"
1520fe11-aedb-43aa-90b0-811f7cc74f88,False,242,"2021, 12, 05, 20, 25, 52"
135e304a-80fd-42f0-bb1e-7e7b63440782,True,180,"2021, 12, 05, 20, 25, 52"
6dff6bb8-82cf-4d3b-ae22-f6f20eea452c,False,95,"2021, 12, 05, 20, 25, 52"
e7928905-a4d1-4081-a5aa-8b47750d205f,True,35,"2021, 12, 05, 20, 25, 52"
54a57699-57cc-4338-acc3-4c053932a4e9,False,180,"2021, 12, 05, 20, 25, 52"
af322461-b0be-41ff-88e4-d6e5b7857243,True,166,"2021, 12, 05, 20, 25, 52"
fb1e1024-886b-4cbf-998a-03490e551944,False,35,"2021, 12, 05, 20, 25, 52"
ba8e7832-65f3-4c30-9dd8-c0e9decf5b72,True,193,"2021, 12, 05, 20, 25, 52"
2167b953-a646-49e0-9abb-9394d908e17d,False,166,"2021, 12, 05, 20, 25, 52"
8737044a-bae3-4d03-90d6-c7f6c804fd73,True,167,"2021, 12, 05, 20, 25, 52"
78926fc3-9015-4d1c-bddd-6e8cc6600c89,False,193,"2021, 12, 05, 20, 25, 52"
117b6cb8-d0a6-425a-867b-19ca34413b17,True,117,"2021, 12, 05, 20, 25, 52"
52b6b469-c619-4192-a8a0-57f69891366e,False,167,"2021, 12, 05, 20, 25, 52"
3f2adb42-8e6d-4ba1-b957-a4f3821b1317,True,105,"2021, 12, 05, 20, 25, 52"
4c4a6f22-7938-43f5-8b1c-76bce77ac30e,False,117,"2021, 12, 05, 20, 25, 52"
a82dbfa3-4cd4-4eb9-8e1e-943d3f0f2c7d,True,179,"2021, 12, 05, 20, 25, 52"
235b4247-7934-40f5-ade4-e2a05611340f,False,105,"2021, 12, 05, 20, 25, 52"
13ca7384-deb1-4349-9290-1ae4e43316d2,True,141,"2021, 12, 05, 20, 25, 52"
5a034eda-9f7a-42a2-95eb-61abeb8672e1,False,179,"2021, 12, 05, 20, 25, 52"
f4f99779-feb5-4dab-ba55-7a481fbfa3cc,True,233,"2021, 12, 05, 20, 25, 52"
95813d52-6236-4d86-9c64-0e4b8837c093,False,141,"2021, 12, 05, 20, 25, 52"
026be477-3aef-4d91-a1a4-7d9d6d583a8b,True,248,"2021, 12, 05, 20, 25, 52"
0725f37e-3ee9-4791-8ade-0fbb432fbdf1,False,233,"2021, 12, 05, 20, 25, 52"
58a0235e-1d66-4d4f-ae42-d78f724fb69d,True,107,"2021, 12, 05, 20, 25, 52"
9a515a11-e9aa-4bd6-afc2-003402d34dfd,False,248,"2021, 12, 05, 20, 25, 52"
ce10ad3c-8556-4ffc-baa7-098b3de4e153,True,8,"2021, 12, 05, 20, 25, 52"
0d608fda-cef8-4bdd-b0c3-dd4bbc385ce3,False,107,"2021, 12, 05, 20, 25, 52"
6d8904fa-d785-4d05-bb48-8e529ac4f743,True,206,"2021, 12, 05, 20, 25, 52"
67ec65b9-1d60-45bd-b4e0-5707422598e6,False,8,"2021, 12, 05, 20, 25, 52"
07582088-16c4-45c4-b9d6-e98d4d0e7b36,True,0,"2021, 12, 05, 20, 25, 52"
7a7eef03-d528-4ef6-bcc9-f59213ad9f9e,False,206,"2021, 12, 05, 20, 25, 52"
eef207e2-346a-4819-883a-5d5050f3865b,True,181,"2021, 12, 05, 20, 25, 52"
e763ee3e-bb06-4360-93ce-9992b958c979,True,56,"2021, 12, 05, 20, 25, 52"
9ce24044-70f1-47e1-8761-db7c3d57cf30,False,181,"2021, 12, 05, 20, 25, 52"
89f5bad4-cef7-4027-a94b-89a1074a40b6,True,246,"2021, 12, 05, 20, 25, 52"
40ba7190-cc54-425a-84f5-5e048f418fc7,False,56,"2021, 12, 05, 20, 25, 52"
91b32f10-ed70-42d8-ae36-cd12364d5d19,True,212,"2021, 12, 05, 20, 25, 52"
603491b2-99f5-4ec0-b8e9-40c798d177ed,False,246,"2021, 12, 05, 20, 25, 52"
88f210be-b0be-40f7-a197-dde79a27d7e2,True,251,"2021, 12, 05, 20, 25, 52"
b9baad9a-9ed9-4d0f-8f00-67330f8f0293,False,212,"2021, 12, 05, 20, 25, 52"
5991147c-3a94-4a14-b8ef-41d5ad4e221e,True,9,"2021, 12, 05, 20, 25, 52"
32acb696-4518-4e90-93b0-e1d63cb5ccfd,False,251,"2021, 12, 05, 20, 25, 52"
510ee439-e63e-45ef-bc6f-1d6768803aa4,True,85,"2021, 12, 05, 20, 25, 52"
10221f1c-7e81-4ce2-9083-de0010c0ae4b,False,9,"2021, 12, 05, 20, 25, 52"
ece974cd-9ce6-4e71-95aa-2301067cc295,True,150,"2021, 12, 05, 20, 25, 52"
bc0d3071-9fde-4747-8af1-c0d98b3d7ca8,False,85,"2021, 12, 05, 20, 25, 52"
5b575e0b-ac01-4c4e-bd4a-85d943e1b7e2,True,109,"2021, 12, 05, 20, 25, 52"
d4972530-679c-4a72-af24-955cd58f6e1f,False,150,"2021, 12, 05, 20, 25, 52"
f4a81eeb-95e1-4a4d-8bfb-5f747e635e6e,True,144,"2021, 12, 05, 20, 25, 52"
07770bc7-b98e-4262-84f5-d8425fcc7f72,False,109,"2021, 12, 05, 20, 25, 52"
80e37da3-1cb2-4f96-8f9e-72cddd547357,True,236,"2021, 12, 05, 20, 25, 52"
f1938938-8ffa-434c-90d8-7bcaff70abd7,False,144,"2021, 12, 05, 20, 25, 52"
5247a1b5-e896-442f-81b9-fc56c4682910,True,131,"2021, 12, 05, 20, 25, 52"
bc3a6ae0-6712-4a51-8641-581cb14814a0,False,236,"2021, 12, 05, 20, 25, 52"
cff81286-0ae9-4056-b2be-f0edf2ba8bf7,True,186,"2021, 12, 05, 20, 25, 52"
decad260-c8c2-4da2-8eed-f7a3996b654f,False,131,"2021, 12, 05, 20, 25, 52"
8ceb54dd-d015-4168-877c-fa17edd2cc23,True,241,"2021, 12, 05, 20, 25, 52"
de8278b4-5477-4d32-8e67-e858978cf011,False,186,"2021, 12, 05, 20, 25, 52"
deadb82b-3a07-40d3-85b7-a0247b3b5b23,True,33,"2021, 12, 05, 20, 25, 52"
56b5304c-6db5-4b2d-8478-937fbb68529e,False,241,"2021, 12, 05, 20, 25, 52"
0cd1a7dd-961f-4f69-98df-9d4c3110a37a,True,61,"2021, 12, 05, 20, 25, 52"
68874a69-4d41-4d62-a7c8-f61a35a1fd86,False,33,"2021, 12, 05, 20, 25, 52"
86131fc6-4bd4-448f-8e1f-110f23abe45d,True,234,"2021, 12, 05, 20, 25, 52"
917a7666-f107-48e7-b0c4-8b91e76af592,False,61,"2021, 12, 05, 20, 25, 52"
c314529b-ac14-43a4-827c-87233bedbc9f,True,76,"2021, 12, 05, 20, 25, 52"
0520b761-149a-4c2b-b57f-877cbd4637ab,False,234,"2021, 12, 05, 20, 25, 52"
15e67831-2b03-478b-9251-5fdb569abfb0,True,73,"2021, 12, 05, 20, 25, 52"
e6c20e42-e8e3-4f0c-ace3-32d1bead84a9,False,76,"2021, 12, 05, 20, 25, 52"
4d12b181-e7e7-4dc7-bda0-83f789af9ffb,True,125,"2021, 12, 05, 20, 25, 52"
c18261ce-0641-440a-97ba-77f3cd04760a,False,73,"2021, 12, 05, 20, 25, 52"
eacf55d7-e1b2-4f6d-8d62-d311e9b2ae79,True,24,"2021, 12, 05, 20, 25, 52"
7af8c69b-0bab-482a-a132-a4d335e658c0,False,125,"2021, 12, 05, 20, 25, 52"
e8c14bfe-e68a-43b6-a3a8-ab5627bd8288,True,122,"2021, 12, 05, 20, 25, 52"
a2f43ec8-2241-43f7-bc0c-158cdad8ef54,False,24,"2021, 12, 05, 20, 25, 52"
9a32eb14-3c17-4664-b53e-894b024d64cc,True,83,"2021, 12, 05, 20, 25, 52"
12a53e02-687e-4d25-b7b0-b6b99cbd7e4c,False,122,"2021, 12, 05, 20, 25, 52"
673b1000-312d-48b9-b90b-f21cf7c361f5,True,59,"2021, 12, 05, 20, 25, 52"
e9b20524-0b37-4229-87b6-2b40a520888e,False,83,"2021, 12, 05, 20, 25, 52"
f380c550-5ddd-4280-84ca-35a2cda75f55,True,159,"2021, 12, 05, 20, 25, 53"
8f86fe04-caa9-4954-a4d8-d95a6458ad6c,False,59,"2021, 12, 05, 20, 25, 53"
9c9e43f1-c67e-4c50-b93a-6df919c7a5f5,True,16,"2021, 12, 05, 20, 25, 53"
e5b15951-2c91-47a1-ac58-15701f5b55bb,False,159,"2021, 12, 05, 20, 25, 53"
930aec39-4748-43ab-bdd3-c977fd859817,True,152,"2021, 12, 05, 20, 25, 53"
21a5323d-b4ab-4548-b2f8-d120a37406f1,False,16,"2021, 12, 05, 20, 25, 53"
396921d1-af08-4159-8b4b-5bf9942588ac,True,100,"2021, 12, 05, 20, 25, 53"
cf0721d2-e575-4f98-bf71-8865ce7516e2,False,152,"2021, 12, 05, 20, 25, 53"
0c90d238-5497-4e79-b977-784c1e7f74a4,True,113,"2021, 12, 05, 20, 25, 53"
72595d4e-3289-4b1c-8c58-15fc77db6053,False,100,"2021, 12, 05, 20, 25, 53"
4f930dda-464e-4b8f-aa2d-93928c658915,True,52,"2021, 12, 05, 20, 25, 53"
e62ecd57-8be9-4517-b6ba-96e057ef7fb2,False,113,"2021, 12, 05, 20, 25, 53"
139dab07-f42d-4ffe-8d36-c57c71ca3b1f,True,151,"2021, 12, 05, 20, 25, 53"
464e61eb-faea-40c9-ad12-ad3c583ac8fe,False,52,"2021, 12, 05, 20, 25, 53"
4c569f01-bed2-4b9c-b577-d2efe50d94cf,True,247,"2021, 12, 05, 20, 25, 53"
e9edd1e4-9f6e-4c53-b134-29c4a03ac09c,False,151,"2021, 12, 05, 20, 25, 53"
50492c07-a5d7-4e4b-aba2-1883da575787,True,143,"2021, 12, 05, 20, 25, 53"
7e0ca742-189d-462f-815d-f309d864bf4b,False,247,"2021, 12, 05, 20, 25, 53"
93d36527-9cac-43bf-91b1-d9622071ee47,True,75,"2021, 12, 05, 20, 25, 53"
0da17119-2174-46cc-849f-435b90009040,False,143,"2021, 12, 05, 20, 25, 53"
c7b8e5cc-90d2-4f31-87fb-0c1f2e4e9f62,True,29,"2021, 12, 05, 20, 25, 53"
d30de760-276f-467b-960c-5b11e8839f2c,False,75,"2021, 12, 05, 20, 25, 53"
5e7a7354-1556-447a-a7b9-d2f4fcbba20e,True,199,"2021, 12, 05, 20, 25, 53"
dd8a3b0d-42db-4f2f-a342-2535d8bf253e,False,29,"2021, 12, 05, 20, 25, 53"
30bac216-1aa5-4a97-813d-7d495f2be37d,True,178,"2021, 12, 05, 20, 25, 53"
55ca32c8-8b43-453c-8d73-b8d95da110ac,False,199,"2021, 12, 05, 20, 25, 53"
b89c02cd-feb3-43fc-b517-5e482a1a487b,True,161,"2021, 12, 05, 20, 25, 53"
3b248801-f0c0-467f-94b6-e22883242f2f,False,178,"2021, 12, 05, 20, 25, 53"
4f0f38a9-6b4c-4cf0-a2d9-59c98fbb7cc2,True,177,"2021, 12, 05, 20, 25, 53"
28fdc3f3-1609-4bb8-896c-782670ee7ecc,False,161,"2021, 12, 05, 20, 25, 53"
5dce5fa3-2cda-48ef-9004-e0eb22de3606,True,182,"2021, 12, 05, 20, 25, 53"
ae19254a-07fa-41d1-9bc3-8ddaed953008,False,177,"2021, 12, 05, 20, 25, 53"
7bc1c21a-c0f2-4c7a-bb56-91515fb8ff47,True,174,"2021, 12, 05, 20, 25, 53"
86110cd5-cb39-4755-bf90-75bba14448e7,False,182,"2021, 12, 05, 20, 25, 53"
a9585257-af0d-447e-9cf6-36a497698085,True,198,"2021, 12, 05, 20, 25, 53"
62d6a805-5cbe-4105-a842-f82eec41d427,False,174,"2021, 12, 05, 20, 25, 53"
8ded2578-dae3-4654-bbec-834cef2ca189,True,114,"2021, 12, 05, 20, 25, 53"
2410bc1c-f5b6-41ce-b72a-a3ec47b316f8,False,198,"2021, 12, 05, 20, 25, 53"
29106436-4fe5-4f87-81df-fc7b66aa1bf7,True,194,"2021, 12, 05, 20, 25, 53"
77c01b17-2fe9-4df1-a56d-ec17679bf483,False,114,"2021, 12, 05, 20, 25, 53"
a7d092de-ff07-431b-8ea9-07089504ff56,False,194,"2021, 12, 05, 20, 25, 53"
3de7016d-9d2a-4758-947b-5f2e9ca9068e,False,0,"2021, 12, 05, 20, 25, 53"
b4872f03-f132-4476-a432-0dcfd2a367bd,False,4,"2021, 12, 05, 20, 25, 53"
18490177-cbef-4d2c-a07a-3216fbbc84ef,False,1,"2021, 12, 05, 20, 25, 53"
a9e4fd4a-ceec-48ae-8443-0ce73f840db1,False,2,"2021, 12, 05, 20, 25, 53"
4d2d8d64-2b16-4e30-983f-cb9c595d4f5a,False,3,"2021, 12, 05, 20, 25, 53"
054c0154-041a-4fb8-aa92-c7eebd00af46,True,39,"2021, 12, 05, 20, 27, 42"
705292d1-89b4-45df-8182-9cc75985c93c,True,53,"2021, 12, 05, 20, 27, 42"
09f11531-3e7a-4626-8afd-aa7426164e46,True,192,"2021, 12, 05, 20, 27, 42"
a6828edb-cb52-46bc-a0ce-a46201e82905,True,231,"2021, 12, 05, 20, 27, 42"
db7c8251-235f-4e41-a4d3-20a41d1f304f,True,8,"2021, 12, 05, 20, 27, 42"
50e58b3d-272f-4e70-aa06-12a974d0c604,True,23,"2021, 12, 05, 20, 27, 42"
03d056af-7312-4e8c-a6fe-7b97b6db2bce,True,183,"2021, 12, 05, 20, 27, 42"
e5008f66-001f-4356-92b8-b6e2a9cad5a5,True,6,"2021, 12, 05, 20, 27, 42"
66ea3a83-4b8d-4e2f-9329-7ff0609494de,True,124,"2021, 12, 05, 20, 27, 42"
00ac550b-c4ce-4110-be37-2d7bb5938dbb,True,150,"2021, 12, 05, 20, 27, 42"
bbce34cb-3dd7-4587-b688-8677769de0a6,True,34,"2021, 12, 05, 20, 27, 42"
9261e337-adfa-49f6-b9d1-fbaeabb53974,True,29,"2021, 12, 05, 20, 27, 42"
7c3aaa94-c374-47b6-b773-901645f651b8,True,243,"2021, 12, 05, 20, 27, 42"
fde7920e-58f3-4d27-9d06-023331d680af,True,57,"2021, 12, 05, 20, 27, 42"
b6d5111e-5b4e-461c-b250-48da9ed7fc6f,True,154,"2021, 12, 05, 20, 27, 42"
e7f0a225-3f00-4a0a-aab8-ce8ff7a222be,True,103,"2021, 12, 05, 20, 27, 42"
ac6fd929-1b35-4ed4-ac16-8ea3b0450e96,True,3,"2021, 12, 05, 20, 27, 42"
c62ee5a7-d39f-4585-b8db-9d6f4a64335e,True,54,"2021, 12, 05, 20, 27, 42"
e01c62ee-13a6-4393-b73b-17a29df65805,True,68,"2021, 12, 05, 20, 27, 42"
aef73d39-1153-402d-969f-2bf618226b78,True,63,"2021, 12, 05, 20, 27, 42"
41e07f68-cab1-4434-9da9-d0c77b9624ad,True,7,"2021, 12, 05, 20, 27, 42"
cd0c1222-ade6-402c-8f0e-f6672aa1dba9,True,155,"2021, 12, 05, 20, 27, 42"
eeb00369-99db-4dc4-a408-52cc4014a214,True,224,"2021, 12, 05, 20, 27, 42"
6c4293c4-cc4f-40ea-b87a-17b05e209874,True,13,"2021, 12, 05, 20, 27, 42"
bff70a20-b444-4083-81cb-0ece8ecee80f,True,237,"2021, 12, 05, 20, 27, 42"
22cd131d-e256-4657-9a29-c1755225f356,True,149,"2021, 12, 05, 20, 27, 42"
bd8c6f68-e3a6-403d-bf2c-3530991f3ca0,True,199,"2021, 12, 05, 20, 27, 42"
c568cd93-b00e-4b01-b0ac-a2e815b63fcf,True,162,"2021, 12, 05, 20, 27, 42"
b3409afd-a3b8-4a48-842f-f082e037ddd0,True,217,"2021, 12, 05, 20, 27, 42"
f2127d19-8fef-42ca-bae0-5585e52b5d33,True,132,"2021, 12, 05, 20, 27, 42"
320c2ac6-89e6-4194-aec0-6b4c96d65c73,True,198,"2021, 12, 05, 20, 27, 42"
bf5be6f1-7dea-496a-bb08-1d22fd17c6a8,False,198,"2021, 12, 05, 20, 27, 42"
9c9be069-f16d-4394-b9d7-bb560fa7b86c,False,132,"2021, 12, 05, 20, 27, 42"
18e990c8-ddf0-44fa-bd6a-586c35a641ec,False,217,"2021, 12, 05, 20, 27, 42"
88adbd50-e768-4c5a-8647-3fe2ac4f59ef,False,162,"2021, 12, 05, 20, 27, 42"
fe067260-c3b6-4e80-89cb-b8ab1b03180b,False,199,"2021, 12, 05, 20, 27, 42"
233301be-df22-445a-8530-000ffda72872,False,149,"2021, 12, 05, 20, 27, 42"
1a7128c6-aece-49fc-b7e9-f2d454c6b91c,False,237,"2021, 12, 05, 20, 27, 42"
0407cba1-0a85-4247-9877-89fa39f605bc,False,13,"2021, 12, 05, 20, 27, 42"
04e93b12-74d4-42ac-8907-475e77e6352e,False,224,"2021, 12, 05, 20, 27, 42"
02bc352a-f67d-4dbe-9ab4-0413ac41a0ad,False,155,"2021, 12, 05, 20, 27, 42"
25c9c697-4447-49b1-8c6b-0414bd2ea5dc,False,7,"2021, 12, 05, 20, 27, 42"
fed73926-b99b-4278-9f01-97975e3a6edb,False,63,"2021, 12, 05, 20, 27, 42"
d6a979fd-bc31-46d5-abde-300eaa4b3d80,False,68,"2021, 12, 05, 20, 27, 42"
3477d09f-2b41-407c-a714-3c6977884573,False,54,"2021, 12, 05, 20, 27, 42"
c2916527-3e49-4485-8735-8b121695c489,False,3,"2021, 12, 05, 20, 27, 42"
bbc58a98-e1b0-48d4-af5e-398cf5b523a1,False,103,"2021, 12, 05, 20, 27, 42"
a697e043-79c5-47b7-b486-f2c9ef9d05e0,False,154,"2021, 12, 05, 20, 27, 42"
ec9ec886-343c-4e7a-9733-bd1d9b9a3c84,False,57,"2021, 12, 05, 20, 27, 42"
71a98a83-bf15-401d-9580-91331d46ae6d,False,243,"2021, 12, 05, 20, 27, 42"
ddabd003-db8c-41c3-85a9-7e3685d2e13a,False,29,"2021, 12, 05, 20, 27, 42"
f57684eb-a65c-45a4-a43f-8ca46bdea4f4,False,34,"2021, 12, 05, 20, 27, 42"
ca3f0f69-0ca4-46e6-8a29-b6aa1ca08b67,False,150,"2021, 12, 05, 20, 27, 42"
b7fcf5fc-1ac7-40a6-9ed1-24d8bb4680f9,False,124,"2021, 12, 05, 20, 27, 42"
e7e30e0a-be77-4321-a557-ba6cade06b26,False,6,"2021, 12, 05, 20, 27, 42"
294733d3-8326-4211-a3da-a3b736925b0d,False,183,"2021, 12, 05, 20, 27, 42"
8e7554e4-303a-459c-8437-f9ae1536c1d1,False,23,"2021, 12, 05, 20, 27, 42"
46bda330-6694-45bb-a24b-3fb4f7822e38,False,8,"2021, 12, 05, 20, 27, 42"
c97f3576-032d-45ef-9f2c-ca2907554173,False,231,"2021, 12, 05, 20, 27, 42"
c5563660-0380-45fc-b31a-ab106aff7389,False,192,"2021, 12, 05, 20, 27, 42"
c99bff6d-ba83-4103-91c2-4524a47fe790,False,53,"2021, 12, 05, 20, 27, 42"
27a03ac0-a4f0-4435-800d-fcf19d3250ce,False,39,"2021, 12, 05, 20, 27, 42"
d4b7e477-fbc8-421a-b1b3-704cb223b671,True,191,"2021, 12, 05, 20, 37, 31"
aaf0fb74-7a4b-467c-b6ff-921b9fcbbe40,True,224,"2021, 12, 05, 20, 37, 31"
3475fd5d-beaa-4597-beba-489640b2c5d9,True,35,"2021, 12, 05, 20, 37, 31"
903eeee2-d69b-43ce-853a-e7e10222b2b7,True,72,"2021, 12, 05, 20, 37, 31"
0fa8a820-f075-4619-b622-2c5fd3d27a7c,True,11,"2021, 12, 05, 20, 37, 31"
9056ea26-2d2c-428f-8faf-62ff3f151810,True,58,"2021, 12, 05, 20, 37, 31"
b480701f-1d6c-4ec1-81b1-6ad8e942fea9,True,190,"2021, 12, 05, 20, 37, 31"
816b0da4-21b4-46c4-ac35-6e9d2e0f5502,True,180,"2021, 12, 05, 20, 37, 31"
3d2fa2d0-c460-48d3-b0e3-9d51928e6431,True,163,"2021, 12, 05, 20, 37, 31"
2c169c1e-348e-4661-911c-72dee76665b0,True,122,"2021, 12, 05, 20, 37, 31"
84eda9e6-511d-495b-a10a-ebd48dd7a562,True,69,"2021, 12, 05, 20, 37, 31"
53dcc877-7cb9-4065-a833-9c905cb9edf5,True,103,"2021, 12, 05, 20, 37, 31"
4b082a37-1b9b-4b5c-938d-88b391ce93c4,True,138,"2021, 12, 05, 20, 37, 31"
e7d96287-a058-4d21-b55f-3c350f8da531,True,98,"2021, 12, 05, 20, 37, 31"
f8cfb096-3a6f-4835-a96d-3c7fb7bfac84,True,124,"2021, 12, 05, 20, 37, 31"
6bc7840c-8a6c-4176-b769-878a9e860ec7,True,66,"2021, 12, 05, 20, 37, 31"
f363012b-72ad-4296-977e-7766a31ae023,True,206,"2021, 12, 05, 20, 37, 31"
3861d71f-45a7-4f0c-abcb-ad475535821a,True,179,"2021, 12, 05, 20, 37, 31"
83932d41-5bef-466c-aac1-932f8127aeaf,True,176,"2021, 12, 05, 20, 37, 31"
ab46f672-830b-4802-ae58-1aeb29acb97e,True,106,"2021, 12, 05, 20, 37, 31"
af6697a1-c8a1-4b05-8a94-35578d0a3737,True,230,"2021, 12, 05, 20, 37, 31"
eb7dbb7d-0536-4e52-a622-0e025ac37846,True,43,"2021, 12, 05, 20, 37, 31"
952db2c9-a951-4baa-ad2f-6b4701414c52,True,242,"2021, 12, 05, 20, 37, 31"
803ef20f-5c7b-4423-a039-b51fef12911b,True,137,"2021, 12, 05, 20, 37, 31"
e224fb30-2784-4222-b447-0b7381ab3257,True,165,"2021, 12, 05, 20, 37, 31"
73543c47-eac7-4782-8f1b-f5249af48890,True,236,"2021, 12, 05, 20, 37, 31"
fdf0961f-ea3d-4c6f-b24b-3bc26cf90ff0,True,76,"2021, 12, 05, 20, 37, 31"
fdc22c96-a9d6-4564-a357-dd47734543e8,True,99,"2021, 12, 05, 20, 37, 31"
44d689a7-17a1-4521-9659-10ac4249bdc5,True,27,"2021, 12, 05, 20, 37, 31"
c088bcee-2d35-477b-a150-7569f99d07cd,True,90,"2021, 12, 05, 20, 37, 31"
7cb4ea85-9312-4351-a4bd-19396f3bec1d,True,247,"2021, 12, 05, 20, 37, 31"
a041f2ea-d676-4ecd-886e-ae6cfa41c8f2,True,218,"2021, 12, 05, 20, 37, 31"
2b669eea-410e-4757-93a8-6775c93da7df,True,216,"2021, 12, 05, 20, 37, 31"
5d20ece5-718f-4841-bb1a-9cc7d34e14b1,True,12,"2021, 12, 05, 20, 37, 31"
981513dc-5b99-4fb5-98d1-dc9eadd694c4,True,248,"2021, 12, 05, 20, 37, 31"
62e5bcbb-8763-4aeb-b39a-45461e333c72,True,46,"2021, 12, 05, 20, 37, 31"
7910e0b2-721f-43e0-b394-2b9e83440c35,True,241,"2021, 12, 05, 20, 37, 31"
69e56992-074f-43a8-abae-c95766521be1,True,187,"2021, 12, 05, 20, 37, 31"
e25e80bb-59d1-4cdf-9d31-fa07788ce089,True,26,"2021, 12, 05, 20, 37, 31"
91f3742b-b4d6-4410-9aae-46b780d848e1,True,22,"2021, 12, 05, 20, 37, 32"
be6accfe-1ba2-454f-98d9-7335df69f9a8,True,16,"2021, 12, 05, 20, 37, 32"
cb38b541-88db-411e-8dd1-b9e4324ea216,True,78,"2021, 12, 05, 20, 37, 32"
478a092b-4415-4e36-b69d-6a85b3fbb4cc,True,6,"2021, 12, 05, 20, 37, 32"
ae2c7bad-0de7-4ae3-bf99-357631400b7d,True,250,"2021, 12, 05, 20, 37, 32"
30a7f2fc-5fc9-4873-b398-5b29e752b1c2,True,48,"2021, 12, 05, 20, 37, 32"
ec3127e9-9ed4-4721-9c8e-f1f478baf7ab,True,178,"2021, 12, 05, 20, 37, 32"
7be2c630-b1d5-49bd-9ee0-5ad72d981736,True,144,"2021, 12, 05, 20, 37, 32"
78bcba86-4586-4e79-899a-104ed2615e05,True,192,"2021, 12, 05, 20, 37, 32"
145beaa1-0d2a-4139-bedc-d14adac94979,True,91,"2021, 12, 05, 20, 37, 32"
8f0acce5-b3cf-490e-b720-43a433233b07,True,215,"2021, 12, 05, 20, 37, 32"
5cb47186-bdac-4646-86f7-af0573ef546d,True,83,"2021, 12, 05, 20, 37, 32"
84465a8e-5856-44c9-a22c-f1e970d7bf26,True,130,"2021, 12, 05, 20, 37, 32"
b9d542cd-c443-452b-b07f-bf36d6f18749,True,118,"2021, 12, 05, 20, 37, 32"
3cd5d8a0-b488-4612-a88b-d63da23891e1,True,101,"2021, 12, 05, 20, 37, 32"
d6f37a5d-39f6-4619-8935-030e71494d80,True,5,"2021, 12, 05, 20, 37, 32"
127cdc6d-b072-47d9-a021-3cc7bf8473d9,True,142,"2021, 12, 05, 20, 37, 32"
a22fdd09-1ca0-44e3-9ca8-bdae8d79ddf8,True,75,"2021, 12, 05, 20, 37, 32"
5865770e-02fc-495e-9204-346a04444956,True,94,"2021, 12, 05, 20, 37, 32"
67357fca-08bb-4cdd-a287-6d8cd87c549e,True,143,"2021, 12, 05, 20, 37, 32"
8979272c-1e95-4199-8c09-381c4d7898a3,True,53,"2021, 12, 05, 20, 37, 32"
125014d4-b764-457e-bc47-d98245ce762e,True,2,"2021, 12, 05, 20, 37, 32"
ae0e2074-c2f5-4488-bccf-3687a644224d,True,28,"2021, 12, 05, 20, 37, 32"
d32e3f5f-8ba1-46d0-9e6b-d50d70ba69fa,True,134,"2021, 12, 05, 20, 37, 32"
9854336b-50a8-43c8-ad2d-97aaedc60f77,True,207,"2021, 12, 05, 20, 37, 32"
9c8988c2-921e-47e2-965c-bd64b02b0245,True,119,"2021, 12, 05, 20, 37, 32"
e5ff860f-aec5-4dd5-9562-b60b733ff729,True,50,"2021, 12, 05, 20, 37, 32"
95ff0e88-d136-45ef-80a3-2862ed92cd4b,True,185,"2021, 12, 05, 20, 37, 32"
28d3be31-d8cc-49fb-997b-d5fb4b55b4dd,True,24,"2021, 12, 05, 20, 37, 32"
de5a04ff-f59d-40f8-93a6-9e17062e1e28,True,82,"2021, 12, 05, 20, 37, 32"
33410663-3811-45b2-abac-45194064e8bc,True,161,"2021, 12, 05, 20, 37, 32"
5b206234-87d7-4974-835c-0894ea7df10a,True,123,"2021, 12, 05, 20, 37, 32"
dd631e20-8af7-463e-a4ed-9672734decb4,True,174,"2021, 12, 05, 20, 37, 32"
f007d91b-caf4-42b8-b664-a3ca59918701,True,10,"2021, 12, 05, 20, 37, 32"
ac7cb8cb-761e-4e47-83b6-0688d5792c30,True,67,"2021, 12, 05, 20, 37, 32"
fd342658-7154-475f-94e9-5d8596a98b69,True,245,"2021, 12, 05, 20, 37, 32"
a32aca7d-c89f-4dad-b903-f332ea0d4229,True,214,"2021, 12, 05, 20, 37, 32"
aa03925b-1e24-43bd-8934-f2f509de4ffb,True,169,"2021, 12, 05, 20, 37, 32"
9bb8a08d-8f8c-48bc-bc05-bd3d540994ab,True,4,"2021, 12, 05, 20, 37, 32"
e1983f0b-e13d-4019-8634-2e1965e11470,True,229,"2021, 12, 05, 20, 37, 32"
613e5c8e-ad2c-4355-8c42-8e391f6e2f00,True,208,"2021, 12, 05, 20, 37, 32"
72639197-dc04-41c8-bdcd-30128be21f48,True,189,"2021, 12, 05, 20, 37, 32"
fd7838cb-a80b-4a0c-82ac-d99fa885e0c0,True,33,"2021, 12, 05, 20, 37, 32"
665eaf27-48b4-414a-86e6-401114a4a39f,True,7,"2021, 12, 05, 20, 37, 32"
ac999c70-4cb6-4bdf-94a8-b471df44a52f,True,81,"2021, 12, 05, 20, 37, 32"
57ffa618-cae5-4110-b9c7-c9a2dcd336bd,True,200,"2021, 12, 05, 20, 37, 32"
0f995fd3-8abd-4ca8-a4e7-f54a063456d8,True,17,"2021, 12, 05, 20, 37, 32"
ab37900d-e34e-4904-b652-f74af2c76df6,True,8,"2021, 12, 05, 20, 37, 32"
f536b8e6-438b-4ba7-bd20-8fcce7eb2129,True,77,"2021, 12, 05, 20, 37, 32"
c1f3b5f6-4c0d-4e06-baed-d597ff6aa87c,True,205,"2021, 12, 05, 20, 37, 32"
0967cca0-ad03-4d1e-a440-36c9ad42087d,True,173,"2021, 12, 05, 20, 37, 32"
a41f4f6e-a9d4-42b1-b4b4-76972f5a48ce,True,136,"2021, 12, 05, 20, 37, 33"
72857b44-05c4-4b06-9346-083abe703faa,True,139,"2021, 12, 05, 20, 37, 33"
485ef300-586c-4f66-8dc7-335bad8087fc,True,156,"2021, 12, 05, 20, 37, 33"
bb15cfac-617e-4dca-b394-cb3efbd39efc,True,219,"2021, 12, 05, 20, 37, 33"
7841d4ad-4171-4177-8172-0283a5be9687,True,246,"2021, 12, 05, 20, 37, 33"
f0a86e4d-3520-4611-be04-acf827e44aac,True,51,"2021, 12, 05, 20, 37, 33"
93872264-2f1e-4536-b9cb-b6ec0c06fa84,True,14,"2021, 12, 05, 20, 37, 33"
6e624e60-ccdc-4a01-b2ab-c67aa401796d,True,211,"2021, 12, 05, 20, 37, 33"
15b8458e-aa94-4816-82bf-9aa74e8d3630,True,120,"2021, 12, 05, 20, 37, 33"
c244cf25-a445-43b6-a911-37d33bc71a30,True,157,"2021, 12, 05, 20, 37, 33"
ddcf7052-e8fc-4ee0-9050-97632950d32d,True,93,"2021, 12, 05, 20, 37, 33"
a645fbc5-362a-40b0-ba2c-634c5bd74d79,True,238,"2021, 12, 05, 20, 37, 33"
c84e3676-4bdc-49ec-ae0f-fdbf9ee5e83c,True,29,"2021, 12, 05, 20, 37, 33"
3ed12d69-2918-499d-846d-42f23ce7ad37,True,13,"2021, 12, 05, 20, 37, 33"
8b54b26d-827a-4309-a565-ac617d842916,True,109,"2021, 12, 05, 20, 37, 33"
59d4ffe1-4534-49d4-a2bd-a4b71e25e242,True,111,"2021, 12, 05, 20, 37, 33"
e11ea6ad-2603-47a8-a26a-e35fd46e9082,True,195,"2021, 12, 05, 20, 37, 33"
040a41a0-587c-43c2-8782-9160ca9288e8,True,223,"2021, 12, 05, 20, 37, 33"
f491a911-5841-4c18-bbf0-3eb07db2a987,True,113,"2021, 12, 05, 20, 37, 33"
042a3ffd-ab50-40e0-afb7-9437f381973d,True,171,"2021, 12, 05, 20, 37, 33"
12b7f988-2473-42c8-a3eb-20d3b741edfa,True,188,"2021, 12, 05, 20, 37, 33"
c42e6d2b-e56d-4d14-b36b-3f262a6411a6,True,87,"2021, 12, 05, 20, 37, 33"
cec52450-061a-4dd7-98cd-c58faf50e527,True,233,"2021, 12, 05, 20, 37, 33"
cb82c3b0-c219-4010-ad3c-9a70d6940908,True,59,"2021, 12, 05, 20, 37, 33"
57e606d7-1850-4047-b802-811ae6b56339,True,153,"2021, 12, 05, 20, 37, 33"
c4224e95-add1-4e99-99cb-aade37be865a,True,96,"2021, 12, 05, 20, 37, 33"
d5a619b3-499b-4131-b878-be2928d7bdce,True,186,"2021, 12, 05, 20, 37, 33"
1ccd0513-11cb-4cd7-b979-e10f51081cbd,True,222,"2021, 12, 05, 20, 37, 33"
05a74b30-5051-46e7-8a39-d225d14d609a,True,15,"2021, 12, 05, 20, 37, 33"
1953931b-8182-4b0c-94bb-398013190574,True,239,"2021, 12, 05, 20, 37, 33"
c7cb5c4b-9882-4eb6-aa63-9df1152f737a,True,210,"2021, 12, 05, 20, 37, 33"
8147adff-9d7c-4e4b-9c96-c03e0547128c,True,148,"2021, 12, 05, 20, 37, 33"
2015e3c7-05d3-4add-8d97-90dfa76a6957,True,40,"2021, 12, 05, 20, 37, 33"
aa641e61-e8b5-430a-8fca-d72774f109e2,True,110,"2021, 12, 05, 20, 37, 33"
cc3bba0d-3ea9-46ec-9505-cc9756d11080,True,54,"2021, 12, 05, 20, 37, 33"
d02cf6cb-3475-46b7-8b05-63df1d366e5b,True,41,"2021, 12, 05, 20, 37, 33"
33c04fd4-4b41-4173-827f-61e42a7f0f26,True,243,"2021, 12, 05, 20, 37, 33"
0646494d-069e-4765-9d5a-aea3c4c82095,True,193,"2021, 12, 05, 20, 37, 33"
5c927abd-a344-4b46-9757-b96ec062f3dc,True,38,"2021, 12, 05, 20, 37, 33"
55961597-bbab-4a40-bd47-0d1ad731402d,True,152,"2021, 12, 05, 20, 37, 33"
879b61fb-2785-4934-9780-8a48025d7400,True,197,"2021, 12, 05, 20, 37, 33"
499dbccc-be3c-4fc0-acf2-5b3439a056c0,True,160,"2021, 12, 05, 20, 37, 33"
fbf551ed-1acd-40d7-9d95-f6d51189e22e,True,47,"2021, 12, 05, 20, 37, 33"
61e0641f-e9ae-4604-9b0a-0878c92120de,True,227,"2021, 12, 05, 20, 37, 33"
d845ad9c-cf3d-4e51-b41d-85e184ec8f83,True,149,"2021, 12, 05, 20, 37, 33"
62b336e6-c2af-42af-a10b-2de7ed288a46,True,105,"2021, 12, 05, 20, 37, 33"
f7006249-b0ec-464f-9609-c174805f9292,True,102,"2021, 12, 05, 20, 37, 33"
a11bd66b-e4cd-41f0-b0ac-f70da16192af,True,164,"2021, 12, 05, 20, 37, 33"
71d9d369-6ef0-46ca-9cf1-f3f66e10b5a4,True,25,"2021, 12, 05, 20, 37, 33"
9727622b-1540-41d2-8e32-16359bc4a48e,True,202,"2021, 12, 05, 20, 37, 33"
0f08e535-ac11-45e2-b318-9433e004a497,True,212,"2021, 12, 05, 20, 37, 33"
66c89932-981a-401e-a42b-dbf2e2637bb6,True,128,"2021, 12, 05, 20, 37, 33"
3132add7-5e87-4ecd-80b8-35464d22fc43,True,108,"2021, 12, 05, 20, 37, 33"
6197d3f0-35cd-4c22-b73c-698bc699a2a6,True,198,"2021, 12, 05, 20, 37, 33"
468e0996-2842-44a1-a313-2a8dbbd85529,True,37,"2021, 12, 05, 20, 37, 34"
f2628dc8-79e5-45dd-a1fb-7b34e586488f,True,112,"2021, 12, 05, 20, 37, 34"
3ada5e05-9e87-4cf5-8aa4-0f6644747343,True,162,"2021, 12, 05, 20, 37, 34"
06aadf21-03ee-4e8c-88c3-c151b84ed903,True,131,"2021, 12, 05, 20, 37, 34"
a95eb25f-951b-4c14-8f81-98dd8df74954,True,146,"2021, 12, 05, 20, 37, 34"
8e480fd0-14a5-4795-a200-a4b699590345,True,70,"2021, 12, 05, 20, 37, 34"
433f8140-a1a9-4609-8e1d-4168d95fc9e8,True,95,"2021, 12, 05, 20, 37, 34"
077ce9b8-aafc-48e0-b0e6-039dc26ec905,True,21,"2021, 12, 05, 20, 37, 34"
8d6c0834-2eae-4ea6-95cf-a5bdf16aaccf,True,184,"2021, 12, 05, 20, 37, 34"
86ccf798-22b2-4495-8ec7-ce1e67b58bae,True,217,"2021, 12, 05, 20, 37, 34"
9cdf041a-4dab-4f69-94e6-6c5fca1b8d1c,True,57,"2021, 12, 05, 20, 37, 34"
55395df1-63f3-4c86-97d2-e22fd04cef71,True,234,"2021, 12, 05, 20, 37, 34"
bfa1d089-dd68-46db-9235-7a06f46413fc,True,237,"2021, 12, 05, 20, 37, 34"
13701d50-aace-4560-8f1c-8979535460d3,True,36,"2021, 12, 05, 20, 37, 34"
5e6e8623-f21b-4283-ad31-7e8226d02aee,True,18,"2021, 12, 05, 20, 37, 34"
b24568fd-0253-47c3-b5eb-93d309732884,True,44,"2021, 12, 05, 20, 37, 34"
8be337c4-4c31-492b-a356-b8906891041d,True,194,"2021, 12, 05, 20, 37, 34"
64878212-6e22-4cb9-bee6-7ae62dc487e2,True,71,"2021, 12, 05, 20, 37, 34"
5dd4d220-63c4-4b8c-8274-0035da9c7d55,True,220,"2021, 12, 05, 20, 37, 34"
ee76ea61-153f-47a2-8d0a-aa9f065eea99,True,225,"2021, 12, 05, 20, 37, 34"
e588e9a2-e03e-4b71-a640-9800a6bd77c7,True,116,"2021, 12, 05, 20, 37, 34"
190fee66-33a5-4abf-95d7-07ddf5d7de16,True,170,"2021, 12, 05, 20, 37, 34"
382dcdba-19db-457a-acf5-fa9e46097cec,True,42,"2021, 12, 05, 20, 37, 34"
071ab110-f95d-49fa-85f1-19e76395515c,True,147,"2021, 12, 05, 20, 37, 34"
07c444cc-a07f-406d-a895-7c965b616e47,True,55,"2021, 12, 05, 20, 37, 34"
dfe17fee-0c5e-43db-8c80-40a9c8eb713c,True,183,"2021, 12, 05, 20, 37, 34"
fc309f97-5b60-4fdb-86be-c8a76d734b69,True,158,"2021, 12, 05, 20, 37, 34"
3e65b88f-a98e-4c3a-9b20-e90d23af7e00,True,86,"2021, 12, 05, 20, 37, 34"
f9ea5261-b273-4e41-9052-caf8b2340d41,True,74,"2021, 12, 05, 20, 37, 34"
75201ba9-d7e0-4917-afdc-742e46b80b43,True,159,"2021, 12, 05, 20, 37, 34"
f65fc64e-efb4-4db8-b949-9b12c062ce54,True,100,"2021, 12, 05, 20, 37, 34"
a5e2de77-6079-493e-984b-ad665ea5fee5,True,181,"2021, 12, 05, 20, 37, 34"
38a8d68b-7972-4a6a-804a-426f6e0274ac,True,20,"2021, 12, 05, 20, 37, 34"
574ec0f3-d56b-485f-99e4-52ffc2fc0a3b,True,150,"2021, 12, 05, 20, 37, 34"
b7d71d6c-257d-4743-aed0-20a7c9b2eb3c,True,88,"2021, 12, 05, 20, 37, 34"
95e6a93d-be61-45f6-8662-9147959038c3,True,232,"2021, 12, 05, 20, 37, 34"
13b57dba-cf96-47ad-9e98-a796f298a8df,True,221,"2021, 12, 05, 20, 37, 34"
c4ac719e-464f-4f49-9776-c1ce5071b444,True,249,"2021, 12, 05, 20, 37, 34"
675f371d-32f1-4005-907f-f39534554e51,True,168,"2021, 12, 05, 20, 37, 34"
f346c219-e384-4455-aa19-9ad0f7e7bef7,True,213,"2021, 12, 05, 20, 37, 34"
f35b15b5-174d-4e54-90c6-55d9371ded34,True,175,"2021, 12, 05, 20, 37, 34"
e822e10f-750d-4770-8168-568ae0ef8906,True,115,"2021, 12, 05, 20, 37, 35"
8c27ddb0-48d0-41a1-8e3d-db695060dc4e,True,201,"2021, 12, 05, 20, 37, 35"
2c8b150c-8ab0-47a0-b469-cdc53f5433e2,True,62,"2021, 12, 05, 20, 37, 35"
41ee0da9-0ca0-40fa-9764-fb25b3a7bbf0,True,127,"2021, 12, 05, 20, 37, 35"
1a968f8e-a848-4448-b3d9-7da03b641b57,True,1,"2021, 12, 05, 20, 37, 35"
8e9d0dd5-109f-4a5d-9a45-35eb534052b5,True,167,"2021, 12, 05, 20, 37, 35"
374c94bd-c9f5-4891-8f7f-6bf3f6790acc,True,145,"2021, 12, 05, 20, 37, 35"
9d178d8e-d560-42d2-a921-d35ef09360ef,True,56,"2021, 12, 05, 20, 37, 35"
a3c38dcd-27ab-4330-928b-a86ba55be468,True,107,"2021, 12, 05, 20, 37, 35"
7f63723f-3d83-4f06-b0cd-1459f3b9c6d3,True,177,"2021, 12, 05, 20, 37, 35"
66190483-89a0-4e95-9e29-0a2a572c5f5d,True,196,"2021, 12, 05, 20, 37, 35"
396dd41c-f530-4dea-9168-55e0fcc88ba7,True,60,"2021, 12, 05, 20, 37, 35"
9e728ac2-45a4-4117-9a74-79b2f01382d7,True,0,"2021, 12, 05, 20, 37, 35"
a416d73e-d966-439e-8e06-6a04a2df6eef,True,231,"2021, 12, 05, 20, 37, 35"
5636d322-6201-4cd8-b9d2-d12d99693fa8,True,155,"2021, 12, 05, 20, 37, 35"
f15e926d-55ea-412d-9044-188a6c5aee07,True,228,"2021, 12, 05, 20, 37, 35"
d95a6a18-2141-4b6c-a1d7-893ef24ff35d,True,30,"2021, 12, 05, 20, 37, 35"
b62b8000-ac44-4f4d-9b9d-a1e581e0a4d3,True,65,"2021, 12, 05, 20, 37, 35"
02a7e43d-35b6-4055-aad4-09b3d26fdd5f,True,199,"2021, 12, 05, 20, 37, 35"
3255ded0-24c6-435e-8047-512a5b11ece5,True,104,"2021, 12, 05, 20, 37, 35"
b9234154-a67f-4261-bd1d-8a1abdb351da,True,89,"2021, 12, 05, 20, 37, 35"
15bedd16-66ff-4dc3-8353-072e42417df2,True,235,"2021, 12, 05, 20, 37, 35"
ca1802e6-f53d-4b00-8ccf-d01a02515f59,True,135,"2021, 12, 05, 20, 37, 35"
33c97f72-79be-4032-9df0-67bda46ef92c,True,23,"2021, 12, 05, 20, 37, 35"
78f30047-5ca7-4512-b420-c33fba998c12,True,73,"2021, 12, 05, 20, 37, 35"
33558912-3dac-4c16-acad-8ee1f91faa8a,True,64,"2021, 12, 05, 20, 37, 35"
b0465acc-ce80-4d3a-9f87-d58de7f29a62,True,9,"2021, 12, 05, 20, 37, 35"
e398d88b-f386-4ed5-8a45-fee65aa6a72f,True,68,"2021, 12, 05, 20, 37, 35"
09b829a9-0486-467d-a7c2-0d201e5ca2fa,True,151,"2021, 12, 05, 20, 37, 35"
3253dea7-3324-49e4-a8bc-fe63c0e454cd,True,19,"2021, 12, 05, 20, 37, 35"
e2391a00-dc67-43dc-ae35-02864339192a,True,49,"2021, 12, 05, 20, 37, 35"
a14c01cc-6e03-4e08-bf53-b1f2f0e2be04,True,166,"2021, 12, 05, 20, 37, 35"
3183ab28-a55d-43a5-94c9-cf1944a11e1d,True,61,"2021, 12, 05, 20, 37, 35"
7af75aa1-0068-4d86-8548-0d7377661dd2,True,97,"2021, 12, 05, 20, 37, 35"
820a8762-5f41-4bbb-ae05-39afaa0cb8d2,True,126,"2021, 12, 05, 20, 37, 35"
0263e256-2a0e-4afb-868e-bf2d1b8bc0ba,True,203,"2021, 12, 05, 20, 37, 35"
a00cb74d-e550-4b52-9cfa-4e85d3f7fedb,True,140,"2021, 12, 05, 20, 37, 35"
43970ed0-0520-41be-9e37-19cd85afe7e5,True,182,"2021, 12, 05, 20, 37, 35"
f4856efa-f76a-41b9-97f0-bec526995a9c,True,204,"2021, 12, 05, 20, 37, 35"
34e66468-f41d-4b02-a032-4cdb13d94ebc,True,240,"2021, 12, 05, 20, 37, 35"
a28a3be6-c64d-445a-9a52-d6300ef499ad,True,226,"2021, 12, 05, 20, 37, 35"
7a1baf36-831a-487b-a664-02073e36757d,True,117,"2021, 12, 05, 20, 37, 35"
9377c08e-b40b-4257-921c-a7f1ee040886,True,154,"2021, 12, 05, 20, 37, 35"
706865d1-6710-4e50-9800-10701558ba8e,True,63,"2021, 12, 05, 20, 37, 35"
3d4a9509-ed22-4059-a734-f97cb1aff4d7,True,132,"2021, 12, 05, 20, 37, 35"
6b1a8757-abb4-408f-a32d-3502dcdd0a6f,True,85,"2021, 12, 05, 20, 37, 35"
af909694-3361-45d3-b947-182cdaf46c83,True,125,"2021, 12, 05, 20, 37, 35"
951e3d9e-a3c6-4482-b74a-bbd5dcbf8d94,True,209,"2021, 12, 05, 20, 37, 35"
91635c33-8052-4088-8da4-478b0f457fb6,True,133,"2021, 12, 05, 20, 37, 35"
cbd3701f-8644-46c4-b81f-005e240e0dbf,True,114,"2021, 12, 05, 20, 37, 35"
1982b2b4-81d3-4d40-82fd-cb74294f4b51,True,92,"2021, 12, 05, 20, 37, 36"
886fab56-d1df-4e5f-a9c8-bd5ab71e0d97,True,172,"2021, 12, 05, 20, 37, 36"
07e871e1-f773-4b54-ba71-fbcb1244d844,True,45,"2021, 12, 05, 20, 37, 36"
f0a80dcb-39bc-45fb-8077-849dd1691595,True,79,"2021, 12, 05, 20, 37, 36"
d026e998-02bd-4b16-83e3-244fbfb5d2de,True,52,"2021, 12, 05, 20, 37, 36"
56d0678d-c29c-4ff6-9b4f-f2c206ac3c0e,True,251,"2021, 12, 05, 20, 37, 36"
bd50218e-0abb-42c6-8c06-45e2bd3393cc,True,84,"2021, 12, 05, 20, 37, 36"
c60a043e-2d10-4b39-b1c9-e7ce5eb1c7f0,True,80,"2021, 12, 05, 20, 37, 36"
37413968-6736-49fd-a7be-54c8165611c6,True,3,"2021, 12, 05, 20, 37, 36"
24ccb36a-117f-4c17-8689-200fcbd5f1cd,True,32,"2021, 12, 05, 20, 37, 36"
dc932df8-f07a-4631-99ef-b428509acc9a,True,39,"2021, 12, 05, 20, 37, 36"
348ea393-141a-436c-a7dd-4608df9b753a,True,121,"2021, 12, 05, 20, 37, 36"
f7b72128-b2e7-4878-a486-b8556d7e2622,True,31,"2021, 12, 05, 20, 37, 36"
c9114d57-7336-48e0-8fa7-fc8e69c8a72d,True,34,"2021, 12, 05, 20, 37, 36"
2f3b3394-da65-4685-a22b-714656a498c4,True,141,"2021, 12, 05, 20, 37, 36"
fd01a506-95c4-44a6-b4eb-324d34052c8d,True,244,"2021, 12, 05, 20, 37, 36"
0c3967d2-a377-4485-8889-478c712a2fe6,True,129,"2021, 12, 05, 20, 37, 36"
2e564bfe-9b3f-4145-8f0f-de4c88b8a759,False,129,"2021, 12, 05, 20, 37, 36"
85b3d3d0-eeb9-4fb3-b10f-b87413f632e7,False,244,"2021, 12, 05, 20, 37, 36"
d22a59e7-398d-4428-a9b1-b23031623bae,False,141,"2021, 12, 05, 20, 37, 36"
3fd60639-689d-48f1-ac1b-76ef21afda95,False,34,"2021, 12, 05, 20, 37, 36"
fd7a78e1-6139-4f60-8854-6a076f17bb7e,False,31,"2021, 12, 05, 20, 37, 36"
06d382e3-f555-4f13-9372-2abd353ab6cb,False,121,"2021, 12, 05, 20, 37, 36"
5d8336a5-c69b-4b39-ad50-9799b42cab5a,False,39,"2021, 12, 05, 20, 37, 36"
99d9fe4e-6175-4729-9927-00c8d6f8f8f6,False,32,"2021, 12, 05, 20, 37, 36"
d31ba6db-87bf-476d-af81-e38dedccb679,False,80,"2021, 12, 05, 20, 37, 36"
2c87eb18-0ab8-484e-af1c-f047dfca43b8,False,84,"2021, 12, 05, 20, 37, 36"
3606fad9-8b51-4993-a57c-5a92888a8cb0,False,251,"2021, 12, 05, 20, 37, 36"
68a34ff1-1a00-42b1-8081-53a1c705e962,False,52,"2021, 12, 05, 20, 37, 36"
b29a4da7-1ad1-4891-a175-1dadab7f504e,False,79,"2021, 12, 05, 20, 37, 36"
e0459052-9e57-467f-86d2-271826c8a320,False,45,"2021, 12, 05, 20, 37, 36"
3cb9d70b-d96a-44c4-ac90-a81d22547cfa,False,172,"2021, 12, 05, 20, 37, 36"
02030e3e-771f-4bd8-8a83-be6f2648c3d1,False,92,"2021, 12, 05, 20, 37, 36"
b699cd5e-f679-4d4f-906c-c41b74286d7f,False,114,"2021, 12, 05, 20, 37, 36"
c5f4fb9d-e456-46ba-a8ab-cabf40eedb7f,False,133,"2021, 12, 05, 20, 37, 36"
8f23ab9b-b50e-4f33-9e82-c9c977b4dee9,False,209,"2021, 12, 05, 20, 37, 36"
ce4f5ace-4a37-4bcf-89ff-04c1968cb200,False,125,"2021, 12, 05, 20, 37, 36"
d3ed7e47-e235-471e-8732-585890a67102,False,85,"2021, 12, 05, 20, 37, 36"
6e534cc7-7f7b-470a-bc79-76c5efd3b7d8,False,132,"2021, 12, 05, 20, 37, 36"
15c7d8b7-e307-4681-9998-2ce97421ec0b,False,63,"2021, 12, 05, 20, 37, 36"
2bd6561f-9588-4b7d-a1a2-c1dc01032697,False,154,"2021, 12, 05, 20, 37, 36"
43987440-6cc2-4143-b44f-1b75e163ee33,False,117,"2021, 12, 05, 20, 37, 36"
f9a98185-0e38-4a99-8b7b-035dab96cf60,False,226,"2021, 12, 05, 20, 37, 36"
ef0de960-1b82-4fc7-bc76-033f1afc1ad6,False,240,"2021, 12, 05, 20, 37, 36"
86047909-44d1-4d00-8e8c-17cf96f80ddc,False,204,"2021, 12, 05, 20, 37, 36"
7b29f2bd-7f28-44c8-9bad-83237007ae9d,False,182,"2021, 12, 05, 20, 37, 36"
2693b2d1-9eba-4472-b3d1-195b6a88760d,False,140,"2021, 12, 05, 20, 37, 36"
092f7fed-5db7-4f75-8959-bfb54c32d3c4,False,203,"2021, 12, 05, 20, 37, 36"
384f0488-56b4-411a-b79c-f4912e814760,False,126,"2021, 12, 05, 20, 37, 36"
7f8012ce-3d36-40f3-8178-f13747d7e6a5,False,97,"2021, 12, 05, 20, 37, 36"
35b231a7-6f04-4069-a919-32314b100b72,False,61,"2021, 12, 05, 20, 37, 36"
bd169722-82a0-476e-9666-1ed9177751ce,False,166,"2021, 12, 05, 20, 37, 36"
0084a9e1-a520-464e-beb7-046c6be1aa3e,False,49,"2021, 12, 05, 20, 37, 36"
975df5a0-af4f-4a89-87ad-961f115b0ee9,False,19,"2021, 12, 05, 20, 37, 36"
d1809e3f-7700-4a30-9122-b6a7924c119b,False,151,"2021, 12, 05, 20, 37, 36"
b1752859-42c1-4abe-892e-d66ad9e62c4c,False,68,"2021, 12, 05, 20, 37, 36"
b81e2652-4fd6-4565-b8dc-9d00fdd410b5,False,64,"2021, 12, 05, 20, 37, 36"
942cdab9-5d8a-46b8-8d92-3632c8258435,False,73,"2021, 12, 05, 20, 37, 36"
48f3dc32-79f7-4b1e-94ef-ab820175b543,False,23,"2021, 12, 05, 20, 37, 36"
1188520e-bfb4-45fb-9553-4d0da9cf8dc5,False,135,"2021, 12, 05, 20, 37, 36"
08afe674-cd78-4b95-8ede-52484def97c3,False,235,"2021, 12, 05, 20, 37, 36"
9205cfef-45b0-4ba2-bcfb-37205a6cc6f8,False,89,"2021, 12, 05, 20, 37, 36"
6428265d-af6c-493a-9e9a-d1dae24fd6fd,False,104,"2021, 12, 05, 20, 37, 36"
9907b87f-dc87-4e4a-b0a6-4f5974a97cc2,False,199,"2021, 12, 05, 20, 37, 36"
cd579f97-015f-4dcd-a7b7-8e40b55416c3,False,65,"2021, 12, 05, 20, 37, 36"
752364ab-b160-42ee-bc99-8d72eceb1298,False,30,"2021, 12, 05, 20, 37, 36"
b2845d12-d877-4cc0-b7cf-3232c03fac6f,False,228,"2021, 12, 05, 20, 37, 36"
77795028-4e20-4889-9b6b-58060de636a0,False,155,"2021, 12, 05, 20, 37, 36"
c0077193-6ad1-4ee4-89c4-3502b456ba15,False,231,"2021, 12, 05, 20, 37, 36"
43cd6958-5536-4bbc-a665-d08562e675de,False,60,"2021, 12, 05, 20, 37, 36"
5ec20946-0bd8-42cd-9a0e-ca134f60bf30,False,196,"2021, 12, 05, 20, 37, 36"
5debde19-c8fb-40fa-a64a-e73a7a66fabb,False,177,"2021, 12, 05, 20, 37, 36"
13ddbcbb-66d2-4686-af61-3ca301fddb15,False,107,"2021, 12, 05, 20, 37, 36"
03b959f5-8fba-4707-8f7d-86cefe5ee221,False,56,"2021, 12, 05, 20, 37, 36"
eec5103c-6540-4c18-b99c-8955f6d8d211,False,145,"2021, 12, 05, 20, 37, 36"
72b3fa7c-9654-4249-9218-c5fa834aab75,False,167,"2021, 12, 05, 20, 37, 36"
4a7b6848-6ad3-41e4-ab32-4d5f72510ce6,False,127,"2021, 12, 05, 20, 37, 36"
9eaab95a-6e71-4ee4-8119-8b596503ad1f,False,62,"2021, 12, 05, 20, 37, 36"
3e106823-da69-41cc-9289-207d242e3a7f,False,201,"2021, 12, 05, 20, 37, 36"
c4219146-56ab-4406-bbec-8e32725d5d81,False,115,"2021, 12, 05, 20, 37, 36"
ceac9c99-9906-4aea-a1f3-f459984bf72a,False,175,"2021, 12, 05, 20, 37, 36"
549b6bb7-2815-4d44-a4f5-da5620dc57e3,False,213,"2021, 12, 05, 20, 37, 36"
17e941d7-1e79-4e2b-9116-a653da5ccc2d,False,168,"2021, 12, 05, 20, 37, 36"
983c0b5a-c4be-4f24-a4f2-da1a3f54eb13,False,249,"2021, 12, 05, 20, 37, 36"
9ea44efd-c778-4444-9422-91212b655174,False,221,"2021, 12, 05, 20, 37, 36"
60f09f01-2d54-49a9-a7f6-b71410de74a1,False,232,"2021, 12, 05, 20, 37, 36"
5ef43948-2181-4b06-9528-6f7c469a4d01,False,88,"2021, 12, 05, 20, 37, 36"
6b32bb48-3789-4a8b-98f8-423320090825,False,150,"2021, 12, 05, 20, 37, 36"
f5d6236f-a03b-450a-a105-8fec170cea4b,False,20,"2021, 12, 05, 20, 37, 36"
4109a875-21f2-422e-9b9d-049f641c0ada,False,181,"2021, 12, 05, 20, 37, 36"
c290539c-879d-4903-bfb2-339dd29954da,False,100,"2021, 12, 05, 20, 37, 36"
0ce89417-595e-408a-9fe9-d9e73a6a400a,False,159,"2021, 12, 05, 20, 37, 36"
a485fa7d-e8ef-4655-8efe-6cba4421a14b,False,74,"2021, 12, 05, 20, 37, 36"
4c447949-fb3f-476b-b79b-d290dfc4f455,False,86,"2021, 12, 05, 20, 37, 36"
d26baf0c-dec8-4cb8-8816-f84bc44096b5,False,158,"2021, 12, 05, 20, 37, 36"
3749f5ac-76e4-46d6-8515-be84ef684d4c,False,183,"2021, 12, 05, 20, 37, 36"
637ba322-ad9c-4ab6-a31a-12bdc57159a1,False,55,"2021, 12, 05, 20, 37, 36"
2914f5c6-d60a-4e6b-9013-285ee42183cc,False,147,"2021, 12, 05, 20, 37, 36"
f47174d7-0312-43b3-a0ea-6589336c5b55,False,42,"2021, 12, 05, 20, 37, 36"
5041f4e3-d8c5-46db-b874-f7cad1ebd1a6,False,170,"2021, 12, 05, 20, 37, 36"
436da812-672f-42b7-8ddd-0fd7fdf7e342,False,116,"2021, 12, 05, 20, 37, 36"
165541cf-5786-4e7c-a99f-64a7a2775a5c,False,225,"2021, 12, 05, 20, 37, 36"
31b61892-80b8-419f-8940-938e15ac2e1c,False,220,"2021, 12, 05, 20, 37, 36"
25ce8ac3-f93f-425d-b4a2-8be0bd2c27e5,False,71,"2021, 12, 05, 20, 37, 36"
6383858c-68d3-440a-904c-d84922823ca2,False,194,"2021, 12, 05, 20, 37, 36"
9914b69e-ecee-418c-9ffd-bc2757134446,False,44,"2021, 12, 05, 20, 37, 36"
b394099e-c39a-4424-8139-1555ed7b6e8f,False,18,"2021, 12, 05, 20, 37, 36"
c48a5e96-c810-42a0-83a1-78216c8dff26,False,36,"2021, 12, 05, 20, 37, 36"
2c697fbd-2093-42eb-a24b-ad12696ebba6,False,237,"2021, 12, 05, 20, 37, 36"
1282fb92-b2c1-4e17-a790-e95c5e3b47d9,False,234,"2021, 12, 05, 20, 37, 36"
622c1d92-c554-4b37-9d85-a27f64c27eae,False,57,"2021, 12, 05, 20, 37, 36"
290e2222-aeaf-4c8f-b453-227dff503b4b,False,217,"2021, 12, 05, 20, 37, 36"
6deb70ae-35a9-4004-b7fa-1f388d6b28b0,False,184,"2021, 12, 05, 20, 37, 36"
9afca010-3bc1-451b-b3cd-db226be5fe98,False,21,"2021, 12, 05, 20, 37, 36"
23ecedd4-64ef-4bc1-b417-b38b0b72904d,False,95,"2021, 12, 05, 20, 37, 36"
044f15ec-a982-4605-b44e-21f093e7f6d2,False,70,"2021, 12, 05, 20, 37, 36"
06247eb7-da6e-4605-85cd-592496d9fb2d,False,146,"2021, 12, 05, 20, 37, 36"
6b211ea4-689b-431b-8b7a-d54c209c8a66,False,131,"2021, 12, 05, 20, 37, 36"
8e1e08f9-c474-49fb-874d-5f958930d3aa,False,162,"2021, 12, 05, 20, 37, 36"
d1bf0bb9-bfd0-4f6b-89e3-b9abf42433a0,False,112,"2021, 12, 05, 20, 37, 36"
3a353dcb-8b52-4353-9060-bd18de7f3285,False,37,"2021, 12, 05, 20, 37, 36"
d9a82706-ac11-4702-950f-66800db0da43,False,198,"2021, 12, 05, 20, 37, 36"
b658ed62-e46e-4946-a74d-0df6a144c252,False,108,"2021, 12, 05, 20, 37, 36"
8eefb969-e187-487b-bb07-b61052e5582e,False,128,"2021, 12, 05, 20, 37, 36"
e99b550d-e6ef-44ae-a7b9-6c881fc955d7,False,212,"2021, 12, 05, 20, 37, 36"
c07e62ce-82b8-412f-8e7a-40a587272a9f,False,202,"2021, 12, 05, 20, 37, 36"
6120ae9a-f970-4a55-a66b-71f4679077f2,False,25,"2021, 12, 05, 20, 37, 36"
da293a94-e3c5-4b02-bd1f-3ea154ac28e5,False,164,"2021, 12, 05, 20, 37, 36"
159e3541-ad1e-4342-b92a-3a88a1ccd14b,False,102,"2021, 12, 05, 20, 37, 36"
02f6fcc3-c810-417f-bb9a-953ec4bc3b2f,False,105,"2021, 12, 05, 20, 37, 36"
9c90a75e-8e7f-4db0-a8e7-9af3c846efa6,False,149,"2021, 12, 05, 20, 37, 36"
715e798f-72bf-4c0c-99ff-eab9fb4ce3e7,False,227,"2021, 12, 05, 20, 37, 36"
2d11f576-2e14-46cb-8bfe-39ab807a3609,False,47,"2021, 12, 05, 20, 37, 36"
b1789dbc-b6c2-4b57-9a93-3a1ed2dd50c0,False,160,"2021, 12, 05, 20, 37, 36"
21255c64-25a7-4514-85b4-3f258d5d48e1,False,197,"2021, 12, 05, 20, 37, 36"
210328cc-6ca1-4e92-aeab-3292d9d7d48f,False,152,"2021, 12, 05, 20, 37, 36"
5b1694aa-f03a-4821-8e7c-3ccb2d6051e7,False,38,"2021, 12, 05, 20, 37, 36"
99cdaef1-9877-4d9b-8da0-8525832b113d,False,193,"2021, 12, 05, 20, 37, 36"
a528df81-c1f0-446d-bb6b-c5b68bf529ea,False,243,"2021, 12, 05, 20, 37, 36"
a8fab182-fea7-4c7d-b116-5bd5b2762cbf,False,41,"2021, 12, 05, 20, 37, 36"
32b8389d-f5e8-4b45-b7d3-f1b8a361ae29,False,54,"2021, 12, 05, 20, 37, 36"
8f597c9c-7f00-49ae-b3c2-332f86e73b22,False,110,"2021, 12, 05, 20, 37, 36"
17c8fa52-a609-4e82-89b1-d2c47dc2885b,False,40,"2021, 12, 05, 20, 37, 36"
85733eb4-c92f-4d15-8fe1-04524fde6443,False,148,"2021, 12, 05, 20, 37, 36"
091fb0db-e4c0-442e-ab95-c9b0951b5c28,False,210,"2021, 12, 05, 20, 37, 36"
9a206b34-20ac-41b6-98c0-fd8ffbc3e02e,False,239,"2021, 12, 05, 20, 37, 36"
fca2f24f-bcdc-4f2f-b6a8-d3d1495a05b2,False,15,"2021, 12, 05, 20, 37, 36"
533e3448-9386-4d8c-8efd-7b38b28bd93d,False,222,"2021, 12, 05, 20, 37, 36"
2913f09e-cf52-4d31-933d-e9903bcfede3,False,186,"2021, 12, 05, 20, 37, 36"
a781db76-1674-4070-97e2-76be5c02d9ac,False,96,"2021, 12, 05, 20, 37, 36"
f55ad152-0865-4cbf-a721-f2be5ec04f56,False,153,"2021, 12, 05, 20, 37, 36"
90a119f3-e291-42b5-808d-9d36adc30c5a,False,59,"2021, 12, 05, 20, 37, 36"
f2e8f6b7-c33d-49ce-ab45-26fb9409850d,False,233,"2021, 12, 05, 20, 37, 36"
f4c66f4a-0a76-4952-a3f9-a8a022040f23,False,87,"2021, 12, 05, 20, 37, 36"
3ee5dd23-c708-4ba9-90c3-5fde34cbd609,False,188,"2021, 12, 05, 20, 37, 36"
35f4051e-3842-4fa6-b601-85a90a8b2fbc,False,171,"2021, 12, 05, 20, 37, 36"
3d1fc72d-40af-4431-9c88-b40b9673054e,False,113,"2021, 12, 05, 20, 37, 36"
ae716172-ba2e-4979-a186-1b1845188895,False,223,"2021, 12, 05, 20, 37, 36"
fb2616d1-8610-41bc-a331-20defcc28d0b,False,195,"2021, 12, 05, 20, 37, 36"
f3d8e171-1d8a-4290-8c04-600163bd12eb,False,111,"2021, 12, 05, 20, 37, 36"
5377798c-214c-4995-af3e-46aca6c54169,False,109,"2021, 12, 05, 20, 37, 36"
9ca89faf-aa11-46f2-b3df-776be7e88b35,False,13,"2021, 12, 05, 20, 37, 36"
75af1c65-d9dc-4fa3-910a-fe35404b2e5b,False,29,"2021, 12, 05, 20, 37, 36"
960acef0-861e-43a3-b470-6923814aa574,False,238,"2021, 12, 05, 20, 37, 36"
d36b7d07-b741-4e1f-82f0-639c0feabd89,False,93,"2021, 12, 05, 20, 37, 36"
b758ab84-71c4-46c0-b610-b7dcf73ab355,False,157,"2021, 12, 05, 20, 37, 36"
d296a9b7-0f1c-4565-bc4c-0d67c012f64b,False,120,"2021, 12, 05, 20, 37, 36"
a8e19031-0ec6-4f57-a952-12dee43bd19b,False,211,"2021, 12, 05, 20, 37, 36"
5f8e7ddc-a77f-4438-8975-83da10063810,False,14,"2021, 12, 05, 20, 37, 36"
6074e8d2-d604-4d24-bb01-bc50a7b095af,False,51,"2021, 12, 05, 20, 37, 36"
db62bbdd-d350-42ef-aa51-ceef84abb1bb,False,246,"2021, 12, 05, 20, 37, 36"
5ba50be5-76bf-4807-8b08-09467092c0b4,False,219,"2021, 12, 05, 20, 37, 36"
bd865fb4-01a7-4564-a7ce-2225c6633ab4,False,156,"2021, 12, 05, 20, 37, 36"
c0c2bf3f-80c8-4aaa-b44d-d9ba17210f14,False,139,"2021, 12, 05, 20, 37, 36"
eaaf0a8a-336e-47f2-b2d2-6501321e399c,False,136,"2021, 12, 05, 20, 37, 36"
a2930005-6da3-4622-8c28-474c16e07e42,False,173,"2021, 12, 05, 20, 37, 36"
78b2dbc4-3814-49b7-95ad-d6b914fff722,False,205,"2021, 12, 05, 20, 37, 36"
3ebb641d-292b-46b1-9d1c-98358c7d3f04,False,77,"2021, 12, 05, 20, 37, 36"
61f611ff-bac3-46f1-8838-22ed7d04fc56,False,17,"2021, 12, 05, 20, 37, 36"
9e918946-069e-4f20-876f-eea4e02e88f6,False,200,"2021, 12, 05, 20, 37, 36"
d0a61bde-f8dd-405a-8aa5-6ed7bb4ad8c7,False,81,"2021, 12, 05, 20, 37, 36"
a98e3e81-6ebb-4fa1-bb84-c3dac1a62fb5,False,33,"2021, 12, 05, 20, 37, 36"
0d6d7a66-1c76-4adb-a58b-f29d6f46e5e5,False,189,"2021, 12, 05, 20, 37, 36"
3ecb0d0b-1043-4924-b9fd-82d8c59177b7,False,208,"2021, 12, 05, 20, 37, 36"
0caf5508-c1c8-4875-a578-7327a58a346d,False,229,"2021, 12, 05, 20, 37, 36"
b68ddbe2-c79d-41f7-a523-0eb22098d5cd,False,169,"2021, 12, 05, 20, 37, 36"
b8d33199-6d2a-4f3b-b1fa-81de3eba1f81,False,214,"2021, 12, 05, 20, 37, 36"
7fcdf31f-3766-4df6-b541-9da901d72af6,False,245,"2021, 12, 05, 20, 37, 36"
88b7c5a0-81c7-4bda-a730-5b18c244f449,False,67,"2021, 12, 05, 20, 37, 36"
7ffbdd17-801e-45b3-80a1-cf0188725a34,False,174,"2021, 12, 05, 20, 37, 36"
1f35f1cf-662f-4f00-99e8-f6a0367da21b,False,123,"2021, 12, 05, 20, 37, 36"
6dfd1bf4-e168-401d-9b55-28a03400ddbf,False,161,"2021, 12, 05, 20, 37, 36"
c94f6b83-3386-411e-8ba4-e19ecbeef63c,False,82,"2021, 12, 05, 20, 37, 36"
2a45e222-4124-4e49-bdb7-b16fca6e8417,False,24,"2021, 12, 05, 20, 37, 36"
f14077d3-3dc5-43a9-91ba-5979749cb954,False,185,"2021, 12, 05, 20, 37, 36"
fc012aa4-ad22-4e58-8743-e0907de57707,False,50,"2021, 12, 05, 20, 37, 36"
7caa574b-8072-4283-b543-909238fc5210,False,119,"2021, 12, 05, 20, 37, 36"
676b57e8-3681-4544-ad78-e575c8b10d90,False,207,"2021, 12, 05, 20, 37, 36"
5c9c4d68-a4f5-4764-9999-b3fd1e115f20,False,134,"2021, 12, 05, 20, 37, 36"
694c5536-7a66-44c5-990b-8ed5f1abe00a,False,28,"2021, 12, 05, 20, 37, 36"
d50810c3-1853-4ec2-9264-0e5bc5b22340,False,53,"2021, 12, 05, 20, 37, 36"
1ec303a4-1537-42e4-89e6-076778cd89b8,False,143,"2021, 12, 05, 20, 37, 36"
08debde7-11f2-4da8-9ce9-17290c71d3a5,False,94,"2021, 12, 05, 20, 37, 36"
5549ae1c-a4f9-4c03-9594-ab5a8a5a1fd0,False,75,"2021, 12, 05, 20, 37, 36"
7fb52ad2-a07e-4520-878e-0d76acbbb972,False,142,"2021, 12, 05, 20, 37, 36"
a0c01894-39f0-41c5-a2ce-af5dd180c4c7,False,101,"2021, 12, 05, 20, 37, 36"
534b95e9-01d9-436c-9741-d7ceba1a66b0,False,118,"2021, 12, 05, 20, 37, 36"
717e5bda-805e-480c-b3e7-1cc76041288e,False,130,"2021, 12, 05, 20, 37, 36"
dba6461c-7f01-41e4-9fb9-5f75acda0847,False,83,"2021, 12, 05, 20, 37, 36"
0b3ab275-d521-440e-9258-e7056d3af6fa,False,215,"2021, 12, 05, 20, 37, 36"
75a56bb7-ef55-4ef0-a22e-3dc4118ef82c,False,91,"2021, 12, 05, 20, 37, 36"
aa6af1b9-7ab1-4f84-8054-acee55446f64,False,192,"2021, 12, 05, 20, 37, 36"
c8d7d2ab-73f0-4ca2-9465-50ee2b174bde,False,144,"2021, 12, 05, 20, 37, 36"
8d58ff99-2093-4b29-a667-8840ae27b8ed,False,178,"2021, 12, 05, 20, 37, 36"
fa2c924a-51f2-4cdf-bbdf-13232c98d1bc,False,48,"2021, 12, 05, 20, 37, 36"
09e4f0ac-9187-4628-a6c3-c5a8c7ba4a46,False,250,"2021, 12, 05, 20, 37, 36"
f930aae0-44b0-46f0-92d1-b84d9226a3be,False,78,"2021, 12, 05, 20, 37, 36"
68e2e5de-103b-40bb-8afc-30c84ec6d96a,False,16,"2021, 12, 05, 20, 37, 36"
e5af1296-a028-4652-8e74-3d13f911a7b6,False,22,"2021, 12, 05, 20, 37, 36"
92384e6a-4fec-47d2-8a7a-5cbbd07d2c52,False,26,"2021, 12, 05, 20, 37, 36"
0289b643-3854-45ad-ab99-492fe92658bf,False,187,"2021, 12, 05, 20, 37, 36"
55e83cea-e341-4286-b264-adcd06317b8b,False,241,"2021, 12, 05, 20, 37, 36"
51657be1-716c-48f7-ada9-50ede547ca1f,False,46,"2021, 12, 05, 20, 37, 36"
af85135e-48e9-4bab-9f33-2d919ce62478,False,248,"2021, 12, 05, 20, 37, 36"
84d2f2c9-f3c1-40fc-92e6-a05477f8bab8,False,12,"2021, 12, 05, 20, 37, 36"
bb25481a-e4fc-4112-96f5-f03ee7303a12,False,216,"2021, 12, 05, 20, 37, 36"
b2908688-edb6-4948-aca0-c4bc428a988d,False,218,"2021, 12, 05, 20, 37, 36"
5709dbdb-efb3-426f-af68-743ca3ad12e0,False,247,"2021, 12, 05, 20, 37, 36"
0a6124fb-c97b-4192-af37-4d9352364506,False,90,"2021, 12, 05, 20, 37, 36"
77f8e048-bd5e-4806-8508-f7dd652fe78e,False,27,"2021, 12, 05, 20, 37, 36"
a213fdf4-606e-409a-bd30-3f7468cd2d31,False,99,"2021, 12, 05, 20, 37, 36"
f8661314-88c8-4118-a900-3ec55ad0f497,False,76,"2021, 12, 05, 20, 37, 36"
eaa29875-4041-40b5-84f8-195b41315e49,False,236,"2021, 12, 05, 20, 37, 36"
d39e29fc-a5a3-45a0-b986-364734d2de1d,False,165,"2021, 12, 05, 20, 37, 36"
d6e5b914-1d76-4fe0-a50f-1b730c27848d,False,137,"2021, 12, 05, 20, 37, 36"
c6fd1662-9520-4783-9170-03d36d8c254d,False,242,"2021, 12, 05, 20, 37, 36"
9780449e-9288-467a-ac80-804fc598e823,False,43,"2021, 12, 05, 20, 37, 36"
07008762-6371-4157-9ab7-e8d06862fdc8,False,230,"2021, 12, 05, 20, 37, 36"
282ea624-ab3d-4ce2-80a8-b38d4928a697,False,106,"2021, 12, 05, 20, 37, 36"
6e52c52f-3b97-4388-ae76-5eebd998b1a4,False,176,"2021, 12, 05, 20, 37, 36"
b30d3fcc-4a63-4ca1-aa17-2b395edc0f5a,False,179,"2021, 12, 05, 20, 37, 36"
1319d45b-7bce-428b-8162-08127306a53c,False,206,"2021, 12, 05, 20, 37, 36"
4a95d9c1-351a-41b0-be67-347ed8e31531,False,66,"2021, 12, 05, 20, 37, 36"
426355b3-f080-4e97-a650-dce820faa985,False,124,"2021, 12, 05, 20, 37, 36"
2027a64f-5d39-4641-8605-52fb5dd5050d,False,98,"2021, 12, 05, 20, 37, 36"
d89a0d7c-2ba7-4091-917a-0d5bdce854c8,False,138,"2021, 12, 05, 20, 37, 36"
0b396da2-e693-4082-80dd-76654d8f4f2c,False,103,"2021, 12, 05, 20, 37, 36"
d03e2480-701e-426c-940b-bfb2b790cc66,False,69,"2021, 12, 05, 20, 37, 36"
029ab855-93ae-4d15-9476-7b1ae74f6f18,False,122,"2021, 12, 05, 20, 37, 36"
a3a0be7e-c0b4-40db-9228-a531a8d416d7,False,163,"2021, 12, 05, 20, 37, 36"
adc87067-2e44-4c82-a49b-e5e707e113bf,False,180,"2021, 12, 05, 20, 37, 36"
0ae466f4-11ff-4ebd-8589-81ff5974d0d1,False,190,"2021, 12, 05, 20, 37, 36"
e827d726-687e-4c58-b791-36a498fd74b0,False,58,"2021, 12, 05, 20, 37, 36"
49c0453f-4406-4605-9322-60152fb267af,False,11,"2021, 12, 05, 20, 37, 36"
17ee35c0-3590-45b5-b059-2abac76c25e2,False,72,"2021, 12, 05, 20, 37, 36"
9fcec1dc-b046-4c1c-a26d-204ac2d81a71,False,35,"2021, 12, 05, 20, 37, 36"
1992afca-c5aa-4de9-8516-a0e542654335,False,224,"2021, 12, 05, 20, 37, 36"
ce17647a-7a38-4fc6-a74c-3dbd0c791d67,False,191,"2021, 12, 05, 20, 37, 36"
1e48986c-a29b-45ad-9e88-07a0818aa158,False,10,"2021, 12, 05, 20, 37, 36"
8a094a58-cbd6-48f1-819a-a7364a0f7987,False,9,"2021, 12, 05, 20, 37, 36"
48b88cb0-c0ca-4bb1-a1fc-9fb051dec325,False,8,"2021, 12, 05, 20, 37, 36"
eb43dd93-af63-4864-911b-dd7242095780,False,7,"2021, 12, 05, 20, 37, 36"
b78e3958-6a70-4011-81e8-9fb4931d3357,False,6,"2021, 12, 05, 20, 37, 36"
670d2afd-fc99-4595-96ec-832f05b0a278,False,5,"2021, 12, 05, 20, 37, 36"
23beb0a7-cb47-4602-adf5-d4c4f92a6574,False,4,"2021, 12, 05, 20, 37, 36"
74982114-28f1-4035-a68d-4884d018a91d,False,3,"2021, 12, 05, 20, 37, 36"
79e45b60-e50c-4a10-8d17-537041a00bee,False,2,"2021, 12, 05, 20, 37, 36"
f2fd2a88-a536-4c22-87f9-6342dff9d30b,False,1,"2021, 12, 05, 20, 37, 36"
4c566f6a-1c71-4879-8969-d277b1efa8f9,False,0,"2021, 12, 05, 20, 37, 36"
3d6655e0-bb0e-4618-baf8-b5f30301dcd4,True,250,"2021, 12, 05, 20, 40, 47"
978910f9-2b83-4b3e-9829-1e91dceeede9,True,226,"2021, 12, 05, 20, 40, 47"
a0c3065b-f81c-4635-be93-f13826bb611c,False,250,"2021, 12, 05, 20, 40, 47"
d828141b-4c11-4cae-90a1-9e2711509962,True,103,"2021, 12, 05, 20, 40, 47"
ed34e352-3259-4e9a-8c7f-fb99a43c636e,False,226,"2021, 12, 05, 20, 40, 47"
c9397d50-752a-45ab-8fd2-363fc061b484,True,45,"2021, 12, 05, 20, 40, 47"
940bc116-35b2-42d6-8073-2ed520e7234e,False,103,"2021, 12, 05, 20, 40, 47"
ce6c8c47-0261-4915-93a7-34e5b61fec33,True,216,"2021, 12, 05, 20, 40, 47"
dc24c77e-7ad1-4ab1-9a3d-70b2db9cd910,False,45,"2021, 12, 05, 20, 40, 47"
febe71e8-dc38-453e-ba0f-08cd2cfd7b70,True,149,"2021, 12, 05, 20, 40, 47"
a2db70be-5b29-4af2-987b-eec2caef1508,False,216,"2021, 12, 05, 20, 40, 47"
1d476f72-0600-4023-b515-b3713f5458d5,True,33,"2021, 12, 05, 20, 40, 47"
b35cd575-ee74-4588-8ee2-6066af252d11,False,149,"2021, 12, 05, 20, 40, 47"
abafbd80-4450-4319-ad33-150aba7609fa,True,95,"2021, 12, 05, 20, 40, 47"
0723d5dd-99bb-4b0d-bb34-11398828295d,False,33,"2021, 12, 05, 20, 40, 47"
3998d65b-51c4-430e-9d54-daa58151ffb8,True,200,"2021, 12, 05, 20, 40, 47"
f635e4e4-d684-4450-88c4-f0a678362c98,False,95,"2021, 12, 05, 20, 40, 47"
7d4ec759-cd63-48b4-b190-22103d7f5a02,True,133,"2021, 12, 05, 20, 40, 47"
25c177b0-063a-44a8-bbc4-c53e3fbeb296,False,200,"2021, 12, 05, 20, 40, 47"
fa5f1415-08fa-4185-ba36-2c33f4b96f5c,True,179,"2021, 12, 05, 20, 40, 47"
43d7075a-06aa-461b-8674-5bf0b8984848,False,133,"2021, 12, 05, 20, 40, 47"
9b91bfc5-bc6e-4230-8634-886447e28e92,True,144,"2021, 12, 05, 20, 40, 47"
2715b282-0766-4ec9-8d71-3b0d3f97619b,False,179,"2021, 12, 05, 20, 40, 47"
5dc76629-fa26-4d79-aad1-46af46bd3487,True,210,"2021, 12, 05, 20, 40, 47"
a6b6a863-6571-4d22-bee7-1a911222afe5,False,144,"2021, 12, 05, 20, 40, 47"
cabe9ab5-b998-4e5c-85c9-dcdcc7f0abed,True,146,"2021, 12, 05, 20, 40, 47"
e5a690c7-1750-4011-b8b5-ffd2aacb21c4,False,210,"2021, 12, 05, 20, 40, 47"
2c0b067a-22a0-4ea6-b29c-3765365a2c40,True,207,"2021, 12, 05, 20, 40, 47"
79635fc3-4b71-4515-b033-40daf336fc62,False,146,"2021, 12, 05, 20, 40, 47"
d04cef4d-a9e4-4efd-acd6-c48d47b9e1aa,True,214,"2021, 12, 05, 20, 40, 47"
69d39bcc-03b0-4f6c-9898-f6d2a9cc3f78,False,207,"2021, 12, 05, 20, 40, 47"
2b29d682-9ab8-4164-9e69-8bd85a0648fe,True,40,"2021, 12, 05, 20, 40, 47"
7708fbc9-96b4-4b2b-b2ba-82eecf535a15,False,214,"2021, 12, 05, 20, 40, 47"
f3b66c6f-1e3b-45fa-a3db-117870e96765,True,27,"2021, 12, 05, 20, 40, 47"
e0343688-4371-449e-9fae-0bfb5621fe0c,False,40,"2021, 12, 05, 20, 40, 47"
98ee1b6a-3dde-4d16-87bf-6e1454499623,True,193,"2021, 12, 05, 20, 40, 47"
f773eaed-fc5a-40f7-a935-604b2184f57e,False,27,"2021, 12, 05, 20, 40, 47"
235bf081-f414-4229-b9b9-4108b3f41790,True,191,"2021, 12, 05, 20, 40, 47"
982afb09-4a85-4f9f-b7da-d60be33e6641,False,193,"2021, 12, 05, 20, 40, 47"
83001e99-1d13-4973-91e2-359d57f748f0,True,69,"2021, 12, 05, 20, 40, 47"
d432076b-376e-44a1-a02d-24827d40f902,False,191,"2021, 12, 05, 20, 40, 47"
4678cae3-df85-4949-8891-6f4ba9fd7894,True,141,"2021, 12, 05, 20, 40, 47"
b14a6ef6-1f55-4855-a339-8abb1d173cd8,True,225,"2021, 12, 05, 20, 40, 47"
3af2c171-54e3-4da5-9bfe-9296d407cabc,False,141,"2021, 12, 05, 20, 40, 47"
4385799f-0eb1-4e1f-965a-108ff2b37802,True,185,"2021, 12, 05, 20, 40, 47"
aa2eeacc-cf74-446b-a482-e9a81e2dd593,False,225,"2021, 12, 05, 20, 40, 47"
72d935c0-f26d-4abf-8eb6-4c7d4fd1bb45,True,42,"2021, 12, 05, 20, 40, 47"
4eaf1995-8d8b-45e1-90ce-23a6d96f3e82,False,185,"2021, 12, 05, 20, 40, 47"
ead4ab8d-8eca-4537-a74d-565a896b9259,True,232,"2021, 12, 05, 20, 40, 47"
edbfd76a-bbe0-4d9d-bffe-05eb76b282ca,False,42,"2021, 12, 05, 20, 40, 47"
6fca6178-94de-4762-b70f-e61aa6efc7e5,True,203,"2021, 12, 05, 20, 40, 47"
83d57ba7-7f88-46dc-a941-812c8d533507,False,232,"2021, 12, 05, 20, 40, 47"
c32b1392-d1ea-4c3f-8cd8-533a14945ee7,True,132,"2021, 12, 05, 20, 40, 47"
68e2ad84-80a0-485e-a7e7-759f4349d784,False,203,"2021, 12, 05, 20, 40, 47"
ec68c651-e74f-4a7c-a6bb-87ffc902696f,True,94,"2021, 12, 05, 20, 40, 48"
555100c9-2cea-42b0-b3af-40bb0ca501f4,False,132,"2021, 12, 05, 20, 40, 48"
ea71f814-575d-438f-8a09-45e1788823a1,True,152,"2021, 12, 05, 20, 40, 48"
d0fe73dc-b073-4b64-9ced-d32fa67c6f2d,False,94,"2021, 12, 05, 20, 40, 48"
41eb2659-92ba-47f4-9d9d-d1c2c05217ba,True,22,"2021, 12, 05, 20, 40, 48"
2dcf3de5-3f01-444e-a460-6b73f7d952ca,False,152,"2021, 12, 05, 20, 40, 48"
fe8a9f07-1e9f-4670-8e83-35ecd5fbfb69,True,88,"2021, 12, 05, 20, 40, 48"
e0952a23-6af2-4d25-b404-7c74614f2aef,False,22,"2021, 12, 05, 20, 40, 48"
b3bb6795-0e41-4586-94b3-1c8aeb013b41,True,84,"2021, 12, 05, 20, 40, 48"
8cbef34f-9f6e-4235-8787-480477847a14,False,88,"2021, 12, 05, 20, 40, 48"
aa19dbe2-912e-4240-8107-9f76708002fb,True,53,"2021, 12, 05, 20, 40, 48"
e92880ad-5991-4354-9152-1092cbe936e9,False,84,"2021, 12, 05, 20, 40, 48"
f02bbb11-c976-4dfc-a004-8e60febff335,True,229,"2021, 12, 05, 20, 40, 48"
41484955-7b8c-4be9-b77a-37d1be4ce810,True,10,"2021, 12, 05, 20, 40, 48"
07083fae-0e6c-4462-a4cd-4b3c9a1c0740,False,229,"2021, 12, 05, 20, 40, 48"
89124246-c8ff-4152-b351-ae21347a4e46,True,92,"2021, 12, 05, 20, 40, 48"
7bdc7cfe-2c81-4428-854b-8bcc9c8e0e9f,False,10,"2021, 12, 05, 20, 40, 48"
d2ce9954-35b6-49c8-96ad-e44cf383e4a7,True,79,"2021, 12, 05, 20, 40, 48"
9f934387-4037-4710-8477-b690755c2986,False,92,"2021, 12, 05, 20, 40, 48"
467bae58-45c6-40d2-8350-f831d3317b55,True,24,"2021, 12, 05, 20, 40, 48"
23dba73c-ce39-47cd-8246-0e7a2b07e03b,False,79,"2021, 12, 05, 20, 40, 48"
c753016f-7761-439c-bb70-dfd6b6cccdb3,True,173,"2021, 12, 05, 20, 40, 48"
16a67607-e913-4175-a6f8-4e07ce970379,False,24,"2021, 12, 05, 20, 40, 48"
e52dba6c-3f41-4d46-a78d-cfc4dc7c719b,True,145,"2021, 12, 05, 20, 40, 48"
e826d4f5-286c-46a8-84bd-21ce0133aff1,False,173,"2021, 12, 05, 20, 40, 48"
1b4411cc-1940-4271-8e55-71b89f719fc4,True,57,"2021, 12, 05, 20, 40, 48"
4088d68e-9227-4512-8091-4ce05e508b0f,False,145,"2021, 12, 05, 20, 40, 48"
d31cf49e-70fa-47de-8dd7-f43dd43cc8ab,True,161,"2021, 12, 05, 20, 40, 48"
ee1867d5-f299-4640-8209-d0a1fbe646b4,True,106,"2021, 12, 05, 20, 40, 48"
56bbaf17-a5f7-4306-b7dc-5a32ac3869c8,False,161,"2021, 12, 05, 20, 40, 48"
9cd22d95-df6c-4041-9057-8fb9dd2a2f7a,True,37,"2021, 12, 05, 20, 40, 48"
a1045f6e-35bd-4d1b-9c34-d602a2d6fac8,False,106,"2021, 12, 05, 20, 40, 48"
d5988001-4027-4b99-8984-414bf92b1169,True,75,"2021, 12, 05, 20, 40, 48"
28837ce0-d601-468b-a9ae-f38bc2487677,False,37,"2021, 12, 05, 20, 40, 48"
79da879f-efb8-4bf7-ae6b-a72392e340fd,True,9,"2021, 12, 05, 20, 40, 48"
4fd3504d-7f6a-4dcc-a931-d7ba263bfc13,False,75,"2021, 12, 05, 20, 40, 48"
3121f06f-5d01-47d4-b62b-d2b477f58283,True,73,"2021, 12, 05, 20, 40, 48"
6c8fe2a2-3980-43fd-a232-b7e86d101541,False,9,"2021, 12, 05, 20, 40, 48"
7335bcf6-6791-44d2-85eb-a2e78bc5873b,True,99,"2021, 12, 05, 20, 40, 48"
d8c44101-19b2-4ca6-8092-b1f850a75525,False,73,"2021, 12, 05, 20, 40, 48"
505d2575-16a0-4cf3-a85b-77240a28655a,True,182,"2021, 12, 05, 20, 40, 48"
36744064-729c-42f4-b564-772e86438572,False,99,"2021, 12, 05, 20, 40, 48"
7e8c4742-7e05-4a60-9e3b-9bcdf332942f,True,251,"2021, 12, 05, 20, 40, 48"
b3830753-4c69-4038-bbb5-70248369be2a,False,182,"2021, 12, 05, 20, 40, 48"
90f73a99-363c-4bbc-a2d1-1303e64ecc79,True,224,"2021, 12, 05, 20, 40, 48"
ae5d210f-84aa-4a0f-9f5b-a3c3931ea9a2,False,251,"2021, 12, 05, 20, 40, 48"
e33c8ee3-c922-4843-ab08-21c785031c58,True,140,"2021, 12, 05, 20, 40, 48"
64f5bb63-fe63-4738-920e-a32faf3f78be,False,224,"2021, 12, 05, 20, 40, 48"
97150922-9a90-4b55-a60c-1676f7e3e367,True,222,"2021, 12, 05, 20, 40, 48"
ec853cf1-7e3d-4911-a755-2a6ff9fdb3a4,False,140,"2021, 12, 05, 20, 40, 48"
2b65373d-07ab-41c1-81d2-612865670b7d,True,77,"2021, 12, 05, 20, 40, 48"
32530ba7-abed-44cd-9cbf-7d7aa2aa6391,False,222,"2021, 12, 05, 20, 40, 48"
43983e3c-2df1-47c6-8acb-94b9d02342aa,True,166,"2021, 12, 05, 20, 40, 48"
7934b15c-b024-4cab-8fe9-770cb4f93166,False,77,"2021, 12, 05, 20, 40, 48"
864acfbc-50e5-4975-bf7e-3886181d38a0,True,41,"2021, 12, 05, 20, 40, 48"
d8cb492f-f910-411d-890c-22624a3d08a7,False,166,"2021, 12, 05, 20, 40, 48"
ad7af802-0d70-41ee-afc6-d502df13fd2b,True,101,"2021, 12, 05, 20, 40, 48"
e0dd5995-b37d-4cc5-b44a-8061e1708c53,False,41,"2021, 12, 05, 20, 40, 48"
c119119d-b100-4905-b6a4-5d9b567d64d7,True,0,"2021, 12, 05, 20, 40, 48"
8bc8ab33-301f-415f-9a3d-1b30d5ad359a,False,101,"2021, 12, 05, 20, 40, 48"
61a586f6-9723-4252-b9dc-57063310cd80,True,118,"2021, 12, 05, 20, 40, 48"
21f7b40c-c221-46c7-8324-16b3f91e0b7c,False,0,"2021, 12, 05, 20, 40, 48"
cd87e520-e994-433c-9e61-ef56c41997c0,True,111,"2021, 12, 05, 20, 40, 48"
5e80cdaa-b650-4458-8321-bca4c944422a,False,118,"2021, 12, 05, 20, 40, 48"
0024d1a7-de5d-440a-82fc-c06083371540,True,34,"2021, 12, 05, 20, 40, 48"
0dad41dc-7a99-4cbc-991d-cfbdfc779b0e,False,111,"2021, 12, 05, 20, 40, 48"
e9ee76d5-b212-4491-a217-0374befe4ad7,True,234,"2021, 12, 05, 20, 40, 48"
d20f2804-9ee1-4a9a-b348-6459538451a8,False,34,"2021, 12, 05, 20, 40, 48"
ff109a8b-d68d-45dd-bf28-15b5aabb3552,True,170,"2021, 12, 05, 20, 40, 48"
948406cd-bd6f-4983-a469-a37bc3968dc8,False,234,"2021, 12, 05, 20, 40, 48"
8471c083-bcfb-400b-ab38-2fe0ae7fad89,True,89,"2021, 12, 05, 20, 40, 48"
da823adc-4922-4932-9728-4d0379620b62,False,170,"2021, 12, 05, 20, 40, 48"
8663139f-4586-484e-b2ff-7e5bbd695aac,True,213,"2021, 12, 05, 20, 40, 48"
7c09ccb6-4d49-479d-b533-6a91c341d0e7,False,89,"2021, 12, 05, 20, 40, 48"
812b5af6-6daf-409d-9244-b607b86843d8,True,205,"2021, 12, 05, 20, 40, 48"
c61dfa63-2a0d-4db1-a391-4e3c83be71cb,False,213,"2021, 12, 05, 20, 40, 48"
72414f58-c35d-4288-b014-e1245143fecb,True,228,"2021, 12, 05, 20, 40, 48"
da326353-7878-4898-8788-2bf41a3f9cde,False,205,"2021, 12, 05, 20, 40, 48"
a6f1c27e-3465-4b33-8fcf-387bdfbb89db,True,192,"2021, 12, 05, 20, 40, 48"
e8c3d1df-4054-4c2d-b518-db1bb822d51c,False,228,"2021, 12, 05, 20, 40, 48"
4f71cdfd-50fc-422c-ac34-16b755da01ed,True,139,"2021, 12, 05, 20, 40, 48"
da1cdc17-7929-49e3-978c-71df5a2faed4,False,192,"2021, 12, 05, 20, 40, 48"
e9af9ca1-f71e-40fd-adad-b5755f5693a2,True,241,"2021, 12, 05, 20, 40, 48"
e7032d83-c4e2-4d8b-9630-b29cf603b271,False,139,"2021, 12, 05, 20, 40, 48"
9d60ecb6-1ece-4de1-9da6-cc6418a349c4,True,113,"2021, 12, 05, 20, 40, 48"
42209ce9-3e67-4bc4-b065-67a142524cb4,False,241,"2021, 12, 05, 20, 40, 48"
8be1fd35-ea9d-40e2-a1c6-662f49bbae23,True,36,"2021, 12, 05, 20, 40, 49"
36aa07d2-6535-4bfd-a5e1-941cdd7dff78,False,113,"2021, 12, 05, 20, 40, 49"
691556a8-8ca2-49aa-b64e-ea1cf9202fc0,True,148,"2021, 12, 05, 20, 40, 49"
1c7de884-261c-4013-b8a4-b9c3555dfb0b,False,36,"2021, 12, 05, 20, 40, 49"
cbdca503-c3e5-406d-a128-b3b9cbeda2f7,True,18,"2021, 12, 05, 20, 40, 49"
646be021-683a-48e0-99f2-569eba9c7020,False,148,"2021, 12, 05, 20, 40, 49"
c7d7f4ea-6ecb-4f88-9c3f-297376bdbdac,True,80,"2021, 12, 05, 20, 40, 49"
4db37e1e-15bf-4238-81bd-7e654b382f1f,False,18,"2021, 12, 05, 20, 40, 49"
dbcff42a-1a61-4de1-93d2-3b5813619f2a,True,131,"2021, 12, 05, 20, 40, 49"
d0275624-4fc5-4598-8b72-e47d16f8ef72,False,80,"2021, 12, 05, 20, 40, 49"
e116e5b4-39d9-43b2-a998-d9090c736e3a,True,126,"2021, 12, 05, 20, 40, 49"
57c67318-1540-4352-b4fe-7f4d55d6075d,False,131,"2021, 12, 05, 20, 40, 49"
068b54f2-56be-4ec4-9b3a-a916463e9fde,True,240,"2021, 12, 05, 20, 40, 49"
01c04bf1-d001-494e-a0d1-3de19acb5ff2,False,126,"2021, 12, 05, 20, 40, 49"
ba92270e-34de-4a99-bdd1-46ad337cfd4f,True,154,"2021, 12, 05, 20, 40, 49"
42b16501-7e6b-4dfd-b169-bae4f3301f0c,False,240,"2021, 12, 05, 20, 40, 49"
bf82f322-091a-4e6c-9ad0-bca1905217aa,True,31,"2021, 12, 05, 20, 40, 49"
3ad59f89-9358-43d4-b88b-dda2d76f2df5,False,154,"2021, 12, 05, 20, 40, 49"
0fab2449-9590-448d-a9c4-5665d223d119,True,81,"2021, 12, 05, 20, 40, 49"
4cee8d9a-0342-41fe-b562-95ad11621d63,False,31,"2021, 12, 05, 20, 40, 49"
d7832855-90bf-4a99-a575-2a97eb25e77f,True,156,"2021, 12, 05, 20, 40, 49"
d3e5fcac-8f6c-4634-b993-710f50f64ba6,False,81,"2021, 12, 05, 20, 40, 49"
7c35a160-45df-4c32-8b69-ed81eb0c674b,True,1,"2021, 12, 05, 20, 40, 49"
6975a192-88a7-4095-bb9b-2849c0b7aa80,False,156,"2021, 12, 05, 20, 40, 49"
6e5a15eb-4fe8-4198-a54e-eb73ccb46494,True,5,"2021, 12, 05, 20, 40, 49"
5612a911-87ef-47d7-8c33-f014f83f786d,False,1,"2021, 12, 05, 20, 40, 49"
33ee0444-981e-42a9-82ea-ac8e74b146cf,True,157,"2021, 12, 05, 20, 40, 49"
0802f39c-217e-4c93-9dec-3e193cc477b9,False,5,"2021, 12, 05, 20, 40, 49"
42a8dddc-6c4c-4aff-9a7a-f9b1f2c43059,True,21,"2021, 12, 05, 20, 40, 49"
372310b9-be84-4d80-bd39-059fb84ae661,False,157,"2021, 12, 05, 20, 40, 49"
5d45e39e-807a-4cb1-8cab-3bd30e4093c3,True,109,"2021, 12, 05, 20, 40, 49"
8189824c-45d9-44d9-8d37-14004fa71bd8,False,21,"2021, 12, 05, 20, 40, 49"
4866b39b-8aa8-4c82-a1e1-ccb9b7c45ba2,True,32,"2021, 12, 05, 20, 40, 49"
3055cc25-4573-4e98-9b5d-6866a1429af3,False,109,"2021, 12, 05, 20, 40, 49"
d074da03-dcc7-433c-863b-525c88e96cae,True,130,"2021, 12, 05, 20, 40, 49"
b588a4db-38b7-482b-acbf-7a91b3a1a37b,False,32,"2021, 12, 05, 20, 40, 49"
50ab5690-912a-400e-b433-b57eb3ef8293,True,11,"2021, 12, 05, 20, 40, 49"
11bc5101-9693-4b33-b2ca-747e5221c151,False,130,"2021, 12, 05, 20, 40, 49"
9dbe81f6-179c-4b10-908f-271776c54a1d,True,60,"2021, 12, 05, 20, 40, 49"
d04ab0d3-084b-45aa-8eb4-04d7368db3c7,False,11,"2021, 12, 05, 20, 40, 49"
97df3584-12c1-4bd6-b927-0ec257885594,True,23,"2021, 12, 05, 20, 40, 49"
26087f3f-55d2-46b6-8801-edf325b3cfe9,True,39,"2021, 12, 05, 20, 40, 49"
f88dfa14-36bc-4749-8f83-ea13f300a628,False,23,"2021, 12, 05, 20, 40, 49"
b93cac64-09c2-445a-89c8-04a4a8c4af4f,True,44,"2021, 12, 05, 20, 40, 49"
3188e0cb-8387-4041-9b92-1004986aa272,False,39,"2021, 12, 05, 20, 40, 49"
4b2825e4-88c9-4d93-bfe4-62a774ef3bb7,True,13,"2021, 12, 05, 20, 40, 49"
8a8a0cd6-1bcc-482e-b644-97d764dc447d,False,44,"2021, 12, 05, 20, 40, 49"
795aa474-fa9f-485b-9963-d80933332f67,True,67,"2021, 12, 05, 20, 40, 49"
9eab72ec-e485-4d00-b693-548851e52648,False,13,"2021, 12, 05, 20, 40, 49"
7decb7db-6aa4-4fea-b0b6-9e6cc4b06c24,True,158,"2021, 12, 05, 20, 40, 49"
529bea5c-f29c-4fd3-b9c4-ad7714d1809a,True,189,"2021, 12, 05, 20, 40, 49"
6c044024-f615-464e-9498-7ba1a8d2cd07,False,158,"2021, 12, 05, 20, 40, 49"
049bd18e-b636-426e-931b-0900c307c961,True,220,"2021, 12, 05, 20, 40, 49"
d8bfe222-f341-4cfb-a2b7-ba00b8ca9146,False,189,"2021, 12, 05, 20, 40, 49"
248563a8-4eca-4749-beaf-2b3523d1a482,True,4,"2021, 12, 05, 20, 40, 49"
12d279d1-c678-4f01-adda-6b148b3d581f,False,220,"2021, 12, 05, 20, 40, 49"
611030fa-bed2-4e1b-8030-d0fbac1922ff,True,223,"2021, 12, 05, 20, 40, 49"
c56529c5-6eb4-4ce4-9fea-1c045891de1c,False,4,"2021, 12, 05, 20, 40, 49"
1693e43c-9d88-4091-9281-48fe47425332,True,54,"2021, 12, 05, 20, 40, 49"
ae8c2205-bbe4-4bb3-b410-5f3fd0d47a05,False,223,"2021, 12, 05, 20, 40, 49"
9856e87a-3775-4812-9149-ee52ad2f2c3d,False,54,"2021, 12, 05, 20, 40, 49"
94ec7e64-b03b-4c9a-983f-c58c515eee4c,False,67,"2021, 12, 05, 20, 40, 49"
ee1c68a2-3103-437e-8f53-c7e343cf4eb6,False,60,"2021, 12, 05, 20, 40, 49"
bf46c693-95d7-4f6c-bdab-646848830d84,False,57,"2021, 12, 05, 20, 40, 49"
cd909c6d-aab8-422b-96ab-160cfa148bcd,False,53,"2021, 12, 05, 20, 40, 49"
2ddb95fe-6373-4674-b3ca-a7b5334cbc48,False,69,"2021, 12, 05, 20, 40, 49"
