7a3a332f-9025-46a2-a23c-934cdaafc492,True,90,"2021, 12, 06, 14, 22, 42"
ec0b4840-8236-4692-80c8-d00d6f3651ba,True,90,"2021, 12, 06, 14, 22, 42"
8885e8c3-5040-466d-b3a2-e7c8f76199f3,False,90,"2021, 12, 06, 14, 22, 42"
a6867f08-7fda-4fe0-a600-d4816a32fde2,True,91,"2021, 12, 06, 14, 22, 42"
38daa4d2-90e2-4433-a955-1cf449083a40,False,90,"2021, 12, 06, 14, 22, 42"
09840309-2799-44fe-bccb-830561b78572,True,91,"2021, 12, 06, 14, 22, 42"
3d36f873-f8a6-417b-8ceb-f80a7654fb4a,False,91,"2021, 12, 06, 14, 22, 42"
baf87ad0-331e-4197-bd7e-038dcf0c08ac,True,92,"2021, 12, 06, 14, 22, 42"
9096ce39-e1b1-4ed1-b2cd-a534fbddfa37,False,91,"2021, 12, 06, 14, 22, 42"
74cc86ae-b9a1-40ec-bf8b-26346db31c97,True,92,"2021, 12, 06, 14, 22, 42"
d2ddc0f3-1d70-4f7a-9889-1ca37a39eb5f,False,92,"2021, 12, 06, 14, 22, 42"
66959dd6-40d5-4f0c-a482-fcb8a2977ec7,True,93,"2021, 12, 06, 14, 22, 42"
5d72b61f-445b-4fef-ae2e-75491db0c45f,False,92,"2021, 12, 06, 14, 22, 42"
81d3369e-29c4-41e5-aee8-580924b75a80,True,93,"2021, 12, 06, 14, 22, 42"
42014f71-369b-4e25-ab18-ed99991308df,False,93,"2021, 12, 06, 14, 22, 42"
5e7ab335-390c-45c4-96eb-56e758a8b877,True,94,"2021, 12, 06, 14, 22, 42"
0939a061-3c72-4134-80f0-164d1255401c,False,93,"2021, 12, 06, 14, 22, 42"
7b2cf526-2463-4cad-be09-e1c3d7509cad,True,94,"2021, 12, 06, 14, 22, 42"
b4ce17cb-f2d5-42f6-975e-e1296e1c55b7,False,94,"2021, 12, 06, 14, 22, 42"
5c35cc0f-bc2d-4815-b48a-37644c8f911b,True,95,"2021, 12, 06, 14, 22, 42"
09cd17db-fda4-4db4-899f-0c771ef5bc6d,False,94,"2021, 12, 06, 14, 22, 42"
31a59f39-058c-4790-bf6e-bd5cfd1d7915,True,95,"2021, 12, 06, 14, 22, 42"
6d4b13b7-b94b-40c5-87f4-9dcba832a746,False,95,"2021, 12, 06, 14, 22, 42"
29a778cb-f806-40b6-8bcb-8324ad968fd5,True,96,"2021, 12, 06, 14, 22, 42"
487b98da-a49a-41e6-8190-0bb3576b71c1,False,95,"2021, 12, 06, 14, 22, 42"
5e8c3f75-693c-4e5a-acda-2f38ed9368c5,True,96,"2021, 12, 06, 14, 22, 42"
e70fc1f8-fe00-41ba-91cc-123a42c42f4c,False,96,"2021, 12, 06, 14, 22, 42"
735f54b4-fad8-467f-ba09-7ec70c931288,True,97,"2021, 12, 06, 14, 22, 42"
607046f9-7127-4c6a-ad75-9da9cc7344bb,False,96,"2021, 12, 06, 14, 22, 42"
df21bd58-57ea-48bf-b2be-787ddf14161d,True,97,"2021, 12, 06, 14, 22, 42"
957ac59a-d361-4fc4-a7ac-4456a0a6dfd7,False,97,"2021, 12, 06, 14, 22, 42"
38ab532d-64a7-4764-bdb8-69469dfbb4c3,True,98,"2021, 12, 06, 14, 22, 42"
c0bcfaa9-7927-4812-a003-296def58eed2,False,97,"2021, 12, 06, 14, 22, 42"
210bcf51-6833-4b62-8abb-bcc5afdd8271,True,98,"2021, 12, 06, 14, 22, 42"
e55c09e6-2f08-458b-b5bb-05c93dda6bb6,False,98,"2021, 12, 06, 14, 22, 42"
b4a2f577-61cc-4da8-955b-845c18be0882,True,99,"2021, 12, 06, 14, 22, 42"
cb50630a-4ed9-4175-a37d-f473615707a0,False,98,"2021, 12, 06, 14, 22, 42"
e5e4f502-dfa1-4274-8a9c-d0a79903891e,True,99,"2021, 12, 06, 14, 22, 42"
188edb90-780c-4d43-8a39-466f340a48a5,False,99,"2021, 12, 06, 14, 22, 42"
0b151395-6f4d-4c6f-b0f1-69144bc8aea2,True,130,"2021, 12, 06, 14, 22, 42"
9a6ba64e-fa88-46c5-ad54-81f63d6ff13d,False,99,"2021, 12, 06, 14, 22, 42"
f6deda6b-2da8-4371-b480-7ad992a4100b,True,130,"2021, 12, 06, 14, 22, 42"
5c9664ec-b8b1-4a57-b206-ad0ce633aac8,False,130,"2021, 12, 06, 14, 22, 42"
d284de62-575e-4efc-8cfe-3feb46522f6b,True,131,"2021, 12, 06, 14, 22, 42"
03f2c710-4c32-45d2-816a-e5551a230256,False,130,"2021, 12, 06, 14, 22, 42"
4fd0c6a6-004c-4ad7-879f-321550eb2bf8,True,131,"2021, 12, 06, 14, 22, 42"
d672364a-6b61-472d-b100-bc8611ab3591,False,131,"2021, 12, 06, 14, 22, 42"
5f261bfe-abe5-4641-a57a-84ebeff75488,True,132,"2021, 12, 06, 14, 22, 42"
49ae42b6-d152-4e20-8962-53ee66d35dc6,False,131,"2021, 12, 06, 14, 22, 42"
f1c6ee1a-3262-4c32-be27-cab7b666dd73,True,132,"2021, 12, 06, 14, 22, 42"
7ffb0ed5-888f-4250-9c34-3e5682210e5e,False,132,"2021, 12, 06, 14, 22, 42"
f7e6c270-bf5a-45c3-b831-33a22d0c65d5,True,133,"2021, 12, 06, 14, 22, 42"
ce86ce33-eb9a-4786-b6fe-e0b0d0536119,False,132,"2021, 12, 06, 14, 22, 42"
3cb9ff8f-ccf2-4454-9d27-5b5b31f35e39,True,133,"2021, 12, 06, 14, 22, 42"
c17ee384-d508-40b3-bf4f-65508fd3cb29,False,133,"2021, 12, 06, 14, 22, 42"
1064639b-7edd-4581-911d-1edbdee68710,True,134,"2021, 12, 06, 14, 22, 42"
3b7f99bd-c620-42ff-aee3-ce940b9d9535,False,133,"2021, 12, 06, 14, 22, 42"
ec6c4b85-17ec-4681-add6-37e6ab3c597f,True,134,"2021, 12, 06, 14, 22, 42"
3ea4cab9-36db-48fc-9b26-a37ccf4f24b3,False,134,"2021, 12, 06, 14, 22, 42"
e49b8cf5-1a99-4cc7-84f5-01fcac1b8337,True,135,"2021, 12, 06, 14, 22, 42"
fb46e0f5-bca4-49a6-86f8-b743116aa75e,False,134,"2021, 12, 06, 14, 22, 42"
effdf434-f7ff-48dd-9e94-4fc2b4798127,True,135,"2021, 12, 06, 14, 22, 42"
4687f79a-a661-44e6-bccb-30a942a1a402,False,135,"2021, 12, 06, 14, 22, 42"
08aefb22-6a22-40c5-affb-38f479cda710,True,136,"2021, 12, 06, 14, 22, 42"
37fa38d6-de49-4eaf-a131-cffec7ca3811,False,135,"2021, 12, 06, 14, 22, 42"
83ebd244-bdbb-4c85-a55e-47987461a47e,True,136,"2021, 12, 06, 14, 22, 42"
d5498823-a458-4f1d-bd50-36003d2b2715,False,136,"2021, 12, 06, 14, 22, 42"
8837d1d3-70a5-4381-8a1e-5798187f69c8,True,137,"2021, 12, 06, 14, 22, 42"
77453263-8d43-4496-9aee-810b8c6f27d9,False,136,"2021, 12, 06, 14, 22, 42"
c2997664-b0b4-40fa-ab7d-6e6035979ea5,True,137,"2021, 12, 06, 14, 22, 42"
ca1af1bd-c101-47c8-ab0d-bf3f22f6d721,False,137,"2021, 12, 06, 14, 22, 42"
dc8d217b-26ae-407e-82b9-8aec48d908c8,True,138,"2021, 12, 06, 14, 22, 42"
8e7752c1-9a4c-42b6-9753-3b7c8ee1468f,False,137,"2021, 12, 06, 14, 22, 42"
1bfcfae0-749c-4f3c-ab11-312ae2c74c07,True,138,"2021, 12, 06, 14, 22, 42"
bf17888b-fea0-45c6-bb36-f6c8fbe72b06,False,138,"2021, 12, 06, 14, 22, 42"
7488148a-0ea0-4dd1-ba5b-51667bd167bc,True,139,"2021, 12, 06, 14, 22, 42"
617169e2-b0d8-4ba8-b1ed-a0503be3083f,False,138,"2021, 12, 06, 14, 22, 42"
452416bb-c4dc-4133-ad35-fe73d6c935d1,True,139,"2021, 12, 06, 14, 22, 42"
a5defcb1-4b25-41dc-af2a-b037d703774b,False,139,"2021, 12, 06, 14, 22, 42"
27c34a95-0094-408a-9b2a-bb39ffe31859,True,20,"2021, 12, 06, 14, 22, 42"
c52826ea-2e3a-4da9-8efe-3ff1bee16319,False,139,"2021, 12, 06, 14, 22, 42"
d5eaab51-f515-4b55-a51b-ac87d9ab3764,True,20,"2021, 12, 06, 14, 22, 42"
35f4761c-2be7-4411-a338-ef34842e2cc8,False,20,"2021, 12, 06, 14, 22, 42"
cfd95c23-8dfd-40ca-a9d8-0387049a8133,True,21,"2021, 12, 06, 14, 22, 42"
a599a8dd-08e1-4fc6-8d79-0d152942fef0,False,20,"2021, 12, 06, 14, 22, 42"
7d8db8fc-6e6d-4a3b-8df2-1f8f7dafc24c,True,21,"2021, 12, 06, 14, 22, 42"
892c69ad-1a6d-4420-8032-8ce76bcb37bf,False,21,"2021, 12, 06, 14, 22, 42"
b823b12b-3a84-4994-a7f4-53d55200492f,True,22,"2021, 12, 06, 14, 22, 42"
276d9e12-2c6f-4b6f-8913-ed670fdf05ac,False,21,"2021, 12, 06, 14, 22, 42"
2dcfe341-69e6-4118-8c6b-2eaef23f3e01,True,22,"2021, 12, 06, 14, 22, 42"
f98948b3-4c32-49f8-ab61-f3d30daba14d,False,22,"2021, 12, 06, 14, 22, 42"
34e429d5-2d45-420c-8a47-b8059c1d0340,True,23,"2021, 12, 06, 14, 22, 42"
e71be5cc-229f-4664-9be8-8958e2e335a7,False,22,"2021, 12, 06, 14, 22, 42"
b7b0eb7a-fdad-40c3-a8a9-b580c738754f,True,23,"2021, 12, 06, 14, 22, 42"
4aeb4678-c7e6-4617-8d8c-e46b2f1541a1,False,23,"2021, 12, 06, 14, 22, 42"
aa78d5f8-886c-4eba-9467-98d9af887cf9,True,24,"2021, 12, 06, 14, 22, 42"
badcb91c-bad9-4d05-884c-3d6be8dddc4b,False,23,"2021, 12, 06, 14, 22, 42"
f8a8ca38-e385-4573-94d0-5e4bbed74dc4,True,24,"2021, 12, 06, 14, 22, 42"
1e40e155-efa1-4b03-ac34-3b9677c2de24,False,24,"2021, 12, 06, 14, 22, 42"
1a4c8180-3f35-4a5d-8fae-e936ec8adfdd,True,25,"2021, 12, 06, 14, 22, 42"
a280f37a-ce2d-4e6a-882b-50d28d6508e4,False,24,"2021, 12, 06, 14, 22, 42"
13c6adc8-2cec-4ac2-8dc8-1f5b15fd2cef,True,25,"2021, 12, 06, 14, 22, 42"
cd1e167d-fb16-4c45-805d-076874d361e9,False,25,"2021, 12, 06, 14, 22, 42"
65b4433b-0fb7-42ff-923e-378a39a7490e,True,26,"2021, 12, 06, 14, 22, 42"
e82bfe1a-23e2-4610-881a-d8857a86ab1f,False,25,"2021, 12, 06, 14, 22, 42"
1e56560c-b927-4cab-8357-6b88ab28566d,True,26,"2021, 12, 06, 14, 22, 42"
89a7e584-a291-41e5-8c28-a0c1bde36d9d,False,26,"2021, 12, 06, 14, 22, 42"
8e203460-26ec-4ab7-878e-d43bfb4cb593,True,27,"2021, 12, 06, 14, 22, 42"
70fdf6c2-44e2-4755-8f48-6ce31d1b31bf,False,26,"2021, 12, 06, 14, 22, 42"
755d41bf-d44a-4258-9d3e-17fcecb62a93,True,27,"2021, 12, 06, 14, 22, 42"
c4a17316-5849-4122-8509-d1f36ef2ad62,False,27,"2021, 12, 06, 14, 22, 42"
05c9afca-1ef9-4133-b724-04d375725e38,True,28,"2021, 12, 06, 14, 22, 42"
c1a0cd90-1002-4422-b168-dcc2d5a35361,False,27,"2021, 12, 06, 14, 22, 42"
2c7535cb-6fc9-4a51-8148-0bebcca5c74c,True,28,"2021, 12, 06, 14, 22, 42"
c099619c-842a-4ed4-b513-d7c0deaff220,False,28,"2021, 12, 06, 14, 22, 42"
459db994-bbdc-4d2c-9023-7697cb31553e,True,29,"2021, 12, 06, 14, 22, 42"
5e1c341e-49a8-4da4-8c58-0631b6847a7b,False,28,"2021, 12, 06, 14, 22, 42"
662785f1-ffb1-4433-b5ae-362c076ff930,True,29,"2021, 12, 06, 14, 22, 42"
f1ec63c4-b4a4-48f2-81c4-58cd7347284a,False,29,"2021, 12, 06, 14, 22, 42"
8bdb6d8d-7076-4c92-83c8-3a2cc42d48a9,True,80,"2021, 12, 06, 14, 22, 42"
99baa7a9-f5ad-4d90-af8f-1861ffa8ee7c,False,29,"2021, 12, 06, 14, 22, 42"
0c1c1b5c-465a-45ab-9767-57fb33355818,True,80,"2021, 12, 06, 14, 22, 42"
88e3a669-06d8-4e69-8ad8-872af3141c1c,False,80,"2021, 12, 06, 14, 22, 42"
9be773e0-d71a-4888-ad37-6304a4517061,True,81,"2021, 12, 06, 14, 22, 42"
6a8044ee-38a3-4527-94e6-b111ada08124,False,80,"2021, 12, 06, 14, 22, 42"
8d4f5f51-0e5b-4a9f-93de-7db08ea3d258,True,81,"2021, 12, 06, 14, 22, 42"
de30dbf6-02f0-44db-a033-f1eba3a8e554,False,81,"2021, 12, 06, 14, 22, 42"
b6efe47c-a19b-4070-9d28-94149f4729aa,True,82,"2021, 12, 06, 14, 22, 42"
2df72c0c-4da0-46d8-b49c-aef116b7bd63,False,81,"2021, 12, 06, 14, 22, 42"
518dc168-f5e0-44a3-8f07-e26ff6b69fb2,True,82,"2021, 12, 06, 14, 22, 42"
e7d96712-2063-4595-a7ae-8aafa4fdfea7,False,82,"2021, 12, 06, 14, 22, 42"
82a74c0b-204d-4a84-89be-00b2d436b951,True,83,"2021, 12, 06, 14, 22, 42"
8a4ff5da-c03b-4e8e-bc3a-9e448e20bc96,False,82,"2021, 12, 06, 14, 22, 42"
b2f9b2c0-b529-4b57-a64a-c2d200597195,True,83,"2021, 12, 06, 14, 22, 42"
1b512aaa-3037-4e65-8e4a-646dc4aa900e,False,83,"2021, 12, 06, 14, 22, 42"
b2cd3489-a17a-49b9-b66a-e77ae3444658,True,84,"2021, 12, 06, 14, 22, 42"
e17f0bf2-7149-436a-a580-10024a466560,False,83,"2021, 12, 06, 14, 22, 42"
0634b434-138d-4c1e-840b-64aa050d993c,True,84,"2021, 12, 06, 14, 22, 42"
5e457c95-825e-4a69-8817-0f1e5a724e8a,False,84,"2021, 12, 06, 14, 22, 42"
c50f44c7-2ca8-4957-a1c3-04679bf185dc,True,85,"2021, 12, 06, 14, 22, 42"
24fe8b5a-1af7-4d08-8017-f3772bbb4376,False,84,"2021, 12, 06, 14, 22, 42"
46b0818c-31ac-460b-83d2-c14d9662ffa0,True,85,"2021, 12, 06, 14, 22, 42"
a41773e4-4c50-46b6-8598-027c84940086,False,85,"2021, 12, 06, 14, 22, 42"
7f621f96-03da-4771-8b75-79597b1648f4,True,86,"2021, 12, 06, 14, 22, 42"
9155ba14-4b2e-4308-aab8-c201cf83ee14,False,85,"2021, 12, 06, 14, 22, 42"
00c8205c-a1ec-4c9b-a0dd-9cf4b8589e78,True,86,"2021, 12, 06, 14, 22, 42"
fce21f6b-77c6-4eb2-9a87-fa0d570eec70,False,86,"2021, 12, 06, 14, 22, 42"
f3d74d6f-1ed7-4e0b-8fc4-2d070a4e3834,True,87,"2021, 12, 06, 14, 22, 42"
0cbaf163-5831-4c2a-840f-cf727b82eeff,False,86,"2021, 12, 06, 14, 22, 42"
85c0dd22-70b5-498d-8bd2-22a4e7b9cc20,True,87,"2021, 12, 06, 14, 22, 42"
24a90f0c-af5d-466d-80fd-70154e28ae9d,False,87,"2021, 12, 06, 14, 22, 42"
0c1e5c0d-a68c-4a16-b43a-a4e469507e92,True,88,"2021, 12, 06, 14, 22, 42"
8a2344e7-bcc8-4ae3-bdd2-7728995d5646,False,87,"2021, 12, 06, 14, 22, 42"
7e452c61-5afe-4606-b74f-20c9e1a7798c,True,88,"2021, 12, 06, 14, 22, 42"
09e13e99-f60d-41af-b1c6-66f41d3320fb,False,88,"2021, 12, 06, 14, 22, 42"
8d47f8cc-5187-4a65-93f4-8e4f3b8757a0,True,89,"2021, 12, 06, 14, 22, 42"
73c49121-4668-44e2-a6f5-d514b1c64740,False,88,"2021, 12, 06, 14, 22, 42"
c6a650cf-dcea-4191-8ad7-d563a60d5538,True,89,"2021, 12, 06, 14, 22, 42"
49e298c1-a70a-4ca7-95be-46814cf1655b,False,89,"2021, 12, 06, 14, 22, 42"
a308bf7a-2b7d-4ef8-aae7-38e720ab8b2f,True,150,"2021, 12, 06, 14, 22, 42"
af9a7f89-591a-4da4-b037-d9e63cedd366,False,89,"2021, 12, 06, 14, 22, 42"
8c524440-ce5b-4a5c-9a79-5861335bffba,True,150,"2021, 12, 06, 14, 22, 42"
367acdef-579d-47f7-aec7-e4acd9a3e6a6,False,150,"2021, 12, 06, 14, 22, 42"
1fd180f1-caf3-4b94-a049-d0903177eedc,True,151,"2021, 12, 06, 14, 22, 42"
d387e238-a2e5-488b-baa1-8703c8e6d68b,False,150,"2021, 12, 06, 14, 22, 42"
dc7c6b44-35b0-48f2-8476-489ee91ab6cc,True,151,"2021, 12, 06, 14, 22, 42"
5730bfd6-fed6-4113-aee3-4da6d4dd7c4d,False,151,"2021, 12, 06, 14, 22, 42"
5d7e83a6-1406-479d-8271-313e27575d7a,True,152,"2021, 12, 06, 14, 22, 42"
23682f6e-60a6-44f2-9aeb-4fc6af09db5a,False,151,"2021, 12, 06, 14, 22, 42"
ad2743d3-dddd-481a-a1ce-1b8a22877392,True,152,"2021, 12, 06, 14, 22, 42"
5438afdc-4b18-4820-9bf4-540f7adb1c90,False,152,"2021, 12, 06, 14, 22, 42"
6b82ece5-bfbe-4ea8-8629-290ea328b0f7,True,153,"2021, 12, 06, 14, 22, 42"
4ba93172-81b8-427b-8062-502bf11a6d52,False,152,"2021, 12, 06, 14, 22, 42"
53d16b92-d756-4ce3-9d62-74582739170b,True,153,"2021, 12, 06, 14, 22, 42"
01a1c169-df48-48fd-9828-16eca48315c8,False,153,"2021, 12, 06, 14, 22, 42"
beb7fbbc-9d31-43b3-8fde-59c484300aff,True,154,"2021, 12, 06, 14, 22, 42"
ee8791c7-82ee-4f23-b81b-0852257de981,False,153,"2021, 12, 06, 14, 22, 42"
ae3b61a2-845b-4052-974d-52b55509cb5f,True,154,"2021, 12, 06, 14, 22, 42"
66f0efcb-9272-4d92-aa4d-7badf87793fe,False,154,"2021, 12, 06, 14, 22, 42"
4e7fddea-fab3-405a-b96a-0f897983af17,True,155,"2021, 12, 06, 14, 22, 42"
b1d4dfce-87ce-41df-b7d4-fb11e26d0ab6,False,154,"2021, 12, 06, 14, 22, 42"
652dc4a5-7c6c-4aa9-aef6-ab950dbcc5f8,True,155,"2021, 12, 06, 14, 22, 42"
6b820495-778f-4d20-8d78-d2ea88e7af20,False,155,"2021, 12, 06, 14, 22, 42"
a476c81a-ec2c-4080-8d56-24a665774613,True,156,"2021, 12, 06, 14, 22, 42"
25ccf86b-6d66-4ac6-957e-df9b7cf5c2b8,False,155,"2021, 12, 06, 14, 22, 42"
00872ea1-e994-431c-b791-2f13995bd46f,True,156,"2021, 12, 06, 14, 22, 42"
e2a1d837-1a4a-4f63-9d4d-48912351a9da,False,156,"2021, 12, 06, 14, 22, 42"
16ffd99c-9fd5-4815-add1-43361dc19665,True,157,"2021, 12, 06, 14, 22, 42"
f3e809e7-c66d-4c70-babd-068fc422abd1,False,156,"2021, 12, 06, 14, 22, 42"
8f64aca1-fe71-407e-a942-548a23d0b9ab,True,157,"2021, 12, 06, 14, 22, 42"
56e11bed-6338-44e3-a1ff-52d1b41c04c4,False,157,"2021, 12, 06, 14, 22, 42"
6662bafe-f1b4-445d-b19f-81cca67310b6,True,158,"2021, 12, 06, 14, 22, 42"
628c8ca1-7f5d-4a4a-bea8-304262a361f5,False,157,"2021, 12, 06, 14, 22, 42"
e7429a13-aff1-47bb-8d8b-f4caf2c79fe5,True,158,"2021, 12, 06, 14, 22, 42"
9b53067a-48e4-477f-a7bd-74ded2450d5b,False,158,"2021, 12, 06, 14, 22, 42"
172ba2c0-2412-46b7-bdfb-49e6073f04ed,True,159,"2021, 12, 06, 14, 22, 42"
83dc5aad-3b47-4c06-8ced-a938f0d42fbb,False,158,"2021, 12, 06, 14, 22, 42"
b3d45192-37e6-441b-aa97-a4b53fff6f3f,True,159,"2021, 12, 06, 14, 22, 42"
d14be71e-8bc6-4db5-9343-c087e1fa6236,False,159,"2021, 12, 06, 14, 22, 42"
d4d8a18a-8c47-4d85-bc10-2f8f59c3302b,True,100,"2021, 12, 06, 14, 22, 43"
d36eaf72-05df-4590-bae9-f1e693d5f054,False,159,"2021, 12, 06, 14, 22, 43"
56b4f3f3-8dbb-4fc4-bff8-9a9fc51b04c7,True,100,"2021, 12, 06, 14, 22, 43"
0513e1a7-6740-4b9f-b4ed-5f513ff68d60,False,100,"2021, 12, 06, 14, 22, 43"
0a89d7fe-e8fb-41f0-b147-ea9dcab485c2,True,101,"2021, 12, 06, 14, 22, 43"
64c8592a-78a6-4273-891b-22177b1e582e,False,100,"2021, 12, 06, 14, 22, 43"
1215eda8-f8fd-4777-bf30-01638367d003,True,101,"2021, 12, 06, 14, 22, 43"
29f7de17-3241-4776-ba5c-707648592419,False,101,"2021, 12, 06, 14, 22, 43"
21d025a5-46e8-4d83-8f43-52ffd4bc3197,True,102,"2021, 12, 06, 14, 22, 43"
42122e8a-89d5-4df2-9c9e-e99472419c41,False,101,"2021, 12, 06, 14, 22, 43"
9039dec7-a73d-4518-9432-db84b2d67589,True,102,"2021, 12, 06, 14, 22, 43"
350fd6a4-be33-4795-9f65-43d149e6836a,False,102,"2021, 12, 06, 14, 22, 43"
3b318bc3-105d-4dbd-89bd-40ade2496abc,True,103,"2021, 12, 06, 14, 22, 43"
da51a87b-40d1-42e1-b1f3-d51c5b3dc6de,False,102,"2021, 12, 06, 14, 22, 43"
b78285a2-33f9-4152-b4fc-1c5929fff56d,True,103,"2021, 12, 06, 14, 22, 43"
ac5021d8-e5d8-473e-b81b-1f06378c071d,False,103,"2021, 12, 06, 14, 22, 43"
764981f4-4f9e-459e-8826-f8b3552c5ede,True,104,"2021, 12, 06, 14, 22, 43"
ab4268c1-6b2e-47c1-8f05-54dcaf1846b2,False,103,"2021, 12, 06, 14, 22, 43"
a0914279-441e-4962-b154-c45178e054cc,True,104,"2021, 12, 06, 14, 22, 43"
1bb680e0-abfb-460f-8156-6ac74e9092d5,False,104,"2021, 12, 06, 14, 22, 43"
f3834983-f245-4f02-a96f-95101900ba68,True,105,"2021, 12, 06, 14, 22, 43"
e6a13501-67ed-4861-bbcb-a0ff2e9f2e82,False,104,"2021, 12, 06, 14, 22, 43"
e6e72b64-98ad-425a-977e-6a23abe06711,True,105,"2021, 12, 06, 14, 22, 43"
e93cc0f4-1769-4282-9f72-17246451b2c9,False,105,"2021, 12, 06, 14, 22, 43"
ecc16675-e403-4712-b090-cbadc31e9b79,True,106,"2021, 12, 06, 14, 22, 43"
4a9ae625-0d1e-43df-878e-d8d7ebc1b476,False,105,"2021, 12, 06, 14, 22, 43"
0e212b60-6c07-4fb0-a89c-72c0b7f962aa,True,106,"2021, 12, 06, 14, 22, 43"
965ca24b-7728-4e73-a5ed-e3c8bbc0ee61,False,106,"2021, 12, 06, 14, 22, 43"
4bbd6d6f-bbd0-46ba-b9ad-cde0c4f29089,True,107,"2021, 12, 06, 14, 22, 43"
36d34d06-046f-4485-9856-90407edf9f74,False,106,"2021, 12, 06, 14, 22, 43"
2fee4c36-1837-44d5-939a-b17252db8dca,True,107,"2021, 12, 06, 14, 22, 43"
491de236-3ef3-44b2-a89d-58c166825bda,False,107,"2021, 12, 06, 14, 22, 43"
0f29ec81-ea98-4767-81ae-68c86261ea5d,True,108,"2021, 12, 06, 14, 22, 43"
ac054b8b-83bd-4172-9770-5fd3c7cc32c4,False,107,"2021, 12, 06, 14, 22, 43"
c31f49ca-082e-4420-af96-8c0db6166796,True,108,"2021, 12, 06, 14, 22, 43"
7ff6f98b-a13d-4782-9f63-feef4e61f791,False,108,"2021, 12, 06, 14, 22, 43"
2e79383a-c852-4821-b423-caa43ea1c17e,True,109,"2021, 12, 06, 14, 22, 43"
99778811-643b-487d-b9c1-8ad9ecec56c9,False,108,"2021, 12, 06, 14, 22, 43"
bb0460bf-ae59-48d8-baaa-684c893cdab4,True,109,"2021, 12, 06, 14, 22, 43"
d8d2bafd-9dd9-4e68-b40b-1d9fa956d306,False,109,"2021, 12, 06, 14, 22, 43"
1a78b28c-41e1-4bbb-a3f6-fd5fe428ab70,True,140,"2021, 12, 06, 14, 22, 43"
db396385-ffce-4642-ad2e-a7bd8912461d,False,109,"2021, 12, 06, 14, 22, 43"
756333d4-3183-49fb-b75f-805dc6a8033d,True,140,"2021, 12, 06, 14, 22, 43"
a6495a39-f41d-4754-a55e-c6bdd8cac6f5,False,140,"2021, 12, 06, 14, 22, 43"
6548a378-c4f5-4ae0-b08a-b07e996e36f0,True,141,"2021, 12, 06, 14, 22, 43"
4cd9c5e0-eb69-4392-9bb6-41a9c4796f34,False,140,"2021, 12, 06, 14, 22, 43"
75d55779-265d-4bb4-86ac-1961a8977753,True,141,"2021, 12, 06, 14, 22, 43"
7a87603c-63b4-4583-bc70-60e8dded8bb8,False,141,"2021, 12, 06, 14, 22, 43"
b5bb10bf-0268-4292-b1a6-facf830e280f,True,142,"2021, 12, 06, 14, 22, 43"
1e86d384-e6f1-4a66-9fc4-81a6c8408031,False,141,"2021, 12, 06, 14, 22, 43"
aef3eb43-1cc8-41e3-bc9a-fb7c6df0446c,True,142,"2021, 12, 06, 14, 22, 43"
1df81266-4055-4adc-b885-64d5d1e55b37,False,142,"2021, 12, 06, 14, 22, 43"
248c4398-62cb-43f4-a774-a8ce8d2bdb71,True,143,"2021, 12, 06, 14, 22, 43"
25e3fa0b-0897-4279-8e69-60816bff2809,False,142,"2021, 12, 06, 14, 22, 43"
5de26e52-1d09-4af4-85a3-3e3ae7b695a6,True,143,"2021, 12, 06, 14, 22, 43"
8210f617-4ee5-4949-a574-8f2292ebf7f2,False,143,"2021, 12, 06, 14, 22, 43"
f007c2d5-abf1-4982-89b3-9d550b51ad5c,True,144,"2021, 12, 06, 14, 22, 43"
7b9049cc-d4ff-43cf-8c90-b96aabc11527,False,143,"2021, 12, 06, 14, 22, 43"
fbf53639-2ccf-49a7-a485-37eb65279a33,True,144,"2021, 12, 06, 14, 22, 43"
d8de66b8-b06d-4e38-9d2c-f13bde146de4,False,144,"2021, 12, 06, 14, 22, 43"
31740b5c-6fa7-476f-9bea-622961bc93d5,True,145,"2021, 12, 06, 14, 22, 43"
5a8559a5-3774-46c4-8695-ca17591f633b,False,144,"2021, 12, 06, 14, 22, 43"
801b17f9-2aa1-41e7-aba6-87ed8560ae1b,True,145,"2021, 12, 06, 14, 22, 43"
de6a4d94-7574-404f-8e47-0c13a48d1171,False,145,"2021, 12, 06, 14, 22, 43"
910b7929-cbb9-4a6b-ae8a-b191bcf8536b,True,146,"2021, 12, 06, 14, 22, 43"
f53ba1f3-cb4c-46d9-a2fc-0401bc45a783,False,145,"2021, 12, 06, 14, 22, 43"
f2e88cd1-9289-4580-9954-2ccfd1a26e44,True,146,"2021, 12, 06, 14, 22, 43"
e186a69e-4ba0-46b0-85cc-2c21cd8c51b0,False,146,"2021, 12, 06, 14, 22, 43"
9782a5a5-5a22-4b50-bead-eb97fae083a8,True,147,"2021, 12, 06, 14, 22, 43"
b75f99f9-11b0-4051-ae4f-6b64a706aad2,False,146,"2021, 12, 06, 14, 22, 43"
05e5993e-25e9-4a92-8d13-7d423d9b0d7b,True,147,"2021, 12, 06, 14, 22, 43"
0530c56b-b759-486d-b2b4-bb2378edbd46,False,147,"2021, 12, 06, 14, 22, 43"
f0a4c9c0-dbf9-40a8-959e-0e78aca800c1,True,148,"2021, 12, 06, 14, 22, 43"
7c8d5ebc-e19c-440d-9e3b-617f555405fe,False,147,"2021, 12, 06, 14, 22, 43"
0a91149f-d2b4-45ce-8a36-af538fc6d899,True,148,"2021, 12, 06, 14, 22, 43"
9df31dd2-b70d-448d-bcca-9baacde52989,False,148,"2021, 12, 06, 14, 22, 43"
70bcd663-0c24-4b19-a3a5-ad2539de90f4,True,149,"2021, 12, 06, 14, 22, 43"
416a81a0-d882-478e-9806-c559cef8454b,False,148,"2021, 12, 06, 14, 22, 43"
3a7253f6-10f3-4906-98af-5ae2d3990f85,True,149,"2021, 12, 06, 14, 22, 43"
b801688d-a05e-4c58-8393-ef1d146519a8,False,149,"2021, 12, 06, 14, 22, 43"
78e8c729-736c-4d3a-9e0c-3f70e05af70f,True,220,"2021, 12, 06, 14, 22, 43"
2993c2c7-4116-4bc0-a733-e53b8b5f5632,False,149,"2021, 12, 06, 14, 22, 43"
33251fae-177b-4bac-aba1-c30afe827351,True,220,"2021, 12, 06, 14, 22, 43"
3b36110e-d82a-4ab6-b6af-fdfb7cfaf43f,False,220,"2021, 12, 06, 14, 22, 43"
4b51c12a-7e2e-4f26-ad7a-c2d76431d692,True,221,"2021, 12, 06, 14, 22, 43"
fa20fc97-f070-4fc2-b7c1-693ca52119dc,False,220,"2021, 12, 06, 14, 22, 43"
f29e276d-2862-4922-addc-f1d501b362cb,True,221,"2021, 12, 06, 14, 22, 43"
537e6968-c2c4-448d-afc8-f5deeca3b2f9,False,221,"2021, 12, 06, 14, 22, 43"
eea0a2cf-9721-4db7-985c-a3693572014f,True,222,"2021, 12, 06, 14, 22, 43"
06030923-f3fa-488f-8a92-50431715a495,False,221,"2021, 12, 06, 14, 22, 43"
1014e078-a21b-49fe-91ed-01894929e8a3,True,222,"2021, 12, 06, 14, 22, 43"
83b14847-163c-40b0-8fc6-7acee64b7a60,False,222,"2021, 12, 06, 14, 22, 43"
4ab756db-3524-4fc4-843d-d36b0d030219,True,223,"2021, 12, 06, 14, 22, 43"
2258cdad-ae55-4ec0-a851-80a964c07780,False,222,"2021, 12, 06, 14, 22, 43"
b8e99cb1-d54a-41a1-9a8e-935a3b171689,True,223,"2021, 12, 06, 14, 22, 43"
be92b62f-1dbe-47ac-b71c-b10f353ee8ef,False,223,"2021, 12, 06, 14, 22, 43"
41c72d77-5fa6-4990-af9e-5cf6e5c5970b,True,224,"2021, 12, 06, 14, 22, 43"
b0fa77ee-4eca-454d-8d7c-69be1c52f625,False,223,"2021, 12, 06, 14, 22, 43"
a6bda3b4-5aba-4f97-8039-3b63695c4edb,True,224,"2021, 12, 06, 14, 22, 43"
0476ca45-4bf2-4ee8-b44d-89839b8f6e08,False,224,"2021, 12, 06, 14, 22, 43"
d1cc7390-33e7-48b1-98bd-015ecc95344f,True,225,"2021, 12, 06, 14, 22, 43"
64bf06b5-41ef-45f0-8b3b-11217ccfa8cf,False,224,"2021, 12, 06, 14, 22, 43"
5ceb28fa-bc7f-42d6-879a-7b5bf7f34f22,True,225,"2021, 12, 06, 14, 22, 43"
43afc996-e3b5-4d04-bf8f-58cf945e4342,False,225,"2021, 12, 06, 14, 22, 43"
898154c5-a1ed-42f7-89b7-98a844dd0eec,True,226,"2021, 12, 06, 14, 22, 43"
d97ee27f-abc8-4938-8186-54c038e59188,False,225,"2021, 12, 06, 14, 22, 43"
f513fe45-1e5b-44a3-b984-32f1cd31d2b4,True,226,"2021, 12, 06, 14, 22, 43"
cfab13a6-9b38-4442-81f0-44b65043e3b5,False,226,"2021, 12, 06, 14, 22, 43"
b871cc48-bd69-4d9d-9d14-698c406be266,True,227,"2021, 12, 06, 14, 22, 43"
1a0c52e9-35ed-4e57-9294-d4dd609dc38c,False,226,"2021, 12, 06, 14, 22, 43"
29559565-9dc1-4173-9b00-f195fb1dff7c,True,227,"2021, 12, 06, 14, 22, 43"
c8d84bf4-a45f-4948-b4dc-23a5e48af1df,False,227,"2021, 12, 06, 14, 22, 43"
5a60a696-1475-477d-909b-b9117a8b8b36,True,228,"2021, 12, 06, 14, 22, 43"
b64a60cb-b8af-4f8e-ac8d-134cfd34bc38,False,227,"2021, 12, 06, 14, 22, 43"
2ab9b6bf-fbc6-4241-bc6a-4bc4d1dc4900,True,228,"2021, 12, 06, 14, 22, 43"
ec349bce-647d-4b30-b652-972a59be3e08,False,228,"2021, 12, 06, 14, 22, 43"
1ef74e09-d65d-45c2-a29f-bcd6e0980e6b,True,229,"2021, 12, 06, 14, 22, 43"
efcb3be2-9aee-4fb8-aa88-d993341e351a,False,228,"2021, 12, 06, 14, 22, 43"
753b1b28-ceb2-47ca-ac43-fbbf472d751e,True,229,"2021, 12, 06, 14, 22, 43"
39f35eff-f173-4f11-94c7-784f033fa3ce,False,229,"2021, 12, 06, 14, 22, 43"
31b141c7-42dd-4f98-a637-ffb4ee1e534f,True,70,"2021, 12, 06, 14, 22, 43"
5646fc3c-a7a0-4541-884e-1ec9d5196882,False,229,"2021, 12, 06, 14, 22, 43"
5e33176f-2cb7-44dc-b424-30ff19b50bc7,True,70,"2021, 12, 06, 14, 22, 43"
eca6e060-9841-49cf-bd40-29c15159f1e3,False,70,"2021, 12, 06, 14, 22, 43"
6738ce9f-6fad-451e-8708-512ab015d06e,True,71,"2021, 12, 06, 14, 22, 43"
f0b70674-dff7-4981-8343-dfb8c169700c,False,70,"2021, 12, 06, 14, 22, 43"
cc770eea-0fc6-4f68-84fe-9be1e31c7602,True,71,"2021, 12, 06, 14, 22, 43"
af071657-1570-4577-b603-1b47cec1721b,False,71,"2021, 12, 06, 14, 22, 43"
dea7d2f1-7c7e-46cb-8b43-cc57f10e29e2,True,72,"2021, 12, 06, 14, 22, 43"
42e5d2b2-7155-4793-b700-86ebc6057561,False,71,"2021, 12, 06, 14, 22, 43"
a926a6bb-cb69-470f-a4b5-4e1df05261c6,True,72,"2021, 12, 06, 14, 22, 43"
efa0b781-b961-41b7-8271-fd549d8b3d53,False,72,"2021, 12, 06, 14, 22, 43"
85fed68d-7d95-4a54-b1ac-ec5fd5d644de,True,73,"2021, 12, 06, 14, 22, 43"
46455ea8-9d6e-4488-aeb6-69e112cde48b,False,72,"2021, 12, 06, 14, 22, 43"
f175e7c0-e9d7-4f3a-882a-62178fa8c110,True,73,"2021, 12, 06, 14, 22, 43"
1ab66072-0f2e-475b-ad49-d3c850d449f1,False,73,"2021, 12, 06, 14, 22, 43"
ffbab433-48ba-43ea-970d-58716c6dcb10,True,74,"2021, 12, 06, 14, 22, 43"
6b660405-b54a-40af-aa7b-3de5c993125e,False,73,"2021, 12, 06, 14, 22, 43"
48867e02-8129-4e89-beec-6b7933b6d4c5,True,74,"2021, 12, 06, 14, 22, 43"
e7f1b475-4d98-4676-b064-1f1276f1c619,False,74,"2021, 12, 06, 14, 22, 43"
5769691b-b4ac-4633-bd76-071b6d794038,True,75,"2021, 12, 06, 14, 22, 43"
3a194cf9-28e8-48e7-ae65-7f76315e8c58,False,74,"2021, 12, 06, 14, 22, 43"
018a7e33-3332-4345-bffe-65898e9afcd3,True,75,"2021, 12, 06, 14, 22, 43"
83dc4327-a437-4a94-8596-db91d9ffd71d,False,75,"2021, 12, 06, 14, 22, 43"
5daf2972-abc0-4873-a52b-1ffe8b7dc715,True,76,"2021, 12, 06, 14, 22, 43"
bc998948-3790-4e4a-a7d7-fe3d9fb1b6bd,False,75,"2021, 12, 06, 14, 22, 43"
c6deac58-29b4-4a53-a740-818949d10477,True,76,"2021, 12, 06, 14, 22, 43"
17719a84-c7ce-4822-9ded-9bd53a6a3779,False,76,"2021, 12, 06, 14, 22, 43"
0e2cb637-1224-44a0-bb65-ce0041d93493,True,77,"2021, 12, 06, 14, 22, 43"
f110004b-05af-4716-80df-67f2f1eee8f6,False,76,"2021, 12, 06, 14, 22, 43"
24d21a40-e3ad-492a-a873-050da1777687,True,77,"2021, 12, 06, 14, 22, 43"
a7a7876c-717d-41c4-918e-30dd95957af6,False,77,"2021, 12, 06, 14, 22, 43"
a392709b-7bda-40b7-916e-76924b0d343a,True,78,"2021, 12, 06, 14, 22, 43"
2df16584-9214-44fc-8bb3-b41bbed355cf,False,77,"2021, 12, 06, 14, 22, 43"
e7a18062-4fcc-4237-b8f3-daeb53ee9abe,True,78,"2021, 12, 06, 14, 22, 43"
14e6ef73-1d8d-48d9-bcfd-73ae3a5577f4,False,78,"2021, 12, 06, 14, 22, 43"
ab6f989f-50da-415d-9bf4-b8518ad0689c,True,79,"2021, 12, 06, 14, 22, 43"
883b99f9-bf62-45b0-8ef3-9bee56cb3c7b,False,78,"2021, 12, 06, 14, 22, 43"
31a5186d-d6f6-4f9b-9387-bbbbe13bf23b,True,79,"2021, 12, 06, 14, 22, 43"
2acbcc6b-4617-4603-a794-0f49994c236e,False,79,"2021, 12, 06, 14, 22, 43"
e075b17b-5f9f-49bd-b3ff-22242b9b2bf1,True,230,"2021, 12, 06, 14, 22, 43"
7f73c345-4c1d-4ab6-a096-486291830180,False,79,"2021, 12, 06, 14, 22, 43"
dd64ee08-fe6a-48c4-87c8-d15d120d6b79,True,230,"2021, 12, 06, 14, 22, 43"
2ddb69cf-36d2-49df-a893-4a507d4d5cf6,False,230,"2021, 12, 06, 14, 22, 43"
d9c456d5-2a3b-46f0-b317-217b1c46e9fb,True,231,"2021, 12, 06, 14, 22, 43"
40ca5373-5fb4-46b3-ad94-f35762a0b057,False,230,"2021, 12, 06, 14, 22, 43"
46af27d0-3f77-4705-b4ce-423e1295f395,True,231,"2021, 12, 06, 14, 22, 43"
e9680485-8943-4ea3-a5c6-237006cff6b0,False,231,"2021, 12, 06, 14, 22, 43"
9500ee6b-39c4-4f37-8108-b23c44c42192,True,232,"2021, 12, 06, 14, 22, 43"
8779d88e-12b6-4332-b0de-967ec6ac6bd2,False,231,"2021, 12, 06, 14, 22, 43"
ed293485-0998-4ade-ac64-58800e44a518,True,232,"2021, 12, 06, 14, 22, 43"
08b30566-4bf5-4132-9a8a-cc412ff9617f,False,232,"2021, 12, 06, 14, 22, 43"
02108559-d65b-4112-bdc7-8c4432ce94ed,True,233,"2021, 12, 06, 14, 22, 43"
c3dedf14-d437-40fb-8282-6d23cdbb1d8a,False,232,"2021, 12, 06, 14, 22, 43"
bbe15cf4-8b35-4b94-a0a5-72fed5fd5ab2,True,233,"2021, 12, 06, 14, 22, 43"
37ad2448-ad87-42ac-afa8-3b3071a73bcc,False,233,"2021, 12, 06, 14, 22, 43"
cc5f5dc5-e312-4f2a-8aac-a45661795ecb,True,234,"2021, 12, 06, 14, 22, 43"
3faf2705-f8ef-40d4-85ee-563d5b7f0a90,False,233,"2021, 12, 06, 14, 22, 43"
4ec7aefe-f1cd-4b4d-b0c4-04a1b805f23a,True,234,"2021, 12, 06, 14, 22, 43"
141e1a7f-ccbd-48a1-9679-d2f082cbbf29,False,234,"2021, 12, 06, 14, 22, 43"
38c6deae-d6d3-49fb-b5c3-5e76816a5cc2,True,235,"2021, 12, 06, 14, 22, 43"
851cbc8b-042d-4242-9a4c-a6a5108ef1d4,False,234,"2021, 12, 06, 14, 22, 43"
b0111b45-b982-4564-bce6-a68fa200e06d,True,235,"2021, 12, 06, 14, 22, 43"
3b630bfb-f070-4b4d-b629-cc9a2a23fa01,False,235,"2021, 12, 06, 14, 22, 43"
e2217002-b8e4-4c2e-987b-c55ab5899238,True,236,"2021, 12, 06, 14, 22, 43"
e0f77967-0051-48cd-b91d-7dd66243f2ef,False,235,"2021, 12, 06, 14, 22, 43"
9828521b-1856-42d8-9c9f-6df0aecfb3a1,True,236,"2021, 12, 06, 14, 22, 43"
9008acda-6621-4d5e-ab92-60797c88b27e,False,236,"2021, 12, 06, 14, 22, 43"
7b858877-99be-486b-8210-465857e5abbe,True,237,"2021, 12, 06, 14, 22, 43"
182695c1-4714-4a0c-beaf-9b455ab9bd60,False,236,"2021, 12, 06, 14, 22, 43"
c0c431ed-2b7f-48c5-882d-ffc836b4106b,True,237,"2021, 12, 06, 14, 22, 43"
6d8d86ad-a33a-4f10-8485-20b250f10e1a,False,237,"2021, 12, 06, 14, 22, 43"
0885c75e-a363-480c-be1d-06208716db50,True,238,"2021, 12, 06, 14, 22, 43"
46124bcb-6221-4e76-9436-6a6757911897,False,237,"2021, 12, 06, 14, 22, 43"
912e19ee-1f05-4494-b424-2f5c13d89964,True,238,"2021, 12, 06, 14, 22, 43"
9197e6ef-6ca0-4ebc-91c2-2ac447d3524e,False,238,"2021, 12, 06, 14, 22, 43"
cf705f5a-8430-4691-98f4-6e5c720740c1,True,239,"2021, 12, 06, 14, 22, 43"
a5d3035a-b436-4cc7-9ccd-4bf80e892163,False,238,"2021, 12, 06, 14, 22, 43"
97287a85-cd74-4b76-8689-103d574c9eb3,True,239,"2021, 12, 06, 14, 22, 43"
59350572-6b8f-48aa-ab84-0f2db7ca8fb0,False,239,"2021, 12, 06, 14, 22, 43"
68e2e34f-b049-4ffb-ac96-99225262b9c1,True,30,"2021, 12, 06, 14, 22, 43"
5cd78c55-f7f5-405c-8ccd-14e5d591f24b,False,239,"2021, 12, 06, 14, 22, 43"
e684e29c-e57e-4057-98df-2d0fb8ddf820,True,30,"2021, 12, 06, 14, 22, 43"
c807734c-c17f-4709-8623-745ffa3a5db4,False,30,"2021, 12, 06, 14, 22, 43"
cfee66a1-ed44-4225-9909-d6c9006adf30,True,31,"2021, 12, 06, 14, 22, 43"
654df6c0-5a73-4cd8-b0e6-3268ce5bc509,False,30,"2021, 12, 06, 14, 22, 43"
201e7ca8-55db-42b5-b583-16890410ab35,True,31,"2021, 12, 06, 14, 22, 43"
5fbf5e53-ff75-4618-9413-d81fe3b1099e,False,31,"2021, 12, 06, 14, 22, 43"
9877667e-ac36-4b8f-bab2-5daf508f1642,True,32,"2021, 12, 06, 14, 22, 43"
3dcae4ee-6a72-424c-b3ab-fb0dc84edc3d,False,31,"2021, 12, 06, 14, 22, 43"
551afe59-9d48-4af9-b81f-e90626b2fce1,True,32,"2021, 12, 06, 14, 22, 43"
ed1095da-e28f-4858-82d2-af73e8cd34f3,False,32,"2021, 12, 06, 14, 22, 43"
958541c2-d4d1-435c-a085-fad63c754677,True,33,"2021, 12, 06, 14, 22, 43"
6720fbcc-beef-40c0-b867-07b44c94e28d,False,32,"2021, 12, 06, 14, 22, 43"
3bd172c2-155f-4e29-a3c5-da0d4dbabdaa,True,33,"2021, 12, 06, 14, 22, 43"
2133c6fe-01d7-446f-a130-fbd2c86c3e69,False,33,"2021, 12, 06, 14, 22, 43"
eb028968-7036-4e76-8f30-7c843c09b9a2,True,34,"2021, 12, 06, 14, 22, 43"
854941ec-a576-4c14-91dd-f08758818b84,False,33,"2021, 12, 06, 14, 22, 43"
88e165c0-2548-456d-aeee-dd3293aa181f,True,34,"2021, 12, 06, 14, 22, 43"
85f3a5e8-5118-4e26-9b38-9028bab17202,False,34,"2021, 12, 06, 14, 22, 43"
678e47ea-09ca-486d-91aa-302533023991,True,35,"2021, 12, 06, 14, 22, 43"
6045a9e1-83b3-4440-afd9-b75bf2488514,False,34,"2021, 12, 06, 14, 22, 43"
9e03345d-a29c-4e94-8c41-a6e86b435b6c,True,35,"2021, 12, 06, 14, 22, 43"
06a7898d-fe0f-457b-b45a-d588ce6f1b42,False,35,"2021, 12, 06, 14, 22, 43"
f81de825-b9a6-4444-85b4-f0fc59859eab,True,36,"2021, 12, 06, 14, 22, 43"
64062f7a-7010-4138-a1bc-0d6689774e27,False,35,"2021, 12, 06, 14, 22, 43"
1a70a2b4-6bc5-48b2-9c52-c468aef283d5,True,36,"2021, 12, 06, 14, 22, 43"
dc38e86b-474b-4f3b-9039-7e56c25e79d8,False,36,"2021, 12, 06, 14, 22, 43"
1353c0e7-d062-412a-a0f9-088c366521ea,True,37,"2021, 12, 06, 14, 22, 43"
be80de3e-6b7a-466d-b080-ab451c2c860c,False,36,"2021, 12, 06, 14, 22, 43"
ec00999b-154d-4a1c-9ff0-5e20b128d129,True,37,"2021, 12, 06, 14, 22, 43"
c06bfc31-dcee-4ed5-b152-b47e82bd1a66,False,37,"2021, 12, 06, 14, 22, 43"
e154e4a3-dc6a-45b1-8c65-19151c7c0ccb,True,38,"2021, 12, 06, 14, 22, 43"
dbb7e1eb-8576-4097-b6af-fb02b938ed35,False,37,"2021, 12, 06, 14, 22, 43"
5d2e2938-084f-4e15-a431-1b72a9c4aa18,True,38,"2021, 12, 06, 14, 22, 43"
c26144d7-5c07-4fc2-8bf9-5b1e5e8c1f41,False,38,"2021, 12, 06, 14, 22, 43"
7bf5e655-2a08-4ac6-a8db-b4ad351eeb37,True,39,"2021, 12, 06, 14, 22, 43"
7230037e-3cc1-4a77-ae68-33d27f7939d1,False,38,"2021, 12, 06, 14, 22, 43"
8762976a-f28d-443f-92a9-f48fdba90e69,True,39,"2021, 12, 06, 14, 22, 43"
e94905c7-7539-4f63-af44-1b43eeec160a,False,39,"2021, 12, 06, 14, 22, 43"
e4c0a8a4-9ffb-4106-a7d1-080c08e11b3e,True,170,"2021, 12, 06, 14, 22, 43"
6d527210-04b7-447b-8715-52319c7615d6,False,39,"2021, 12, 06, 14, 22, 43"
4a18928e-b4d7-44d4-9e01-9233ba3b7935,True,170,"2021, 12, 06, 14, 22, 43"
29fee28d-836f-4d00-9ed3-14a31c7e229d,False,170,"2021, 12, 06, 14, 22, 43"
8abce4cc-d02d-401c-a918-c3b68e9245f1,True,171,"2021, 12, 06, 14, 22, 43"
62d89ad3-6b47-4f08-9a25-adc86a3510c6,False,170,"2021, 12, 06, 14, 22, 43"
fc43667e-696c-4557-9d69-2f95984bcada,True,171,"2021, 12, 06, 14, 22, 43"
bddc8875-adb0-4bb2-9552-a4b8f136e296,False,171,"2021, 12, 06, 14, 22, 43"
6264121b-9e03-4902-8ac7-748d8963230a,True,172,"2021, 12, 06, 14, 22, 43"
594686fd-78ec-48a1-a853-b01d9d2a8b29,False,171,"2021, 12, 06, 14, 22, 43"
9f6c5e46-5580-4f11-abf5-ce08285b2cdd,True,172,"2021, 12, 06, 14, 22, 43"
ee21d08e-0ca8-4c49-b8d8-d8e24f314806,False,172,"2021, 12, 06, 14, 22, 43"
7a7bbd4b-41f9-4e2f-b8ba-fc86349d5a6a,True,173,"2021, 12, 06, 14, 22, 43"
e9a870f5-720c-421b-8191-c8638fba3157,False,172,"2021, 12, 06, 14, 22, 43"
84fee61a-8968-4e4c-a878-1b44749ac6d4,True,173,"2021, 12, 06, 14, 22, 43"
18129ff8-f899-438c-bfb3-c95ab383f5a3,False,173,"2021, 12, 06, 14, 22, 43"
a42d68c6-b663-40ba-b9be-c62035f581d8,True,174,"2021, 12, 06, 14, 22, 43"
4886f700-b220-4d03-974f-600eee9bdece,False,173,"2021, 12, 06, 14, 22, 43"
d7947377-2c33-4635-a64c-fac25a84f7f9,True,174,"2021, 12, 06, 14, 22, 43"
e251a523-ccb1-43cc-9135-4306725bded2,False,174,"2021, 12, 06, 14, 22, 43"
4efae1a3-2473-4be3-ba39-7756fd70d782,True,175,"2021, 12, 06, 14, 22, 43"
0fbdb58d-d890-4e67-ba22-fe647b7cfc39,False,174,"2021, 12, 06, 14, 22, 43"
e114a31c-10a6-4c02-a085-b72842e35629,True,175,"2021, 12, 06, 14, 22, 43"
d47a34ff-ae93-41f1-bb8e-c4d63751fe01,False,175,"2021, 12, 06, 14, 22, 43"
7c8f9c00-d307-40c1-928b-75738eed7cbe,True,176,"2021, 12, 06, 14, 22, 43"
37c5bff4-4db5-40e9-8abe-6161702fe296,False,175,"2021, 12, 06, 14, 22, 43"
38b64c4a-4208-4134-a095-4fa9aef1e670,True,176,"2021, 12, 06, 14, 22, 43"
6891eabf-286f-4135-943d-c12cf83783b4,False,176,"2021, 12, 06, 14, 22, 43"
23bf61c4-11be-43d3-9c09-9f3e4145b180,True,177,"2021, 12, 06, 14, 22, 43"
ad289616-50be-4950-9b97-b7b7c534ba69,False,176,"2021, 12, 06, 14, 22, 43"
2745669f-4119-447f-8f92-89fcc063dddc,True,177,"2021, 12, 06, 14, 22, 43"
75d52221-f159-4517-bbb2-00072ef2e224,False,177,"2021, 12, 06, 14, 22, 43"
5856e46f-f15e-474b-b7c7-a7dfa8158107,True,178,"2021, 12, 06, 14, 22, 43"
7c9e5b12-7aad-44e1-9a09-557b9cc9b7f9,False,177,"2021, 12, 06, 14, 22, 43"
2c11493b-2f72-49c5-b9c6-4abb80f20f1c,True,178,"2021, 12, 06, 14, 22, 43"
f901edde-e440-429c-8f68-c6f8b6aea5df,False,178,"2021, 12, 06, 14, 22, 43"
8516b3fb-b081-40d2-b9f1-f5955eecf54a,True,179,"2021, 12, 06, 14, 22, 43"
a941400d-dc21-4d38-8529-34cc9b0e4f81,False,178,"2021, 12, 06, 14, 22, 43"
f886c9c1-073e-4969-b8d9-14a78e86fdd4,True,179,"2021, 12, 06, 14, 22, 43"
53b0d2fc-4b7e-4eab-99f0-91581b8d8176,False,179,"2021, 12, 06, 14, 22, 43"
5e3ec661-666e-422e-99f4-296dbdb2a4c8,True,210,"2021, 12, 06, 14, 22, 43"
2b047066-6072-4fbd-9a6e-86de069f7bb9,False,179,"2021, 12, 06, 14, 22, 43"
62f2d32f-0321-44c6-8632-e966d69fb6ff,True,210,"2021, 12, 06, 14, 22, 43"
320f7fe2-0979-4b1e-ae1e-142bef19118f,False,210,"2021, 12, 06, 14, 22, 43"
123e90d7-01a4-463f-8d19-52e24eca6a10,True,211,"2021, 12, 06, 14, 22, 43"
0a0ef903-6fd1-44d7-bde8-1876a13c5fdc,False,210,"2021, 12, 06, 14, 22, 43"
7c55af09-fbb7-4a9d-9bd1-e45f926ae5b8,True,211,"2021, 12, 06, 14, 22, 43"
f167e636-9fe2-42ca-9ccc-524558e78c84,False,211,"2021, 12, 06, 14, 22, 43"
a6759ef3-9593-440b-83f8-f137bbec723e,True,212,"2021, 12, 06, 14, 22, 43"
8b9f726e-f915-46cb-bf2f-9be4010a7ab9,False,211,"2021, 12, 06, 14, 22, 43"
657c4464-7ccd-4709-81a4-3847be325a6c,True,212,"2021, 12, 06, 14, 22, 43"
be9e99c8-304a-47ed-9fc5-45859ae27592,False,212,"2021, 12, 06, 14, 22, 43"
d338a329-f93f-4e4f-a2a6-5fe4a866adb9,True,213,"2021, 12, 06, 14, 22, 43"
cf2f2296-ee5a-4bf2-acbe-6f587ed2a6e2,False,212,"2021, 12, 06, 14, 22, 43"
83665201-2af9-4ca9-a40c-fde4511b6391,True,213,"2021, 12, 06, 14, 22, 43"
b7165e00-bfc3-47f8-a31b-c3f63831f818,False,213,"2021, 12, 06, 14, 22, 43"
4aa205a9-162d-4dcf-ae45-d4655aa5e2dc,True,214,"2021, 12, 06, 14, 22, 43"
e8e2a50c-fcb4-4aaf-832d-bc56f7848eda,False,213,"2021, 12, 06, 14, 22, 43"
e7c9e476-388d-421b-992f-d445fb8d181a,True,214,"2021, 12, 06, 14, 22, 43"
064e1b83-3d19-4a47-be30-8b52f32f4ac2,False,214,"2021, 12, 06, 14, 22, 43"
f52ac1fa-4799-4428-9a61-0e8b71b93388,True,215,"2021, 12, 06, 14, 22, 43"
f88bd819-75e5-4eca-b0ac-17de68735b39,False,214,"2021, 12, 06, 14, 22, 43"
c6b783b0-9f3f-42d7-a442-5634fcbe0806,True,215,"2021, 12, 06, 14, 22, 43"
98bedd9b-1662-4b58-82f3-40467ee52067,False,215,"2021, 12, 06, 14, 22, 43"
b4d04387-914b-4f72-af73-062c864e100d,True,216,"2021, 12, 06, 14, 22, 43"
2cc1dfbf-56fe-4348-82e6-c87fba9ad553,False,215,"2021, 12, 06, 14, 22, 43"
28516642-771f-4177-952b-71f9d4aa98a2,True,216,"2021, 12, 06, 14, 22, 43"
b367dff1-28fe-4081-bceb-d1c9ec209cd0,False,216,"2021, 12, 06, 14, 22, 43"
dbd2545a-feb9-43d6-86a8-61e8d0a9c36f,True,217,"2021, 12, 06, 14, 22, 43"
151047ae-28b9-4516-a00d-4b6102611655,False,216,"2021, 12, 06, 14, 22, 43"
39158b3f-dd62-41b0-b1a3-ffc82b57db97,True,217,"2021, 12, 06, 14, 22, 43"
c58e71e3-b146-4cf7-a1d4-6fcec35dcacd,False,217,"2021, 12, 06, 14, 22, 43"
075dcc12-07bf-4ab2-a6c6-1370131c40a8,True,218,"2021, 12, 06, 14, 22, 43"
1987ccba-96a7-47dd-bb47-b76df9a0c59d,False,217,"2021, 12, 06, 14, 22, 43"
c9f27c91-4f3a-45a7-8fcf-b568c7182e85,True,218,"2021, 12, 06, 14, 22, 43"
8e756e49-b266-40df-afd7-1dd610ad4373,False,218,"2021, 12, 06, 14, 22, 43"
6609ecfb-5295-4c57-a931-71310733ef66,True,219,"2021, 12, 06, 14, 22, 43"
a7c33126-64bd-478b-818f-96fce31a4f3e,False,218,"2021, 12, 06, 14, 22, 43"
beca28c5-4c8c-44c6-b574-920dcfb196a5,True,219,"2021, 12, 06, 14, 22, 43"
44df4e25-1e88-4be3-b2cb-d1a019bdddcf,False,219,"2021, 12, 06, 14, 22, 43"
80d59735-da26-45e6-9801-aee40c572661,True,246,"2021, 12, 06, 14, 22, 43"
b4e9b4a0-13d3-4b8c-93aa-7060efff3683,False,219,"2021, 12, 06, 14, 22, 43"
2f645545-bfd4-429a-9d50-be1a88d32fb1,True,246,"2021, 12, 06, 14, 22, 43"
93e35bc0-241e-4704-ba70-6e5f784decd5,False,246,"2021, 12, 06, 14, 22, 43"
f6a45a8b-dac0-42a4-a9fd-b03c164e09c1,True,247,"2021, 12, 06, 14, 22, 43"
a2a38519-7962-4da0-a79e-d55632fbfde2,False,246,"2021, 12, 06, 14, 22, 43"
d794087f-395c-4fef-83ce-fcbf668166af,True,247,"2021, 12, 06, 14, 22, 43"
75b9893b-e9a8-4a99-9716-4eb1f1a7d46e,False,247,"2021, 12, 06, 14, 22, 43"
b7eda7cb-0342-4046-844b-46c24b2dfb96,True,248,"2021, 12, 06, 14, 22, 43"
468380b1-9f28-4b17-af1e-d77245f96c6f,False,247,"2021, 12, 06, 14, 22, 43"
bf834bda-43be-477a-9e69-1aee34ccb7c9,True,248,"2021, 12, 06, 14, 22, 43"
b910625b-7d4e-4c9d-a997-6a29fc3330e8,False,248,"2021, 12, 06, 14, 22, 43"
81c81079-a5aa-47e3-a3f8-084db1df52e9,True,249,"2021, 12, 06, 14, 22, 43"
668705fa-21d1-4b78-a919-8be9cead4adb,False,248,"2021, 12, 06, 14, 22, 43"
9cfd46c9-93e8-41e9-9757-8f428e5624cd,True,249,"2021, 12, 06, 14, 22, 43"
9446c067-94d5-4e6d-8f53-cf0c510cb25d,False,249,"2021, 12, 06, 14, 22, 43"
b47bbac9-121f-4449-ae3e-11485b55ba48,True,250,"2021, 12, 06, 14, 22, 43"
9382eaa3-4d1c-4c13-b7b9-5eec1b73e3a3,False,249,"2021, 12, 06, 14, 22, 43"
9bd47444-0821-48b7-8323-b54d1c554ab8,True,250,"2021, 12, 06, 14, 22, 43"
63d6c453-3eb1-451e-9f8a-233d2381dba9,False,250,"2021, 12, 06, 14, 22, 43"
a825b24f-1120-4555-a6ca-9de60d97fbfa,True,251,"2021, 12, 06, 14, 22, 43"
a7eb8802-aa70-4331-beb8-5ad336e34b98,False,250,"2021, 12, 06, 14, 22, 43"
f85b6304-f9d6-43dc-a205-2353a4abbf03,True,251,"2021, 12, 06, 14, 22, 43"
d2f96369-0eaf-4e56-8b42-733fb135c00f,False,251,"2021, 12, 06, 14, 22, 43"
ae1d3149-6faf-4f37-aa59-cbc85cb7e6ec,True,0,"2021, 12, 06, 14, 22, 43"
e48f89e3-af7e-4a3e-b888-401367b0d0e6,False,251,"2021, 12, 06, 14, 22, 43"
389ec124-e761-400c-8d0e-04ce60c10852,True,0,"2021, 12, 06, 14, 22, 43"
a86b4625-df1f-4f81-a35a-35018c37e9d4,False,0,"2021, 12, 06, 14, 22, 43"
e52207df-3b3d-44ec-85d8-6e1bcc38674a,True,0,"2021, 12, 06, 14, 22, 43"
6dd9939e-af30-44d5-80fc-90e6fb0537ab,True,0,"2021, 12, 06, 14, 22, 43"
5cc8811f-1573-4839-818c-a7e61c0dba2b,False,0,"2021, 12, 06, 14, 22, 49"
351d275d-2133-4ccf-999c-0c4b67f81328,True,1,"2021, 12, 06, 14, 22, 49"
6cb1f1f6-cf54-4219-a5d7-224636f5737e,False,0,"2021, 12, 06, 14, 22, 49"
4cfdfb2c-6b50-4e20-a5de-9738440d2589,True,1,"2021, 12, 06, 14, 22, 49"
992b9965-40f5-467c-b4d8-200d63456b5b,False,1,"2021, 12, 06, 14, 22, 49"
c656cd9e-f11a-4e3a-9996-4fa18dd9ef87,True,1,"2021, 12, 06, 14, 22, 49"
be57dbfd-fdb0-48c2-baf8-91b632f576b8,True,1,"2021, 12, 06, 14, 22, 49"
303fa7d8-af58-4bab-b9a4-12388362d1a1,False,0,"2021, 12, 06, 14, 22, 55"
4a0ef7de-acce-4051-a8fc-abd518e341d0,False,1,"2021, 12, 06, 14, 22, 55"
96295466-3c4a-4b7a-b842-4c3987909055,True,2,"2021, 12, 06, 14, 22, 55"
bd43b51b-00eb-4ce4-bf4f-e66e4ecc71cb,False,1,"2021, 12, 06, 14, 22, 55"
ad4c917f-f36f-4bd4-92df-401488779f9e,True,2,"2021, 12, 06, 14, 22, 55"
67bd72e6-8625-4ce0-8b6e-ddcfd79fc9ca,False,2,"2021, 12, 06, 14, 22, 55"
9f416484-d719-4e77-bb58-fc282c80e47d,True,2,"2021, 12, 06, 14, 22, 55"
148b95a1-843c-4df4-9426-5ddda26ebbbc,True,2,"2021, 12, 06, 14, 22, 55"
b7ecfccd-1ffd-4e1e-aefa-22f9ff1e5327,False,1,"2021, 12, 06, 14, 23, 02"
eb0a82e2-e807-429b-a8ac-61006b43a552,False,2,"2021, 12, 06, 14, 23, 02"
61784e96-1d92-4f80-8fe6-80e6f6c28169,True,3,"2021, 12, 06, 14, 23, 02"
c8bbd922-d008-4706-b104-06bab4ebccf1,False,2,"2021, 12, 06, 14, 23, 02"
2b87e477-7544-4d59-893b-37f83c888599,True,3,"2021, 12, 06, 14, 23, 02"
4473fdfa-e023-4487-909d-e533cdecbed8,False,3,"2021, 12, 06, 14, 23, 02"
0b55b0aa-6402-4cf6-a7d0-5f45e68c4aa6,True,3,"2021, 12, 06, 14, 23, 02"
f5b05e6e-4ac9-4502-a161-7bb5003cdedc,True,3,"2021, 12, 06, 14, 23, 02"
50ecdbef-d67b-46f2-a890-2c15a60146c6,False,2,"2021, 12, 06, 14, 23, 07"
40c4cde6-83d9-4bea-87aa-835fab851cfd,False,3,"2021, 12, 06, 14, 23, 07"
e8183f74-fd7d-4c11-bc4e-4ce972a75cc6,True,4,"2021, 12, 06, 14, 23, 07"
ea81d6b1-5737-4ded-babe-0dba62b72bdc,False,3,"2021, 12, 06, 14, 23, 07"
79133fb2-729e-4a3d-8933-85fbe12cff12,True,4,"2021, 12, 06, 14, 23, 07"
c34c2958-80cd-411f-bde4-47b7e63520c1,False,4,"2021, 12, 06, 14, 23, 07"
77810329-64d2-4d8b-a828-bec2e8092108,True,4,"2021, 12, 06, 14, 23, 07"
bb07d73f-2bc4-4313-8df3-891fd507b11c,True,4,"2021, 12, 06, 14, 23, 07"
8411e30e-4688-496a-a020-e1e659f03dfa,False,3,"2021, 12, 06, 14, 23, 15"
da99e743-2ef4-4454-b4ba-5cf48fa93237,False,4,"2021, 12, 06, 14, 23, 15"
159816f9-f912-4c7d-9dc1-a748f7b44973,True,5,"2021, 12, 06, 14, 23, 15"
11b4eeee-578b-4022-a4f4-9da02fe692ef,False,4,"2021, 12, 06, 14, 23, 15"
138f7e9a-22ad-425c-b492-5eefaf824eb1,True,5,"2021, 12, 06, 14, 23, 15"
a58c50dd-5202-47dd-8bbe-03a2ff965bfa,False,5,"2021, 12, 06, 14, 23, 15"
edfed1e3-4aa1-4d52-8222-372536323f98,True,6,"2021, 12, 06, 14, 23, 15"
f10cfc22-a7ba-4a98-a0a2-ba2fd3a7eee7,False,5,"2021, 12, 06, 14, 23, 15"
6a654ced-4aaf-4a41-b536-1aa451ff5609,True,6,"2021, 12, 06, 14, 23, 15"
a54b68c8-deac-461b-9bc2-58c1af224703,False,6,"2021, 12, 06, 14, 23, 15"
c99b0e7b-9090-4dbd-af9a-2df08968ce58,True,7,"2021, 12, 06, 14, 23, 15"
2315c9df-c6bb-4f21-b319-3c64cdaaaf4b,False,6,"2021, 12, 06, 14, 23, 15"
19046060-1dc3-4b88-9068-c10455c7c13b,True,7,"2021, 12, 06, 14, 23, 15"
d65aa3f4-f1c2-494e-bdd3-aef1c92269d6,False,7,"2021, 12, 06, 14, 23, 15"
617400fa-e20f-46e7-a2ee-6655a425ec3c,True,8,"2021, 12, 06, 14, 23, 15"
cd4e9ef5-f611-4d39-91a4-8f6a0b40dfc9,False,7,"2021, 12, 06, 14, 23, 15"
1420f829-7a2a-4c66-aa97-88470bba4df4,True,8,"2021, 12, 06, 14, 23, 15"
5d41d07b-facf-477e-b8df-5c8623b71edb,False,8,"2021, 12, 06, 14, 23, 15"
af627e33-5ec8-48dd-ad9f-42c4fdca10c1,True,9,"2021, 12, 06, 14, 23, 15"
65470d43-6745-4123-9f08-47b18664f258,False,8,"2021, 12, 06, 14, 23, 15"
592bb858-a77d-4c44-9b80-859a084ad98f,True,9,"2021, 12, 06, 14, 23, 15"
f4ba1021-87c2-43b3-812e-3f12d43849a2,False,9,"2021, 12, 06, 14, 23, 15"
b7c11685-0078-4e06-9267-a628141cbb2c,True,160,"2021, 12, 06, 14, 23, 15"
2b3be8ef-5074-4ac7-8a49-f6fa2eb67854,False,9,"2021, 12, 06, 14, 23, 15"
8c8809eb-55aa-4fca-9546-2d4e8785c91b,True,160,"2021, 12, 06, 14, 23, 15"
a45775ea-a9cc-4115-940c-ef38cbf72226,False,160,"2021, 12, 06, 14, 23, 15"
0293b010-776a-4e0d-9a20-996c13c4ef28,True,161,"2021, 12, 06, 14, 23, 15"
ef6b8afc-c2e6-4a2a-9a05-82ad5e49ff63,False,160,"2021, 12, 06, 14, 23, 15"
a5fad19a-6c2a-494f-b487-09dd617e9bf1,True,161,"2021, 12, 06, 14, 23, 15"
751d57a3-f40f-4c6a-9f1c-31c3ef221582,False,161,"2021, 12, 06, 14, 23, 15"
bcfcdcf3-ae9e-4ecc-aa6f-b40b5a58e5cf,True,162,"2021, 12, 06, 14, 23, 15"
7f4b5781-fbb4-4d5e-94b4-ae97f9e6e65f,False,161,"2021, 12, 06, 14, 23, 15"
333f54c5-3323-4197-938c-5ab060360ae8,True,162,"2021, 12, 06, 14, 23, 15"
fe84962b-299d-4100-b3e0-fcb14628de3e,False,162,"2021, 12, 06, 14, 23, 15"
f39e8d08-6d72-4259-b830-03a21c13e525,True,163,"2021, 12, 06, 14, 23, 15"
21f32da6-0ea0-4add-a6db-1ae0e0ef812b,False,162,"2021, 12, 06, 14, 23, 15"
7b15bc63-e008-4990-9e87-45a584b4198c,True,163,"2021, 12, 06, 14, 23, 15"
840063dd-8377-445c-a213-485b0df7962c,False,163,"2021, 12, 06, 14, 23, 15"
87f880d4-b15b-4728-9443-ff80d0af86ff,True,164,"2021, 12, 06, 14, 23, 15"
07aae846-ae4b-4609-ad7b-351204fa3cbd,False,163,"2021, 12, 06, 14, 23, 15"
11b99f37-5b1c-4a68-8e8d-b818886e3f4f,True,164,"2021, 12, 06, 14, 23, 15"
8b8dbe8f-6307-465a-a641-cb8e171a8706,False,164,"2021, 12, 06, 14, 23, 15"
e1066e14-9ef8-4869-83c5-72000f063ac9,True,165,"2021, 12, 06, 14, 23, 15"
97b9a8e0-54dd-4a6e-b23f-7d7cb98c9540,False,164,"2021, 12, 06, 14, 23, 15"
bf8a023d-f184-447c-ab3f-6963d4e8e005,True,165,"2021, 12, 06, 14, 23, 15"
9f1493b7-f7b3-4e0f-b368-94de68d1542b,False,165,"2021, 12, 06, 14, 23, 15"
bed80259-8d6f-4ecc-9ee1-2a8d75951eec,True,166,"2021, 12, 06, 14, 23, 15"
d16b6858-0a99-4f1d-a30c-1a611df422ff,False,165,"2021, 12, 06, 14, 23, 15"
42c7cda9-181b-42df-aa2b-78bbad15a56d,True,166,"2021, 12, 06, 14, 23, 15"
03c5b084-7e96-4d81-9bcc-c092b0ab23e4,False,166,"2021, 12, 06, 14, 23, 15"
d985d7ff-2234-4ff3-a2bd-9ecfdc386511,True,167,"2021, 12, 06, 14, 23, 15"
09f8871b-39af-4abe-af31-ffbaeb7c0e6f,False,166,"2021, 12, 06, 14, 23, 15"
a8ef0413-d3f3-4b13-84dc-8b5627376f58,True,167,"2021, 12, 06, 14, 23, 15"
a694b2f7-7d67-4aac-a671-3e466244fa23,False,167,"2021, 12, 06, 14, 23, 15"
33b3245d-30ac-4b03-92b2-543fad76ffa5,True,168,"2021, 12, 06, 14, 23, 15"
6714aa02-5285-4d7d-be33-f64557544265,False,167,"2021, 12, 06, 14, 23, 15"
5db3561c-1bf1-4f88-822e-6329339dfe59,True,168,"2021, 12, 06, 14, 23, 15"
02a8a787-204b-4e1e-b8fc-8df943509bef,False,168,"2021, 12, 06, 14, 23, 15"
3b9ff69c-57ed-4044-9dd0-88eabd120a90,True,169,"2021, 12, 06, 14, 23, 15"
467d4b9b-588b-4a47-93ab-2345d2c30479,False,168,"2021, 12, 06, 14, 23, 15"
7f8b9c8a-60bd-4a99-9875-7bb953bc40e2,True,169,"2021, 12, 06, 14, 23, 15"
530edc5e-c8ad-49e9-8d30-067c117f6297,False,169,"2021, 12, 06, 14, 23, 15"
4c3116a1-df6a-4d3a-abd3-150dc8d69db2,True,40,"2021, 12, 06, 14, 23, 15"
af9c9847-cc77-4fbe-a590-cfdaed847673,False,169,"2021, 12, 06, 14, 23, 15"
753b6c3f-0dd2-413b-9645-63f7586a20af,True,40,"2021, 12, 06, 14, 23, 15"
dab2f5b9-c03b-4658-8b33-042158cbe644,False,40,"2021, 12, 06, 14, 23, 15"
ccf18490-d0a4-47e8-968c-fd210455ee0b,True,41,"2021, 12, 06, 14, 23, 15"
56f1bc85-aadb-45f1-a7d1-c02bc033caeb,False,40,"2021, 12, 06, 14, 23, 15"
edcb0436-d92e-410c-9466-1abc1d4907c6,True,41,"2021, 12, 06, 14, 23, 15"
e8d85eb8-69d7-4e49-8b09-6b2bc821b6ce,False,41,"2021, 12, 06, 14, 23, 15"
c5f70e6f-bbbb-4cfd-9d11-c7bd82c90777,True,42,"2021, 12, 06, 14, 23, 15"
a62e1fb6-b730-483c-bb55-bea9c4b62ba1,False,41,"2021, 12, 06, 14, 23, 15"
a4bcffc1-6966-4365-b610-8608ed421d9e,True,42,"2021, 12, 06, 14, 23, 15"
1e2405e4-b984-4d20-8fde-d7a9a6a26dfb,False,42,"2021, 12, 06, 14, 23, 15"
65d23119-066f-4633-98bc-9c0923290292,True,43,"2021, 12, 06, 14, 23, 15"
83da531f-f9e5-436d-91cb-11d790e37dbd,False,42,"2021, 12, 06, 14, 23, 15"
86042d77-bca2-4890-8f76-c1743af7c5ba,True,43,"2021, 12, 06, 14, 23, 15"
fcf648c0-1716-4ed2-9c3c-03b6430e8383,False,43,"2021, 12, 06, 14, 23, 15"
2278becc-1aaf-44e0-9983-7b5475970acf,True,44,"2021, 12, 06, 14, 23, 15"
574578d2-f2b4-4747-954c-9d1f7461e09d,False,43,"2021, 12, 06, 14, 23, 15"
fca53023-5a43-4184-ac6d-7c8045d86fa9,True,44,"2021, 12, 06, 14, 23, 15"
0345c97e-fdb1-4885-a5c1-63d964794339,False,44,"2021, 12, 06, 14, 23, 15"
eaefc1df-37a9-4860-88d8-9ef49a907964,True,45,"2021, 12, 06, 14, 23, 15"
57638f0e-f565-4b78-a343-29aecda4b263,False,44,"2021, 12, 06, 14, 23, 15"
dcbce5ee-4411-46bb-95e3-d37cc00177a4,True,45,"2021, 12, 06, 14, 23, 15"
5d23d1db-b049-48b7-9633-d0c0ad27280d,False,45,"2021, 12, 06, 14, 23, 15"
7e94eb74-8e94-4727-93bf-0308ebfaf91e,True,46,"2021, 12, 06, 14, 23, 15"
1ca77251-c100-4a3b-816d-3780c9bfa501,False,45,"2021, 12, 06, 14, 23, 15"
3c478294-7d9a-4e08-aee1-50ff3759aa34,True,46,"2021, 12, 06, 14, 23, 15"
3ad43a2e-3afc-4800-a321-2a722bebe300,False,46,"2021, 12, 06, 14, 23, 15"
65dd7c36-958a-41a0-a027-1889d8ecc14c,True,47,"2021, 12, 06, 14, 23, 15"
4f2c3bb4-3a79-4919-823b-b227a55d9839,False,46,"2021, 12, 06, 14, 23, 15"
2e44393d-aec7-4afe-b9ab-4bfc7e26fb30,True,47,"2021, 12, 06, 14, 23, 15"
0bccc510-6ef6-4feb-a7c8-051b79fe86f6,False,47,"2021, 12, 06, 14, 23, 15"
23823178-01e6-44cb-9dd9-818b9cfaba88,True,48,"2021, 12, 06, 14, 23, 15"
a6a7a7b1-7c3b-4762-b7b2-fec9187e0204,False,47,"2021, 12, 06, 14, 23, 15"
5bdd8985-392a-4b7a-bf72-479f36e24e69,True,48,"2021, 12, 06, 14, 23, 15"
d582b12a-10ca-49b9-9760-022bf96663fb,False,48,"2021, 12, 06, 14, 23, 15"
eb1ddea1-58c7-4c52-a1e2-64ccef230eac,True,49,"2021, 12, 06, 14, 23, 15"
7f66edaf-7370-4d05-bb90-0f5124349163,False,48,"2021, 12, 06, 14, 23, 15"
b0b78924-5c1b-4beb-8185-59868c98f218,True,49,"2021, 12, 06, 14, 23, 15"
61e2e403-be3e-4877-93e2-fee7f9a8e360,False,49,"2021, 12, 06, 14, 23, 15"
22dd690a-68e4-4dce-815d-9f652751b352,True,240,"2021, 12, 06, 14, 23, 15"
80c9c555-f2ad-46fc-a5d5-b7bcd748f967,False,49,"2021, 12, 06, 14, 23, 15"
cb5a1b15-f919-4ee3-a923-e44f18054b3a,True,240,"2021, 12, 06, 14, 23, 15"
b6630580-478d-4895-9b3e-c22fdeaaed08,False,240,"2021, 12, 06, 14, 23, 15"
89c58ff6-1d02-400d-808f-9a16746f4b3e,True,241,"2021, 12, 06, 14, 23, 15"
97c01475-22c8-4269-b71a-9655994999a6,False,240,"2021, 12, 06, 14, 23, 15"
70916ac8-a8ca-4b5d-ac30-5f23defef66e,True,241,"2021, 12, 06, 14, 23, 15"
a94533f6-2959-4637-a2f4-4d9c336e2615,False,241,"2021, 12, 06, 14, 23, 15"
da9a68f0-9ff0-4a5e-8e9e-0a3a7bae035b,True,242,"2021, 12, 06, 14, 23, 15"
e4d464b4-be47-4856-b8c5-b17c8ce9c24e,False,241,"2021, 12, 06, 14, 23, 15"
0c13fb5f-a910-420a-bbb9-1089c9fa1c5d,True,242,"2021, 12, 06, 14, 23, 15"
dbccd5c4-d65e-4c6b-b5c7-c234de4cce33,False,242,"2021, 12, 06, 14, 23, 15"
fc2ecbe6-d2ab-49fb-98fb-0d79a0d82ebe,True,243,"2021, 12, 06, 14, 23, 15"
f89ba578-2581-4c27-b6cb-8c977a554c95,False,242,"2021, 12, 06, 14, 23, 15"
ddc9790f-ef55-45b2-a34d-0c6b04e13e55,True,243,"2021, 12, 06, 14, 23, 15"
291c09ad-5d84-43ec-93e1-957df54d03f2,False,243,"2021, 12, 06, 14, 23, 15"
6eb2b77a-f0ec-43df-b43b-8d6104200566,True,244,"2021, 12, 06, 14, 23, 15"
fbb10b2d-43cd-4b6d-965f-510aef0c167b,False,243,"2021, 12, 06, 14, 23, 15"
1fff27a4-3a35-470e-8ed0-33fae049c16d,True,244,"2021, 12, 06, 14, 23, 15"
c5444606-4176-405a-af39-7dc52a117517,False,244,"2021, 12, 06, 14, 23, 15"
3f4150e9-0c55-4fc5-9609-c6466a5bf77e,True,245,"2021, 12, 06, 14, 23, 15"
1fbc00eb-6e91-41b4-918a-fe5b4ec64902,False,244,"2021, 12, 06, 14, 23, 15"
e31591b3-85ac-42b5-9f2a-905c1111b216,True,245,"2021, 12, 06, 14, 23, 15"
f6c89082-e78b-442c-a709-9700e43d6f5c,False,245,"2021, 12, 06, 14, 23, 15"
ef1aad41-2886-43c1-b881-f5795f0eaf97,True,110,"2021, 12, 06, 14, 23, 15"
855c5ab9-a5ed-415b-a8e2-4579e54439bc,False,245,"2021, 12, 06, 14, 23, 15"
38d6f82f-dd5a-4f53-a222-ce273fb27d7d,True,110,"2021, 12, 06, 14, 23, 15"
1e0ea1a2-c96b-441e-be52-2b94acc3cdba,False,110,"2021, 12, 06, 14, 23, 15"
6713d4e9-7baa-4073-8f58-4afb7c4aa81a,True,111,"2021, 12, 06, 14, 23, 15"
a66fa513-7ac6-44b6-9d44-1d929daca1c4,False,110,"2021, 12, 06, 14, 23, 15"
25151fbf-0680-4715-bbc8-7f01e8aba997,True,111,"2021, 12, 06, 14, 23, 15"
f6c9b4cb-41a8-4158-a949-c7be93c22490,False,111,"2021, 12, 06, 14, 23, 15"
469c4128-6979-44d0-a8c1-805a685cd395,True,112,"2021, 12, 06, 14, 23, 15"
841517a8-8760-4d29-a539-43e513daf51e,False,111,"2021, 12, 06, 14, 23, 15"
0f54b86b-646e-47b7-9f21-9875fcbb5f19,True,112,"2021, 12, 06, 14, 23, 15"
479919a8-7a7e-4abd-af49-ebcc487a9d54,False,112,"2021, 12, 06, 14, 23, 15"
694c2014-514a-48d2-9bfb-d2913c1032df,True,113,"2021, 12, 06, 14, 23, 15"
287078c6-eada-4121-8c09-e1b7faae4962,False,112,"2021, 12, 06, 14, 23, 15"
5870b13c-7806-4585-b0d1-d0ab88b2f991,True,113,"2021, 12, 06, 14, 23, 15"
dbc9e741-46b1-4910-8952-3f48cbfd96fe,False,113,"2021, 12, 06, 14, 23, 15"
8afefd68-1cda-4d2b-8b2a-c4f203799544,True,114,"2021, 12, 06, 14, 23, 15"
ba282d3e-5f1e-4e4d-a5da-4d2f0a90177f,False,113,"2021, 12, 06, 14, 23, 15"
f66603d4-4471-4d4c-818c-6f450c6d8664,True,114,"2021, 12, 06, 14, 23, 15"
2f934462-4667-4fc3-b3c5-345c29c512c8,False,114,"2021, 12, 06, 14, 23, 15"
b8cd95c0-7a37-4f06-8383-aa6ed0320dda,True,115,"2021, 12, 06, 14, 23, 15"
e38fd02f-6654-4db1-a770-abb1f194d14c,False,114,"2021, 12, 06, 14, 23, 15"
e50340c4-6646-45e4-b0db-723d9fa669e7,True,115,"2021, 12, 06, 14, 23, 15"
416e2287-8ba3-4f06-b9b5-49af96ca499c,False,115,"2021, 12, 06, 14, 23, 15"
5cc6f068-f697-4eda-9d43-c9288b328b9f,True,116,"2021, 12, 06, 14, 23, 15"
1fc75590-32c5-4c2b-bdac-087e1af7cafa,False,115,"2021, 12, 06, 14, 23, 15"
d177ffac-2fbb-4e5a-aa35-0890db5ba030,True,116,"2021, 12, 06, 14, 23, 15"
43a5a532-8f37-45f4-91f6-198e3c8c5222,False,116,"2021, 12, 06, 14, 23, 15"
a7767c3c-808c-424c-80ea-326a502b3822,True,117,"2021, 12, 06, 14, 23, 15"
ef36ff81-5df2-44ae-87c9-74f59bc456cf,False,116,"2021, 12, 06, 14, 23, 15"
5c113a33-7d5b-4265-b817-49f945170a9d,True,117,"2021, 12, 06, 14, 23, 15"
592094d3-38e8-45ef-b10b-03ce2e24ceb6,False,117,"2021, 12, 06, 14, 23, 15"
9cee76d6-ff9e-48d1-ae6c-10af86e9c2c2,True,118,"2021, 12, 06, 14, 23, 15"
d7720076-4eec-4c12-a2b9-858e6561ef22,False,117,"2021, 12, 06, 14, 23, 15"
3cf63757-e493-480b-b48a-cb99e4b1802a,True,118,"2021, 12, 06, 14, 23, 15"
221263f1-78d7-4b85-8cc1-456e2c047408,False,118,"2021, 12, 06, 14, 23, 15"
8f614975-e0ed-4f8d-b04a-24df7b3ca6c5,True,119,"2021, 12, 06, 14, 23, 15"
2df484e6-ee57-41ed-b0ff-70e1a68db666,False,118,"2021, 12, 06, 14, 23, 15"
8c53967d-5ad7-4b6a-9f73-d49ce806234d,True,119,"2021, 12, 06, 14, 23, 15"
809f77e4-2aff-4748-9f5f-38857294d9cc,False,119,"2021, 12, 06, 14, 23, 15"
f7343f35-365f-4128-b6f5-ea86739bf85b,True,200,"2021, 12, 06, 14, 23, 15"
26ba03ca-184d-43a2-928e-1a04cf9086d8,False,119,"2021, 12, 06, 14, 23, 15"
902a2bae-f915-49dc-9dda-bf84217ba7bd,True,200,"2021, 12, 06, 14, 23, 15"
75a3d555-ab22-41c3-a2e8-d78758642930,False,200,"2021, 12, 06, 14, 23, 15"
c0d2ea47-d188-491c-9e98-f61fdac5c185,True,201,"2021, 12, 06, 14, 23, 15"
509bd2c1-554e-4f42-bc64-023a0ee6e779,False,200,"2021, 12, 06, 14, 23, 15"
820f6fbb-3d94-472e-b733-ea65475fd8f0,True,201,"2021, 12, 06, 14, 23, 15"
d70377e9-c30c-415b-9152-59ed18c3c4fc,False,201,"2021, 12, 06, 14, 23, 15"
fda6ab85-e10e-479e-aa90-2e9db50ddbf2,True,202,"2021, 12, 06, 14, 23, 15"
7964c977-325e-4ec9-a746-58f9e1224681,False,201,"2021, 12, 06, 14, 23, 15"
4ce4c850-9e08-4ec3-b19e-eb1dd32fcca1,True,202,"2021, 12, 06, 14, 23, 15"
72587fd7-5ffc-451c-bf3a-6352d2b3819a,False,202,"2021, 12, 06, 14, 23, 15"
95495ec8-d9c9-4e97-9d63-86609c0535e6,True,203,"2021, 12, 06, 14, 23, 15"
ca00f1cb-4860-4c33-afce-8a559b4c889d,False,202,"2021, 12, 06, 14, 23, 15"
114ce315-1486-4e20-847d-cf7e8ab3cd01,True,203,"2021, 12, 06, 14, 23, 15"
665440ad-9bf1-439c-96b9-fbe6ef7148c5,False,203,"2021, 12, 06, 14, 23, 15"
50e74a40-a31b-4811-9527-d17416dfe117,True,204,"2021, 12, 06, 14, 23, 15"
5d95670f-3593-4763-8e4a-67a0f2ce3156,False,203,"2021, 12, 06, 14, 23, 15"
10dcc762-cf73-4686-ae28-edf5947ff808,True,204,"2021, 12, 06, 14, 23, 15"
6956b2c9-2d61-45d6-9644-b2ed3e915d8c,False,204,"2021, 12, 06, 14, 23, 15"
9c57371b-04f5-4df0-be15-3529da26e410,True,205,"2021, 12, 06, 14, 23, 15"
cc33308f-2c94-4fb3-b28b-42cfd0658237,False,204,"2021, 12, 06, 14, 23, 15"
6a763e58-e971-4f79-bad1-a8c0b4541cbc,True,205,"2021, 12, 06, 14, 23, 15"
d6486d41-fe36-4b55-9db1-2ac035587948,False,205,"2021, 12, 06, 14, 23, 15"
8f94c5a6-5fa4-42f7-8f0e-3b9d2f3ef5c1,True,206,"2021, 12, 06, 14, 23, 15"
38a1fea9-0211-4d0f-a9aa-2541095c95c0,False,205,"2021, 12, 06, 14, 23, 15"
87147c2b-318a-4b0c-b3da-692ebad199f7,True,206,"2021, 12, 06, 14, 23, 15"
e71fb79b-8855-4290-adf5-6f2e0529177a,False,206,"2021, 12, 06, 14, 23, 15"
7c360564-1864-4afb-8bbd-99a33902d172,True,207,"2021, 12, 06, 14, 23, 15"
cf45bbd3-7dac-4c30-bc65-de21648be7ee,False,206,"2021, 12, 06, 14, 23, 15"
670521eb-3e79-4ca0-ab67-17c8a0e59b7a,True,207,"2021, 12, 06, 14, 23, 15"
edd5cb2f-9acc-4b55-82f6-c6ed07170f4a,False,207,"2021, 12, 06, 14, 23, 15"
eb4fd185-1080-4b64-8176-84fcb72df2a1,True,208,"2021, 12, 06, 14, 23, 15"
790f19d7-fd08-4e48-96ce-e0f50978c2d2,False,207,"2021, 12, 06, 14, 23, 15"
27eaa1bb-6b2e-45a3-971c-c39df2e7338e,True,208,"2021, 12, 06, 14, 23, 15"
10612bf8-3eca-4a2b-9b3d-d6a1dcde3b3b,False,208,"2021, 12, 06, 14, 23, 15"
39ec34af-6fbc-4488-8828-629fa310a4e1,True,209,"2021, 12, 06, 14, 23, 15"
06ea8610-b34c-4804-934d-4795988768bb,False,208,"2021, 12, 06, 14, 23, 15"
b31bfb17-df05-4953-9605-6e4262eb4d95,True,209,"2021, 12, 06, 14, 23, 15"
b1e1329f-aae3-45bd-a075-c15e84029200,False,209,"2021, 12, 06, 14, 23, 15"
7955c35e-0aa9-465f-86f1-0436ab82ab5d,True,190,"2021, 12, 06, 14, 23, 15"
8e5c9a11-4224-40a7-9b69-7ffe98843455,False,209,"2021, 12, 06, 14, 23, 15"
a884b1a2-9fcc-4532-8fb0-d794e0d06193,True,190,"2021, 12, 06, 14, 23, 15"
a99776b0-0dda-48fc-bc57-9871ae0f20f0,False,190,"2021, 12, 06, 14, 23, 15"
abc619d7-faf4-4f9c-a04a-1d833cea8b80,True,191,"2021, 12, 06, 14, 23, 15"
106fb70a-aa34-4f09-93d9-7831a3b13129,False,190,"2021, 12, 06, 14, 23, 15"
a02329f2-e4ab-4f54-9b76-a2be728d14f1,True,191,"2021, 12, 06, 14, 23, 15"
a5dffde3-2b9c-4b53-9a1e-c1c392976a3b,False,191,"2021, 12, 06, 14, 23, 15"
f3bdbefd-a1ef-43b1-be70-086a89620041,True,192,"2021, 12, 06, 14, 23, 15"
feb4e090-7ffb-4a3e-98e8-cc50f1ad811f,False,191,"2021, 12, 06, 14, 23, 15"
584a0005-2c90-4fb4-8504-41a0da0e31bd,True,192,"2021, 12, 06, 14, 23, 15"
dcf62216-36b6-4cea-985c-bc23a5eedff5,False,192,"2021, 12, 06, 14, 23, 15"
cc4e7b7c-5573-45db-8e19-744e4c350be2,True,193,"2021, 12, 06, 14, 23, 15"
94ef5fd6-ac6d-4b8c-b118-562fb91ab39b,False,192,"2021, 12, 06, 14, 23, 15"
338ea1e4-a8d5-4928-85c5-ea859767f1a8,True,193,"2021, 12, 06, 14, 23, 15"
cd4daa00-7a80-4b10-a5b0-0095af865b83,False,193,"2021, 12, 06, 14, 23, 15"
56fcc956-a3f2-4c53-8e72-fedeb90fb009,True,194,"2021, 12, 06, 14, 23, 15"
f9369c64-3074-4534-b256-192c9d96d141,False,193,"2021, 12, 06, 14, 23, 15"
4976545c-5947-447c-95ed-40b10a4fd252,True,194,"2021, 12, 06, 14, 23, 15"
7d18de2a-fdc3-49eb-8a45-5e108a82ad0b,False,194,"2021, 12, 06, 14, 23, 15"
abceaff4-e846-45e7-98b8-cc6ba3346107,True,195,"2021, 12, 06, 14, 23, 15"
2bb42c09-4e10-47fd-a4e6-a21142fd2647,False,194,"2021, 12, 06, 14, 23, 15"
9393566e-abf4-435f-bf15-683dcbc142c6,True,195,"2021, 12, 06, 14, 23, 15"
91751e01-ac15-4e3e-ae28-4ca22c0a23d8,False,195,"2021, 12, 06, 14, 23, 15"
0ab46c89-718e-413d-a95b-686dca4f7656,True,196,"2021, 12, 06, 14, 23, 15"
61d8933c-1cd1-4da7-b844-15d7334692c8,False,195,"2021, 12, 06, 14, 23, 15"
e1f5c038-5981-4f83-a35a-5fdb6d9b8fde,True,196,"2021, 12, 06, 14, 23, 15"
5a16c865-4d92-4e0c-aaf4-0d3c216652fc,False,196,"2021, 12, 06, 14, 23, 15"
9530ee11-5564-4784-9192-5a4fb0db9505,True,197,"2021, 12, 06, 14, 23, 15"
1733a987-9813-4ffa-8a0a-1388b6418046,False,196,"2021, 12, 06, 14, 23, 15"
aff826f4-177c-4f65-b025-5aad61b1a8a8,True,197,"2021, 12, 06, 14, 23, 15"
e5a5d5b5-ba1a-495f-897c-b4cf78a0a4f9,False,197,"2021, 12, 06, 14, 23, 15"
41543b65-f1dd-404b-8cc7-05d8208f2f7c,True,198,"2021, 12, 06, 14, 23, 15"
ae1ce296-f3e9-4c6b-bae3-3ad14f78ab88,False,197,"2021, 12, 06, 14, 23, 15"
214648d9-4855-494a-a90c-4187474b512a,True,198,"2021, 12, 06, 14, 23, 15"
843510d9-37e7-4a56-b824-dbf622518082,False,198,"2021, 12, 06, 14, 23, 15"
af0fbb60-6fc5-4acd-b1b9-8a7b88ff6bd9,True,199,"2021, 12, 06, 14, 23, 15"
ee98978e-f422-40a5-8291-26e507ec0478,False,198,"2021, 12, 06, 14, 23, 15"
3ba411fb-74f1-4225-8214-f1746bb45295,True,199,"2021, 12, 06, 14, 23, 15"
33d68447-87c8-4bea-93b8-6b16c3660d3e,False,199,"2021, 12, 06, 14, 23, 15"
c930c71d-9d1c-44f5-b292-982484d148d3,True,60,"2021, 12, 06, 14, 23, 15"
4374611d-0d22-49b2-849a-a5fcf9a27957,False,199,"2021, 12, 06, 14, 23, 15"
dadc9cb7-1e07-42e8-b361-08f78a0a3823,True,60,"2021, 12, 06, 14, 23, 15"
ce3748b0-768f-4934-b8a4-5d76f2274853,False,60,"2021, 12, 06, 14, 23, 15"
d8421405-a6b0-4917-a000-4b97300e177b,True,61,"2021, 12, 06, 14, 23, 15"
59b882e4-7eec-4d01-a705-d88485ae287d,False,60,"2021, 12, 06, 14, 23, 15"
03747b76-eb87-4847-96c1-a988010bdc16,True,61,"2021, 12, 06, 14, 23, 16"
58b96dde-df36-45b0-9f6b-f6bf6386fff4,False,61,"2021, 12, 06, 14, 23, 16"
44e7d4fb-b195-4163-ac4f-649c5f1c8343,True,62,"2021, 12, 06, 14, 23, 16"
5a0addf9-16a6-4ef0-b372-f3e83886fffa,False,61,"2021, 12, 06, 14, 23, 16"
5c197c75-8489-48b2-b298-521d8de0c343,True,62,"2021, 12, 06, 14, 23, 16"
47c1ca74-717f-4357-b140-3c78ec292aa2,False,62,"2021, 12, 06, 14, 23, 16"
38f54545-e54f-4312-9756-57a25bc29bde,True,63,"2021, 12, 06, 14, 23, 16"
98295638-ed1c-4ac0-ba1e-e002704bc7ab,False,62,"2021, 12, 06, 14, 23, 16"
b9fc8bfe-4315-43b7-800e-0182dfb97145,True,63,"2021, 12, 06, 14, 23, 16"
724f13f3-ea80-4fad-9be7-010877b998f3,False,63,"2021, 12, 06, 14, 23, 16"
cea708a1-52ac-4656-9020-9429866bc301,True,64,"2021, 12, 06, 14, 23, 16"
00ce8c7f-8480-4a34-8753-d23f95242229,False,63,"2021, 12, 06, 14, 23, 16"
b9387b38-f29a-4390-a40c-a4612fde631b,True,64,"2021, 12, 06, 14, 23, 16"
ccc850f0-d6be-4617-b8ed-30fcd217b7a9,False,64,"2021, 12, 06, 14, 23, 16"
4678402a-24c2-4017-b33e-ff4dfb51271a,True,65,"2021, 12, 06, 14, 23, 16"
aef370ff-9881-4f14-89f2-46b3524cef80,False,64,"2021, 12, 06, 14, 23, 16"
9a6b46a5-3908-46c9-aee1-55b15e104659,True,65,"2021, 12, 06, 14, 23, 16"
58ae88b5-ddbd-40f1-a403-c2e7aad7678f,False,65,"2021, 12, 06, 14, 23, 16"
a2825cf1-62d0-4035-aef5-3ab1e6911ce5,True,66,"2021, 12, 06, 14, 23, 16"
6e371f81-e978-4622-98da-07b0f248dbbf,False,65,"2021, 12, 06, 14, 23, 16"
a4ce9a5c-d2d1-4448-9a5e-4c1dd941927e,True,66,"2021, 12, 06, 14, 23, 16"
60945af9-4333-4b32-ab80-9b70655ed0ba,False,66,"2021, 12, 06, 14, 23, 16"
fe583323-73c1-4109-b619-989a425d6d62,True,67,"2021, 12, 06, 14, 23, 16"
8674a52d-a8af-415b-ad74-0738c9193ff6,False,66,"2021, 12, 06, 14, 23, 16"
332ff85e-41fa-4bae-b41d-a326931ce24b,True,67,"2021, 12, 06, 14, 23, 16"
8f92fc32-e88e-42d9-b036-2ee53ad7cf60,False,67,"2021, 12, 06, 14, 23, 16"
9dd2bcd2-7dc9-4605-88ee-392825887238,True,68,"2021, 12, 06, 14, 23, 16"
5a9f7884-af12-4288-b9b8-8300ac3cf9cb,False,67,"2021, 12, 06, 14, 23, 16"
b0a6d6ef-7560-409b-ba66-335800fde827,True,68,"2021, 12, 06, 14, 23, 16"
bfbeffdb-2bbd-4390-8ce7-b3791664be85,False,68,"2021, 12, 06, 14, 23, 16"
1e395e34-d76e-4ef8-b4f7-4872a82a1d8b,True,69,"2021, 12, 06, 14, 23, 16"
c121dc46-9882-4516-9e2f-c2698c2f21cc,False,68,"2021, 12, 06, 14, 23, 16"
7d9f342a-8c72-4275-abe1-19059b120ca9,True,69,"2021, 12, 06, 14, 23, 16"
b7c5c926-80d7-4097-a52f-30de9881d8b1,False,69,"2021, 12, 06, 14, 23, 16"
80853680-8229-4503-bedd-c333660607f3,True,120,"2021, 12, 06, 14, 23, 16"
ed64c8e6-5196-4da5-a37f-2ae1a669c48e,False,69,"2021, 12, 06, 14, 23, 16"
a1f7f5bc-6189-4995-8880-d5e5f3e2300c,True,120,"2021, 12, 06, 14, 23, 16"
0d678f9e-bdb3-4440-bec6-0a1489136fe8,False,120,"2021, 12, 06, 14, 23, 16"
09799f3e-a5a1-4dc8-9f74-fb7051a98b8d,True,121,"2021, 12, 06, 14, 23, 16"
7322b61d-4403-4b89-9eab-08183545c12b,False,120,"2021, 12, 06, 14, 23, 16"
45b5907f-f3b4-42ff-88d2-009c7f86e111,True,121,"2021, 12, 06, 14, 23, 16"
81c4aadd-0a73-4426-87a5-24d261e9e776,False,121,"2021, 12, 06, 14, 23, 16"
22ed5aee-2c09-4ce0-9c33-1044ddde5a45,True,122,"2021, 12, 06, 14, 23, 16"
01c4ae8f-6eec-48f4-af8a-c12d988816fa,False,121,"2021, 12, 06, 14, 23, 16"
20936d06-7fd5-45b7-8c72-3b437e4b226c,True,122,"2021, 12, 06, 14, 23, 16"
30bb412d-aed9-4dec-82c8-c02d2a2ccffb,False,122,"2021, 12, 06, 14, 23, 16"
ab67c5f0-7165-4bc6-ab96-f9b832d08fd3,True,123,"2021, 12, 06, 14, 23, 16"
6d061674-97aa-45f4-b602-42cdc3f7b51a,False,122,"2021, 12, 06, 14, 23, 16"
ade850f9-1dc3-4fe1-a7c5-2d1f4b573998,True,123,"2021, 12, 06, 14, 23, 16"
f934eb77-7312-48d5-877d-360df9e359ed,False,123,"2021, 12, 06, 14, 23, 16"
6edf9d5d-71ed-46ac-a74f-7abe91903198,True,124,"2021, 12, 06, 14, 23, 16"
b8727c8f-ad4d-4f33-8840-7217da62dfe0,False,123,"2021, 12, 06, 14, 23, 16"
979fb9cf-e20f-478f-826c-ef8e73a3391e,True,124,"2021, 12, 06, 14, 23, 16"
4d6d7e2b-ace3-4721-a059-b6f03716a06e,False,124,"2021, 12, 06, 14, 23, 16"
d12dc853-48b5-45a2-86d4-a8fcbaa22373,True,125,"2021, 12, 06, 14, 23, 16"
bee3421e-444d-464f-8b2f-54defa83d25b,False,124,"2021, 12, 06, 14, 23, 16"
957d8e1c-c1c7-40ce-8066-84200e8b7751,True,125,"2021, 12, 06, 14, 23, 16"
23f9950f-ed65-4faa-8038-1cb6eb0e5c6f,False,125,"2021, 12, 06, 14, 23, 16"
c8da868d-47e2-4f1d-aae7-b6cd3c3e6e08,True,126,"2021, 12, 06, 14, 23, 16"
beb246a2-a5a3-4212-a052-20e4fea7b16b,False,125,"2021, 12, 06, 14, 23, 16"
ee286b90-fde8-4cbd-ad91-5ec21dd2c0e8,True,126,"2021, 12, 06, 14, 23, 16"
aaa71514-0a57-439c-b8dd-217658d13f2a,False,126,"2021, 12, 06, 14, 23, 16"
6dc85faa-5faa-4905-b638-807d7d50cc0d,True,127,"2021, 12, 06, 14, 23, 16"
3d144650-d30f-40f6-9b57-0c9067a5fe7d,False,126,"2021, 12, 06, 14, 23, 16"
9139cc1f-8d65-4449-8449-dbbb33146cd3,True,127,"2021, 12, 06, 14, 23, 16"
6def8dc8-f9cc-49df-8812-43b0eea1b75c,False,127,"2021, 12, 06, 14, 23, 16"
a050c449-f2b9-4ff2-9400-aa2636c40a96,True,128,"2021, 12, 06, 14, 23, 16"
aab0a45d-7c24-4762-9751-9b9d47f2d87e,False,127,"2021, 12, 06, 14, 23, 16"
151a33a8-b366-45c3-b124-63f0569c0845,True,128,"2021, 12, 06, 14, 23, 16"
57016fdf-1b4a-4ea2-9588-06bb23906c7e,False,128,"2021, 12, 06, 14, 23, 16"
8d4df953-30da-4b63-a013-5fc6a95bba87,True,129,"2021, 12, 06, 14, 23, 16"
0178b072-c628-4a5f-a039-7dca34ca48f2,False,128,"2021, 12, 06, 14, 23, 16"
d58ce9f5-1675-49b5-8bd8-7c72d0300f33,True,129,"2021, 12, 06, 14, 23, 16"
e129f0ce-0b4e-415a-8a17-4737452dcfa8,False,129,"2021, 12, 06, 14, 23, 16"
3394b0f2-fe4c-4ffd-bc7d-df25f9112ced,True,50,"2021, 12, 06, 14, 23, 16"
c750c4c3-bac8-4c30-8f48-5eb7306a6455,False,129,"2021, 12, 06, 14, 23, 16"
12aa8943-e2b0-4c69-9745-0a93fbddeb62,True,50,"2021, 12, 06, 14, 23, 16"
14ffcb03-405e-4cb4-8190-037605c10c79,False,50,"2021, 12, 06, 14, 23, 16"
9cb12c28-860a-4f00-8c22-c881d3b5fbd6,True,51,"2021, 12, 06, 14, 23, 16"
b12e2f96-5b43-4ed4-a53f-8515e7983436,False,50,"2021, 12, 06, 14, 23, 16"
d34b372d-d64b-4218-ba84-e4d69e6f941f,True,51,"2021, 12, 06, 14, 23, 16"
b4bdcd18-c4fa-40e2-b0ff-f65e8b51895c,False,51,"2021, 12, 06, 14, 23, 16"
4ecf3b32-b978-485f-8653-ed5bd7ac3d1f,True,52,"2021, 12, 06, 14, 23, 16"
7d14191f-64ce-4823-9417-bd69a9b699f2,False,51,"2021, 12, 06, 14, 23, 16"
dd3e941e-d87a-4035-a5ba-20998cc81a11,True,52,"2021, 12, 06, 14, 23, 16"
b02beac0-0c52-48c0-9968-be9f1cc74d2f,False,52,"2021, 12, 06, 14, 23, 16"
5fce94e4-e5e3-49e5-946d-bc47db06a1ec,True,53,"2021, 12, 06, 14, 23, 16"
e96b0b5d-81df-44b5-a23c-3b0e6f93c01e,False,52,"2021, 12, 06, 14, 23, 16"
6229abff-3971-44bc-94c7-a890683e6955,True,53,"2021, 12, 06, 14, 23, 16"
5b10ca4c-5d2b-4af6-97f6-973e712aa6a9,False,53,"2021, 12, 06, 14, 23, 16"
73f7e532-f905-4f13-a997-184d40fffe6e,True,54,"2021, 12, 06, 14, 23, 16"
e4dc0986-e2e7-47b4-829e-7f968b352375,False,53,"2021, 12, 06, 14, 23, 16"
c79aad36-c0fe-4c82-ba7d-028fe7245fdb,True,54,"2021, 12, 06, 14, 23, 16"
f6b9098c-a142-468b-869f-99adea2cb4c2,False,54,"2021, 12, 06, 14, 23, 16"
e2b2936d-271e-4387-a8e8-084936723d28,True,55,"2021, 12, 06, 14, 23, 16"
53de6d72-b4b3-4b01-8da7-4eaa8320d69f,False,54,"2021, 12, 06, 14, 23, 16"
8b52c627-1e4f-42c7-9555-2a090ec1b9b0,True,55,"2021, 12, 06, 14, 23, 16"
a6b52ae9-88bd-4742-9574-7c8819b568ec,False,55,"2021, 12, 06, 14, 23, 16"
86d601f9-1ee4-40e5-bbf4-bc8c6aa335fc,True,56,"2021, 12, 06, 14, 23, 16"
bbe125fd-f2f0-4146-b107-b51cab236843,False,55,"2021, 12, 06, 14, 23, 16"
66852854-a41a-4fcf-ac98-590c876cbba0,True,56,"2021, 12, 06, 14, 23, 16"
1b01b1b8-8841-410c-b809-4edd3045ed4a,False,56,"2021, 12, 06, 14, 23, 16"
34ffc46e-311d-4b35-b5b5-d7a0299563de,True,57,"2021, 12, 06, 14, 23, 16"
be9cdb08-58c8-4e3c-89b9-358b24f8e34d,False,56,"2021, 12, 06, 14, 23, 16"
6f821e76-5a2c-433c-907b-135810fa4f20,True,57,"2021, 12, 06, 14, 23, 16"
1f89b583-4fbd-4dc7-8c4c-b486ca6c4e3b,False,57,"2021, 12, 06, 14, 23, 16"
7cd6ea51-d413-445a-81cd-ec22c4572243,True,58,"2021, 12, 06, 14, 23, 16"
bc684361-2b67-4d43-9791-7a764c481e54,False,57,"2021, 12, 06, 14, 23, 16"
b82e763c-b964-4fc4-b326-3c5d01cd4d7f,True,58,"2021, 12, 06, 14, 23, 16"
ca097821-58d5-4b66-8380-92eecfd94bff,False,58,"2021, 12, 06, 14, 23, 16"
eced803e-04d7-4f8f-ba33-e4faecaa5500,True,59,"2021, 12, 06, 14, 23, 16"
46d9584a-9d36-4c85-82dd-34301dd514f1,False,58,"2021, 12, 06, 14, 23, 16"
84150396-e924-482b-a4f1-0163e63f2bcf,True,59,"2021, 12, 06, 14, 23, 16"
26f6893d-8752-4720-90d8-d68c59350b3b,False,59,"2021, 12, 06, 14, 23, 16"
87139fc3-3c99-496c-9701-5b4ccbd5edee,True,180,"2021, 12, 06, 14, 23, 16"
67a694fb-1672-400a-9e16-848e44dc7e8f,False,59,"2021, 12, 06, 14, 23, 16"
d03f3581-7e5f-4c97-9b34-fde8a3b2be7e,True,180,"2021, 12, 06, 14, 23, 16"
9bef0769-bd31-4b7d-b7f6-ae114f8f43b2,False,180,"2021, 12, 06, 14, 23, 16"
6f375e9a-0b07-421e-85d4-bb8e881d1e37,True,181,"2021, 12, 06, 14, 23, 16"
2bab4ce0-4265-4e2b-a0a3-db6e466a1170,False,180,"2021, 12, 06, 14, 23, 16"
70afd0c9-cfd8-475c-b79e-e0ca973dd13e,True,181,"2021, 12, 06, 14, 23, 16"
275920af-ae6e-4058-aac8-b0d47b8fb9ec,False,181,"2021, 12, 06, 14, 23, 16"
32c523d3-74cc-4d42-9073-705aa527ef8f,True,182,"2021, 12, 06, 14, 23, 16"
3d39d2c0-8fce-49cf-8867-5fbe3786233c,False,181,"2021, 12, 06, 14, 23, 16"
022d62bf-d528-4760-8ee4-8c119519fc61,True,182,"2021, 12, 06, 14, 23, 16"
f2261c4d-c8b9-47f3-80e9-53164b51f120,False,182,"2021, 12, 06, 14, 23, 16"
25ddfa67-bebc-4a14-9e33-3b2155d80c3d,True,183,"2021, 12, 06, 14, 23, 16"
cdbf84d8-67c7-4f16-9877-16bd97ead9b6,False,182,"2021, 12, 06, 14, 23, 16"
3f72c832-3a12-400f-b005-b67ec0f25fc9,True,183,"2021, 12, 06, 14, 23, 16"
3d227b48-594d-4f1e-9ff6-c8434a680e49,False,183,"2021, 12, 06, 14, 23, 16"
49b23e54-2191-4602-a04a-967baf13c090,True,184,"2021, 12, 06, 14, 23, 16"
fe0bd2c1-c943-4df1-8e81-4708b3ab4b9b,False,183,"2021, 12, 06, 14, 23, 16"
12d07215-bf6c-49a0-97d7-d272925e8d89,True,184,"2021, 12, 06, 14, 23, 16"
8b741618-6704-475f-bd1a-0b6dcc273dbd,False,184,"2021, 12, 06, 14, 23, 16"
3f6583bb-aa2b-4cbb-937c-6e701c5e234e,True,185,"2021, 12, 06, 14, 23, 16"
9a424a53-1913-4aa1-b829-e0db068d21cf,False,184,"2021, 12, 06, 14, 23, 16"
e3792038-868d-4452-8761-cc221627b611,True,185,"2021, 12, 06, 14, 23, 16"
b68c7d06-e0db-4299-875f-eddb76889a0a,False,185,"2021, 12, 06, 14, 23, 16"
42830a9a-6c04-4dd6-bf86-4e26244b9d2b,True,186,"2021, 12, 06, 14, 23, 16"
fa9a7929-99b4-4414-a4ba-2f49a26da6c4,False,185,"2021, 12, 06, 14, 23, 16"
cef50812-4e17-4db6-a6bc-b3e339ffa7f9,True,186,"2021, 12, 06, 14, 23, 16"
edd41a7e-bec3-4a04-b761-04d89b7ea5ff,False,186,"2021, 12, 06, 14, 23, 16"
91bf07ca-ac47-424f-b787-349d14a36130,True,187,"2021, 12, 06, 14, 23, 16"
f6c380da-e3af-4535-b3e8-66f7cd7d3d8e,False,186,"2021, 12, 06, 14, 23, 16"
07f057a6-2ba8-4f49-8571-a94306751f30,True,187,"2021, 12, 06, 14, 23, 16"
0c2032ca-9350-4e6b-8468-16a5752cf41c,False,187,"2021, 12, 06, 14, 23, 16"
ae895dfa-17cc-4c32-9760-22ae6d1e29f3,True,188,"2021, 12, 06, 14, 23, 16"
ea7f190f-ee21-4cbf-a893-dc68e1adf085,False,187,"2021, 12, 06, 14, 23, 16"
20740392-c49f-4f09-ba46-6d935f3067ca,True,188,"2021, 12, 06, 14, 23, 16"
76a2b7d5-2e63-4295-8f94-b68b4884889f,False,188,"2021, 12, 06, 14, 23, 16"
d8c2545a-9262-4513-b3b3-43c572389a5a,True,189,"2021, 12, 06, 14, 23, 16"
3b6f3ebe-8b63-44fc-b4c8-42010fdbd419,False,188,"2021, 12, 06, 14, 23, 16"
7738d9ca-a390-48ad-a32c-b0dba621de44,True,189,"2021, 12, 06, 14, 23, 16"
4f36f0a7-2406-4694-b5b4-7db9c130dac8,False,189,"2021, 12, 06, 14, 23, 16"
17db0691-2cdf-43f5-bb06-82a78e253e95,True,10,"2021, 12, 06, 14, 23, 16"
67c91c43-8a96-4b28-8de5-699e73d633df,False,189,"2021, 12, 06, 14, 23, 16"
920789b1-df2c-48de-820c-9859c2ee4576,True,10,"2021, 12, 06, 14, 23, 16"
e5fd677a-04e8-45ce-9ee5-bd3dfdcfc3c9,False,10,"2021, 12, 06, 14, 23, 16"
6783a1e7-0563-48bc-93ba-740aa6375199,True,11,"2021, 12, 06, 14, 23, 16"
612a7548-d819-4fdf-97de-473f6a68eeb9,False,10,"2021, 12, 06, 14, 23, 16"
42cb1444-5029-4fef-9209-23e78746059e,True,11,"2021, 12, 06, 14, 23, 16"
d75d0cd8-8d35-49d7-a5f4-a3c6ac2926de,False,11,"2021, 12, 06, 14, 23, 16"
e96e93d1-3e7a-45de-b0d7-54d66f41871b,True,12,"2021, 12, 06, 14, 23, 16"
23ee9c9a-5d20-4941-b112-9d82a977a7eb,False,11,"2021, 12, 06, 14, 23, 16"
c10b3ab2-4ccc-47a7-b7c3-c6cff5554485,True,12,"2021, 12, 06, 14, 23, 16"
7d9ba61b-9679-40b6-8231-a9c21c8a97d7,False,12,"2021, 12, 06, 14, 23, 16"
159649c5-fe70-4d92-a8ab-e6bfbc0bafb0,True,13,"2021, 12, 06, 14, 23, 16"
de3bd94a-85f8-4b7e-9af3-e68ed1e57c37,False,12,"2021, 12, 06, 14, 23, 16"
87a60fc0-0aa7-4342-a713-85d2f506fa76,True,13,"2021, 12, 06, 14, 23, 16"
64d6ed07-1156-4ed7-a2dc-4b7e749535de,False,13,"2021, 12, 06, 14, 23, 16"
efe2fab7-ab08-45fb-933e-bc112afd7c19,True,14,"2021, 12, 06, 14, 23, 16"
5e4a9303-bd30-40cf-85df-082012d95c9d,False,13,"2021, 12, 06, 14, 23, 16"
9a420af0-d68b-442f-af59-ff9157b1c087,True,14,"2021, 12, 06, 14, 23, 16"
e07b99f6-1df9-45fd-a940-f851a886f375,False,14,"2021, 12, 06, 14, 23, 16"
bb186c2a-57c4-45f7-ba9d-8c64683675aa,True,15,"2021, 12, 06, 14, 23, 16"
64a53400-8e88-4106-8c6b-7b1d30f69321,False,14,"2021, 12, 06, 14, 23, 16"
cafc5f1b-d5f7-4785-aabc-2ec3d18022da,True,15,"2021, 12, 06, 14, 23, 16"
c7f1679c-0083-4a98-871b-baf6a75d1c93,False,15,"2021, 12, 06, 14, 23, 16"
98f7ae97-890e-4a37-8ae9-35c04d867122,True,16,"2021, 12, 06, 14, 23, 16"
07f33452-afa1-4a0f-8a1a-6b2031a50bff,False,15,"2021, 12, 06, 14, 23, 16"
752e0d3f-8098-44dc-95d9-c2b8e64640ff,True,16,"2021, 12, 06, 14, 23, 16"
31afd9c6-b3e9-4ada-803b-40eacfc88c3c,False,16,"2021, 12, 06, 14, 23, 16"
30cb1bb4-deaf-4c13-ae1f-d1d4e5bae5c3,True,17,"2021, 12, 06, 14, 23, 16"
9c52b38d-2989-4649-ab67-c935590bda07,False,16,"2021, 12, 06, 14, 23, 16"
a11750f5-e0ed-44a6-b015-3d6845ea98c3,True,17,"2021, 12, 06, 14, 23, 16"
9c383e35-5714-4fb3-913e-add5ae115a2d,False,17,"2021, 12, 06, 14, 23, 16"
7a1dfeb0-fab5-4ed9-8a45-3168e6fc0361,True,18,"2021, 12, 06, 14, 23, 16"
93947a3c-4d29-417c-a933-dc0d92ea0f36,False,17,"2021, 12, 06, 14, 23, 16"
0f1eb05d-fb5e-4981-9fb1-048576654772,True,18,"2021, 12, 06, 14, 23, 16"
16329510-411c-4b6f-b8e4-f3ac120592ba,False,18,"2021, 12, 06, 14, 23, 16"
8fecd632-4f0d-458e-9a25-070ae30fe672,True,19,"2021, 12, 06, 14, 23, 16"
00ca7db0-d513-4f8b-8521-cf2c0c0fec85,False,18,"2021, 12, 06, 14, 23, 16"
4fbabc12-381d-4f3b-92a1-2ce4bcbdccbd,True,19,"2021, 12, 06, 14, 23, 16"
e19b2d04-06b5-4e20-a36c-d94f3b1dea10,False,19,"2021, 12, 06, 14, 23, 16"
ea606cf3-cbc1-4cf5-8677-474afdfe87de,False,19,"2021, 12, 06, 14, 23, 16"
83044ac9-f955-4f9d-879b-b94051c0906d,False,4,"2021, 12, 06, 14, 23, 16"
