7a3a332f-9025-46a2-a23c-934cdaafc492,True,90,"2021, 12, 06, 14, 22, 42"
a6867f08-7fda-4fe0-a600-d4816a32fde2,True,91,"2021, 12, 06, 14, 22, 42"
38daa4d2-90e2-4433-a955-1cf449083a40,False,90,"2021, 12, 06, 14, 22, 42"
baf87ad0-331e-4197-bd7e-038dcf0c08ac,True,92,"2021, 12, 06, 14, 22, 42"
9096ce39-e1b1-4ed1-b2cd-a534fbddfa37,False,91,"2021, 12, 06, 14, 22, 42"
66959dd6-40d5-4f0c-a482-fcb8a2977ec7,True,93,"2021, 12, 06, 14, 22, 42"
5d72b61f-445b-4fef-ae2e-75491db0c45f,False,92,"2021, 12, 06, 14, 22, 42"
5e7ab335-390c-45c4-96eb-56e758a8b877,True,94,"2021, 12, 06, 14, 22, 42"
0939a061-3c72-4134-80f0-164d1255401c,False,93,"2021, 12, 06, 14, 22, 42"
5c35cc0f-bc2d-4815-b48a-37644c8f911b,True,95,"2021, 12, 06, 14, 22, 42"
09cd17db-fda4-4db4-899f-0c771ef5bc6d,False,94,"2021, 12, 06, 14, 22, 42"
29a778cb-f806-40b6-8bcb-8324ad968fd5,True,96,"2021, 12, 06, 14, 22, 42"
487b98da-a49a-41e6-8190-0bb3576b71c1,False,95,"2021, 12, 06, 14, 22, 42"
735f54b4-fad8-467f-ba09-7ec70c931288,True,97,"2021, 12, 06, 14, 22, 42"
607046f9-7127-4c6a-ad75-9da9cc7344bb,False,96,"2021, 12, 06, 14, 22, 42"
38ab532d-64a7-4764-bdb8-69469dfbb4c3,True,98,"2021, 12, 06, 14, 22, 42"
c0bcfaa9-7927-4812-a003-296def58eed2,False,97,"2021, 12, 06, 14, 22, 42"
b4a2f577-61cc-4da8-955b-845c18be0882,True,99,"2021, 12, 06, 14, 22, 42"
cb50630a-4ed9-4175-a37d-f473615707a0,False,98,"2021, 12, 06, 14, 22, 42"
0b151395-6f4d-4c6f-b0f1-69144bc8aea2,True,130,"2021, 12, 06, 14, 22, 42"
9a6ba64e-fa88-46c5-ad54-81f63d6ff13d,False,99,"2021, 12, 06, 14, 22, 42"
d284de62-575e-4efc-8cfe-3feb46522f6b,True,131,"2021, 12, 06, 14, 22, 42"
03f2c710-4c32-45d2-816a-e5551a230256,False,130,"2021, 12, 06, 14, 22, 42"
5f261bfe-abe5-4641-a57a-84ebeff75488,True,132,"2021, 12, 06, 14, 22, 42"
49ae42b6-d152-4e20-8962-53ee66d35dc6,False,131,"2021, 12, 06, 14, 22, 42"
f7e6c270-bf5a-45c3-b831-33a22d0c65d5,True,133,"2021, 12, 06, 14, 22, 42"
ce86ce33-eb9a-4786-b6fe-e0b0d0536119,False,132,"2021, 12, 06, 14, 22, 42"
1064639b-7edd-4581-911d-1edbdee68710,True,134,"2021, 12, 06, 14, 22, 42"
3b7f99bd-c620-42ff-aee3-ce940b9d9535,False,133,"2021, 12, 06, 14, 22, 42"
e49b8cf5-1a99-4cc7-84f5-01fcac1b8337,True,135,"2021, 12, 06, 14, 22, 42"
fb46e0f5-bca4-49a6-86f8-b743116aa75e,False,134,"2021, 12, 06, 14, 22, 42"
08aefb22-6a22-40c5-affb-38f479cda710,True,136,"2021, 12, 06, 14, 22, 42"
37fa38d6-de49-4eaf-a131-cffec7ca3811,False,135,"2021, 12, 06, 14, 22, 42"
8837d1d3-70a5-4381-8a1e-5798187f69c8,True,137,"2021, 12, 06, 14, 22, 42"
77453263-8d43-4496-9aee-810b8c6f27d9,False,136,"2021, 12, 06, 14, 22, 42"
dc8d217b-26ae-407e-82b9-8aec48d908c8,True,138,"2021, 12, 06, 14, 22, 42"
8e7752c1-9a4c-42b6-9753-3b7c8ee1468f,False,137,"2021, 12, 06, 14, 22, 42"
7488148a-0ea0-4dd1-ba5b-51667bd167bc,True,139,"2021, 12, 06, 14, 22, 42"
617169e2-b0d8-4ba8-b1ed-a0503be3083f,False,138,"2021, 12, 06, 14, 22, 42"
27c34a95-0094-408a-9b2a-bb39ffe31859,True,20,"2021, 12, 06, 14, 22, 42"
c52826ea-2e3a-4da9-8efe-3ff1bee16319,False,139,"2021, 12, 06, 14, 22, 42"
cfd95c23-8dfd-40ca-a9d8-0387049a8133,True,21,"2021, 12, 06, 14, 22, 42"
a599a8dd-08e1-4fc6-8d79-0d152942fef0,False,20,"2021, 12, 06, 14, 22, 42"
b823b12b-3a84-4994-a7f4-53d55200492f,True,22,"2021, 12, 06, 14, 22, 42"
276d9e12-2c6f-4b6f-8913-ed670fdf05ac,False,21,"2021, 12, 06, 14, 22, 42"
34e429d5-2d45-420c-8a47-b8059c1d0340,True,23,"2021, 12, 06, 14, 22, 42"
e71be5cc-229f-4664-9be8-8958e2e335a7,False,22,"2021, 12, 06, 14, 22, 42"
aa78d5f8-886c-4eba-9467-98d9af887cf9,True,24,"2021, 12, 06, 14, 22, 42"
badcb91c-bad9-4d05-884c-3d6be8dddc4b,False,23,"2021, 12, 06, 14, 22, 42"
1a4c8180-3f35-4a5d-8fae-e936ec8adfdd,True,25,"2021, 12, 06, 14, 22, 42"
a280f37a-ce2d-4e6a-882b-50d28d6508e4,False,24,"2021, 12, 06, 14, 22, 42"
65b4433b-0fb7-42ff-923e-378a39a7490e,True,26,"2021, 12, 06, 14, 22, 42"
e82bfe1a-23e2-4610-881a-d8857a86ab1f,False,25,"2021, 12, 06, 14, 22, 42"
8e203460-26ec-4ab7-878e-d43bfb4cb593,True,27,"2021, 12, 06, 14, 22, 42"
70fdf6c2-44e2-4755-8f48-6ce31d1b31bf,False,26,"2021, 12, 06, 14, 22, 42"
05c9afca-1ef9-4133-b724-04d375725e38,True,28,"2021, 12, 06, 14, 22, 42"
c1a0cd90-1002-4422-b168-dcc2d5a35361,False,27,"2021, 12, 06, 14, 22, 42"
459db994-bbdc-4d2c-9023-7697cb31553e,True,29,"2021, 12, 06, 14, 22, 42"
5e1c341e-49a8-4da4-8c58-0631b6847a7b,False,28,"2021, 12, 06, 14, 22, 42"
8bdb6d8d-7076-4c92-83c8-3a2cc42d48a9,True,80,"2021, 12, 06, 14, 22, 42"
99baa7a9-f5ad-4d90-af8f-1861ffa8ee7c,False,29,"2021, 12, 06, 14, 22, 42"
9be773e0-d71a-4888-ad37-6304a4517061,True,81,"2021, 12, 06, 14, 22, 42"
6a8044ee-38a3-4527-94e6-b111ada08124,False,80,"2021, 12, 06, 14, 22, 42"
b6efe47c-a19b-4070-9d28-94149f4729aa,True,82,"2021, 12, 06, 14, 22, 42"
2df72c0c-4da0-46d8-b49c-aef116b7bd63,False,81,"2021, 12, 06, 14, 22, 42"
82a74c0b-204d-4a84-89be-00b2d436b951,True,83,"2021, 12, 06, 14, 22, 42"
8a4ff5da-c03b-4e8e-bc3a-9e448e20bc96,False,82,"2021, 12, 06, 14, 22, 42"
b2cd3489-a17a-49b9-b66a-e77ae3444658,True,84,"2021, 12, 06, 14, 22, 42"
e17f0bf2-7149-436a-a580-10024a466560,False,83,"2021, 12, 06, 14, 22, 42"
c50f44c7-2ca8-4957-a1c3-04679bf185dc,True,85,"2021, 12, 06, 14, 22, 42"
24fe8b5a-1af7-4d08-8017-f3772bbb4376,False,84,"2021, 12, 06, 14, 22, 42"
7f621f96-03da-4771-8b75-79597b1648f4,True,86,"2021, 12, 06, 14, 22, 42"
9155ba14-4b2e-4308-aab8-c201cf83ee14,False,85,"2021, 12, 06, 14, 22, 42"
f3d74d6f-1ed7-4e0b-8fc4-2d070a4e3834,True,87,"2021, 12, 06, 14, 22, 42"
0cbaf163-5831-4c2a-840f-cf727b82eeff,False,86,"2021, 12, 06, 14, 22, 42"
0c1e5c0d-a68c-4a16-b43a-a4e469507e92,True,88,"2021, 12, 06, 14, 22, 42"
8a2344e7-bcc8-4ae3-bdd2-7728995d5646,False,87,"2021, 12, 06, 14, 22, 42"
8d47f8cc-5187-4a65-93f4-8e4f3b8757a0,True,89,"2021, 12, 06, 14, 22, 42"
73c49121-4668-44e2-a6f5-d514b1c64740,False,88,"2021, 12, 06, 14, 22, 42"
a308bf7a-2b7d-4ef8-aae7-38e720ab8b2f,True,150,"2021, 12, 06, 14, 22, 42"
af9a7f89-591a-4da4-b037-d9e63cedd366,False,89,"2021, 12, 06, 14, 22, 42"
1fd180f1-caf3-4b94-a049-d0903177eedc,True,151,"2021, 12, 06, 14, 22, 42"
d387e238-a2e5-488b-baa1-8703c8e6d68b,False,150,"2021, 12, 06, 14, 22, 42"
5d7e83a6-1406-479d-8271-313e27575d7a,True,152,"2021, 12, 06, 14, 22, 42"
23682f6e-60a6-44f2-9aeb-4fc6af09db5a,False,151,"2021, 12, 06, 14, 22, 42"
6b82ece5-bfbe-4ea8-8629-290ea328b0f7,True,153,"2021, 12, 06, 14, 22, 42"
4ba93172-81b8-427b-8062-502bf11a6d52,False,152,"2021, 12, 06, 14, 22, 42"
beb7fbbc-9d31-43b3-8fde-59c484300aff,True,154,"2021, 12, 06, 14, 22, 42"
ee8791c7-82ee-4f23-b81b-0852257de981,False,153,"2021, 12, 06, 14, 22, 42"
4e7fddea-fab3-405a-b96a-0f897983af17,True,155,"2021, 12, 06, 14, 22, 42"
b1d4dfce-87ce-41df-b7d4-fb11e26d0ab6,False,154,"2021, 12, 06, 14, 22, 42"
a476c81a-ec2c-4080-8d56-24a665774613,True,156,"2021, 12, 06, 14, 22, 42"
25ccf86b-6d66-4ac6-957e-df9b7cf5c2b8,False,155,"2021, 12, 06, 14, 22, 42"
16ffd99c-9fd5-4815-add1-43361dc19665,True,157,"2021, 12, 06, 14, 22, 42"
f3e809e7-c66d-4c70-babd-068fc422abd1,False,156,"2021, 12, 06, 14, 22, 42"
6662bafe-f1b4-445d-b19f-81cca67310b6,True,158,"2021, 12, 06, 14, 22, 42"
628c8ca1-7f5d-4a4a-bea8-304262a361f5,False,157,"2021, 12, 06, 14, 22, 42"
172ba2c0-2412-46b7-bdfb-49e6073f04ed,True,159,"2021, 12, 06, 14, 22, 42"
83dc5aad-3b47-4c06-8ced-a938f0d42fbb,False,158,"2021, 12, 06, 14, 22, 42"
d4d8a18a-8c47-4d85-bc10-2f8f59c3302b,True,100,"2021, 12, 06, 14, 22, 43"
d36eaf72-05df-4590-bae9-f1e693d5f054,False,159,"2021, 12, 06, 14, 22, 43"
0a89d7fe-e8fb-41f0-b147-ea9dcab485c2,True,101,"2021, 12, 06, 14, 22, 43"
64c8592a-78a6-4273-891b-22177b1e582e,False,100,"2021, 12, 06, 14, 22, 43"
21d025a5-46e8-4d83-8f43-52ffd4bc3197,True,102,"2021, 12, 06, 14, 22, 43"
42122e8a-89d5-4df2-9c9e-e99472419c41,False,101,"2021, 12, 06, 14, 22, 43"
3b318bc3-105d-4dbd-89bd-40ade2496abc,True,103,"2021, 12, 06, 14, 22, 43"
da51a87b-40d1-42e1-b1f3-d51c5b3dc6de,False,102,"2021, 12, 06, 14, 22, 43"
764981f4-4f9e-459e-8826-f8b3552c5ede,True,104,"2021, 12, 06, 14, 22, 43"
ab4268c1-6b2e-47c1-8f05-54dcaf1846b2,False,103,"2021, 12, 06, 14, 22, 43"
f3834983-f245-4f02-a96f-95101900ba68,True,105,"2021, 12, 06, 14, 22, 43"
e6a13501-67ed-4861-bbcb-a0ff2e9f2e82,False,104,"2021, 12, 06, 14, 22, 43"
ecc16675-e403-4712-b090-cbadc31e9b79,True,106,"2021, 12, 06, 14, 22, 43"
4a9ae625-0d1e-43df-878e-d8d7ebc1b476,False,105,"2021, 12, 06, 14, 22, 43"
4bbd6d6f-bbd0-46ba-b9ad-cde0c4f29089,True,107,"2021, 12, 06, 14, 22, 43"
36d34d06-046f-4485-9856-90407edf9f74,False,106,"2021, 12, 06, 14, 22, 43"
0f29ec81-ea98-4767-81ae-68c86261ea5d,True,108,"2021, 12, 06, 14, 22, 43"
ac054b8b-83bd-4172-9770-5fd3c7cc32c4,False,107,"2021, 12, 06, 14, 22, 43"
2e79383a-c852-4821-b423-caa43ea1c17e,True,109,"2021, 12, 06, 14, 22, 43"
99778811-643b-487d-b9c1-8ad9ecec56c9,False,108,"2021, 12, 06, 14, 22, 43"
1a78b28c-41e1-4bbb-a3f6-fd5fe428ab70,True,140,"2021, 12, 06, 14, 22, 43"
db396385-ffce-4642-ad2e-a7bd8912461d,False,109,"2021, 12, 06, 14, 22, 43"
6548a378-c4f5-4ae0-b08a-b07e996e36f0,True,141,"2021, 12, 06, 14, 22, 43"
4cd9c5e0-eb69-4392-9bb6-41a9c4796f34,False,140,"2021, 12, 06, 14, 22, 43"
b5bb10bf-0268-4292-b1a6-facf830e280f,True,142,"2021, 12, 06, 14, 22, 43"
1e86d384-e6f1-4a66-9fc4-81a6c8408031,False,141,"2021, 12, 06, 14, 22, 43"
248c4398-62cb-43f4-a774-a8ce8d2bdb71,True,143,"2021, 12, 06, 14, 22, 43"
25e3fa0b-0897-4279-8e69-60816bff2809,False,142,"2021, 12, 06, 14, 22, 43"
f007c2d5-abf1-4982-89b3-9d550b51ad5c,True,144,"2021, 12, 06, 14, 22, 43"
7b9049cc-d4ff-43cf-8c90-b96aabc11527,False,143,"2021, 12, 06, 14, 22, 43"
31740b5c-6fa7-476f-9bea-622961bc93d5,True,145,"2021, 12, 06, 14, 22, 43"
5a8559a5-3774-46c4-8695-ca17591f633b,False,144,"2021, 12, 06, 14, 22, 43"
910b7929-cbb9-4a6b-ae8a-b191bcf8536b,True,146,"2021, 12, 06, 14, 22, 43"
f53ba1f3-cb4c-46d9-a2fc-0401bc45a783,False,145,"2021, 12, 06, 14, 22, 43"
9782a5a5-5a22-4b50-bead-eb97fae083a8,True,147,"2021, 12, 06, 14, 22, 43"
b75f99f9-11b0-4051-ae4f-6b64a706aad2,False,146,"2021, 12, 06, 14, 22, 43"
f0a4c9c0-dbf9-40a8-959e-0e78aca800c1,True,148,"2021, 12, 06, 14, 22, 43"
7c8d5ebc-e19c-440d-9e3b-617f555405fe,False,147,"2021, 12, 06, 14, 22, 43"
70bcd663-0c24-4b19-a3a5-ad2539de90f4,True,149,"2021, 12, 06, 14, 22, 43"
416a81a0-d882-478e-9806-c559cef8454b,False,148,"2021, 12, 06, 14, 22, 43"
78e8c729-736c-4d3a-9e0c-3f70e05af70f,True,220,"2021, 12, 06, 14, 22, 43"
2993c2c7-4116-4bc0-a733-e53b8b5f5632,False,149,"2021, 12, 06, 14, 22, 43"
4b51c12a-7e2e-4f26-ad7a-c2d76431d692,True,221,"2021, 12, 06, 14, 22, 43"
fa20fc97-f070-4fc2-b7c1-693ca52119dc,False,220,"2021, 12, 06, 14, 22, 43"
eea0a2cf-9721-4db7-985c-a3693572014f,True,222,"2021, 12, 06, 14, 22, 43"
06030923-f3fa-488f-8a92-50431715a495,False,221,"2021, 12, 06, 14, 22, 43"
4ab756db-3524-4fc4-843d-d36b0d030219,True,223,"2021, 12, 06, 14, 22, 43"
2258cdad-ae55-4ec0-a851-80a964c07780,False,222,"2021, 12, 06, 14, 22, 43"
41c72d77-5fa6-4990-af9e-5cf6e5c5970b,True,224,"2021, 12, 06, 14, 22, 43"
b0fa77ee-4eca-454d-8d7c-69be1c52f625,False,223,"2021, 12, 06, 14, 22, 43"
d1cc7390-33e7-48b1-98bd-015ecc95344f,True,225,"2021, 12, 06, 14, 22, 43"
64bf06b5-41ef-45f0-8b3b-11217ccfa8cf,False,224,"2021, 12, 06, 14, 22, 43"
898154c5-a1ed-42f7-89b7-98a844dd0eec,True,226,"2021, 12, 06, 14, 22, 43"
d97ee27f-abc8-4938-8186-54c038e59188,False,225,"2021, 12, 06, 14, 22, 43"
b871cc48-bd69-4d9d-9d14-698c406be266,True,227,"2021, 12, 06, 14, 22, 43"
1a0c52e9-35ed-4e57-9294-d4dd609dc38c,False,226,"2021, 12, 06, 14, 22, 43"
5a60a696-1475-477d-909b-b9117a8b8b36,True,228,"2021, 12, 06, 14, 22, 43"
b64a60cb-b8af-4f8e-ac8d-134cfd34bc38,False,227,"2021, 12, 06, 14, 22, 43"
1ef74e09-d65d-45c2-a29f-bcd6e0980e6b,True,229,"2021, 12, 06, 14, 22, 43"
efcb3be2-9aee-4fb8-aa88-d993341e351a,False,228,"2021, 12, 06, 14, 22, 43"
31b141c7-42dd-4f98-a637-ffb4ee1e534f,True,70,"2021, 12, 06, 14, 22, 43"
5646fc3c-a7a0-4541-884e-1ec9d5196882,False,229,"2021, 12, 06, 14, 22, 43"
6738ce9f-6fad-451e-8708-512ab015d06e,True,71,"2021, 12, 06, 14, 22, 43"
f0b70674-dff7-4981-8343-dfb8c169700c,False,70,"2021, 12, 06, 14, 22, 43"
dea7d2f1-7c7e-46cb-8b43-cc57f10e29e2,True,72,"2021, 12, 06, 14, 22, 43"
42e5d2b2-7155-4793-b700-86ebc6057561,False,71,"2021, 12, 06, 14, 22, 43"
85fed68d-7d95-4a54-b1ac-ec5fd5d644de,True,73,"2021, 12, 06, 14, 22, 43"
46455ea8-9d6e-4488-aeb6-69e112cde48b,False,72,"2021, 12, 06, 14, 22, 43"
ffbab433-48ba-43ea-970d-58716c6dcb10,True,74,"2021, 12, 06, 14, 22, 43"
6b660405-b54a-40af-aa7b-3de5c993125e,False,73,"2021, 12, 06, 14, 22, 43"
5769691b-b4ac-4633-bd76-071b6d794038,True,75,"2021, 12, 06, 14, 22, 43"
3a194cf9-28e8-48e7-ae65-7f76315e8c58,False,74,"2021, 12, 06, 14, 22, 43"
5daf2972-abc0-4873-a52b-1ffe8b7dc715,True,76,"2021, 12, 06, 14, 22, 43"
bc998948-3790-4e4a-a7d7-fe3d9fb1b6bd,False,75,"2021, 12, 06, 14, 22, 43"
0e2cb637-1224-44a0-bb65-ce0041d93493,True,77,"2021, 12, 06, 14, 22, 43"
f110004b-05af-4716-80df-67f2f1eee8f6,False,76,"2021, 12, 06, 14, 22, 43"
a392709b-7bda-40b7-916e-76924b0d343a,True,78,"2021, 12, 06, 14, 22, 43"
2df16584-9214-44fc-8bb3-b41bbed355cf,False,77,"2021, 12, 06, 14, 22, 43"
ab6f989f-50da-415d-9bf4-b8518ad0689c,True,79,"2021, 12, 06, 14, 22, 43"
883b99f9-bf62-45b0-8ef3-9bee56cb3c7b,False,78,"2021, 12, 06, 14, 22, 43"
e075b17b-5f9f-49bd-b3ff-22242b9b2bf1,True,230,"2021, 12, 06, 14, 22, 43"
7f73c345-4c1d-4ab6-a096-486291830180,False,79,"2021, 12, 06, 14, 22, 43"
d9c456d5-2a3b-46f0-b317-217b1c46e9fb,True,231,"2021, 12, 06, 14, 22, 43"
40ca5373-5fb4-46b3-ad94-f35762a0b057,False,230,"2021, 12, 06, 14, 22, 43"
9500ee6b-39c4-4f37-8108-b23c44c42192,True,232,"2021, 12, 06, 14, 22, 43"
8779d88e-12b6-4332-b0de-967ec6ac6bd2,False,231,"2021, 12, 06, 14, 22, 43"
02108559-d65b-4112-bdc7-8c4432ce94ed,True,233,"2021, 12, 06, 14, 22, 43"
c3dedf14-d437-40fb-8282-6d23cdbb1d8a,False,232,"2021, 12, 06, 14, 22, 43"
cc5f5dc5-e312-4f2a-8aac-a45661795ecb,True,234,"2021, 12, 06, 14, 22, 43"
3faf2705-f8ef-40d4-85ee-563d5b7f0a90,False,233,"2021, 12, 06, 14, 22, 43"
38c6deae-d6d3-49fb-b5c3-5e76816a5cc2,True,235,"2021, 12, 06, 14, 22, 43"
851cbc8b-042d-4242-9a4c-a6a5108ef1d4,False,234,"2021, 12, 06, 14, 22, 43"
e2217002-b8e4-4c2e-987b-c55ab5899238,True,236,"2021, 12, 06, 14, 22, 43"
e0f77967-0051-48cd-b91d-7dd66243f2ef,False,235,"2021, 12, 06, 14, 22, 43"
7b858877-99be-486b-8210-465857e5abbe,True,237,"2021, 12, 06, 14, 22, 43"
182695c1-4714-4a0c-beaf-9b455ab9bd60,False,236,"2021, 12, 06, 14, 22, 43"
0885c75e-a363-480c-be1d-06208716db50,True,238,"2021, 12, 06, 14, 22, 43"
46124bcb-6221-4e76-9436-6a6757911897,False,237,"2021, 12, 06, 14, 22, 43"
cf705f5a-8430-4691-98f4-6e5c720740c1,True,239,"2021, 12, 06, 14, 22, 43"
a5d3035a-b436-4cc7-9ccd-4bf80e892163,False,238,"2021, 12, 06, 14, 22, 43"
68e2e34f-b049-4ffb-ac96-99225262b9c1,True,30,"2021, 12, 06, 14, 22, 43"
5cd78c55-f7f5-405c-8ccd-14e5d591f24b,False,239,"2021, 12, 06, 14, 22, 43"
cfee66a1-ed44-4225-9909-d6c9006adf30,True,31,"2021, 12, 06, 14, 22, 43"
654df6c0-5a73-4cd8-b0e6-3268ce5bc509,False,30,"2021, 12, 06, 14, 22, 43"
9877667e-ac36-4b8f-bab2-5daf508f1642,True,32,"2021, 12, 06, 14, 22, 43"
3dcae4ee-6a72-424c-b3ab-fb0dc84edc3d,False,31,"2021, 12, 06, 14, 22, 43"
958541c2-d4d1-435c-a085-fad63c754677,True,33,"2021, 12, 06, 14, 22, 43"
6720fbcc-beef-40c0-b867-07b44c94e28d,False,32,"2021, 12, 06, 14, 22, 43"
eb028968-7036-4e76-8f30-7c843c09b9a2,True,34,"2021, 12, 06, 14, 22, 43"
854941ec-a576-4c14-91dd-f08758818b84,False,33,"2021, 12, 06, 14, 22, 43"
678e47ea-09ca-486d-91aa-302533023991,True,35,"2021, 12, 06, 14, 22, 43"
6045a9e1-83b3-4440-afd9-b75bf2488514,False,34,"2021, 12, 06, 14, 22, 43"
f81de825-b9a6-4444-85b4-f0fc59859eab,True,36,"2021, 12, 06, 14, 22, 43"
64062f7a-7010-4138-a1bc-0d6689774e27,False,35,"2021, 12, 06, 14, 22, 43"
1353c0e7-d062-412a-a0f9-088c366521ea,True,37,"2021, 12, 06, 14, 22, 43"
be80de3e-6b7a-466d-b080-ab451c2c860c,False,36,"2021, 12, 06, 14, 22, 43"
e154e4a3-dc6a-45b1-8c65-19151c7c0ccb,True,38,"2021, 12, 06, 14, 22, 43"
dbb7e1eb-8576-4097-b6af-fb02b938ed35,False,37,"2021, 12, 06, 14, 22, 43"
7bf5e655-2a08-4ac6-a8db-b4ad351eeb37,True,39,"2021, 12, 06, 14, 22, 43"
7230037e-3cc1-4a77-ae68-33d27f7939d1,False,38,"2021, 12, 06, 14, 22, 43"
e4c0a8a4-9ffb-4106-a7d1-080c08e11b3e,True,170,"2021, 12, 06, 14, 22, 43"
6d527210-04b7-447b-8715-52319c7615d6,False,39,"2021, 12, 06, 14, 22, 43"
8abce4cc-d02d-401c-a918-c3b68e9245f1,True,171,"2021, 12, 06, 14, 22, 43"
62d89ad3-6b47-4f08-9a25-adc86a3510c6,False,170,"2021, 12, 06, 14, 22, 43"
6264121b-9e03-4902-8ac7-748d8963230a,True,172,"2021, 12, 06, 14, 22, 43"
594686fd-78ec-48a1-a853-b01d9d2a8b29,False,171,"2021, 12, 06, 14, 22, 43"
7a7bbd4b-41f9-4e2f-b8ba-fc86349d5a6a,True,173,"2021, 12, 06, 14, 22, 43"
e9a870f5-720c-421b-8191-c8638fba3157,False,172,"2021, 12, 06, 14, 22, 43"
a42d68c6-b663-40ba-b9be-c62035f581d8,True,174,"2021, 12, 06, 14, 22, 43"
4886f700-b220-4d03-974f-600eee9bdece,False,173,"2021, 12, 06, 14, 22, 43"
4efae1a3-2473-4be3-ba39-7756fd70d782,True,175,"2021, 12, 06, 14, 22, 43"
0fbdb58d-d890-4e67-ba22-fe647b7cfc39,False,174,"2021, 12, 06, 14, 22, 43"
7c8f9c00-d307-40c1-928b-75738eed7cbe,True,176,"2021, 12, 06, 14, 22, 43"
37c5bff4-4db5-40e9-8abe-6161702fe296,False,175,"2021, 12, 06, 14, 22, 43"
23bf61c4-11be-43d3-9c09-9f3e4145b180,True,177,"2021, 12, 06, 14, 22, 43"
ad289616-50be-4950-9b97-b7b7c534ba69,False,176,"2021, 12, 06, 14, 22, 43"
5856e46f-f15e-474b-b7c7-a7dfa8158107,True,178,"2021, 12, 06, 14, 22, 43"
7c9e5b12-7aad-44e1-9a09-557b9cc9b7f9,False,177,"2021, 12, 06, 14, 22, 43"
8516b3fb-b081-40d2-b9f1-f5955eecf54a,True,179,"2021, 12, 06, 14, 22, 43"
a941400d-dc21-4d38-8529-34cc9b0e4f81,False,178,"2021, 12, 06, 14, 22, 43"
5e3ec661-666e-422e-99f4-296dbdb2a4c8,True,210,"2021, 12, 06, 14, 22, 43"
2b047066-6072-4fbd-9a6e-86de069f7bb9,False,179,"2021, 12, 06, 14, 22, 43"
123e90d7-01a4-463f-8d19-52e24eca6a10,True,211,"2021, 12, 06, 14, 22, 43"
0a0ef903-6fd1-44d7-bde8-1876a13c5fdc,False,210,"2021, 12, 06, 14, 22, 43"
a6759ef3-9593-440b-83f8-f137bbec723e,True,212,"2021, 12, 06, 14, 22, 43"
8b9f726e-f915-46cb-bf2f-9be4010a7ab9,False,211,"2021, 12, 06, 14, 22, 43"
d338a329-f93f-4e4f-a2a6-5fe4a866adb9,True,213,"2021, 12, 06, 14, 22, 43"
cf2f2296-ee5a-4bf2-acbe-6f587ed2a6e2,False,212,"2021, 12, 06, 14, 22, 43"
4aa205a9-162d-4dcf-ae45-d4655aa5e2dc,True,214,"2021, 12, 06, 14, 22, 43"
e8e2a50c-fcb4-4aaf-832d-bc56f7848eda,False,213,"2021, 12, 06, 14, 22, 43"
f52ac1fa-4799-4428-9a61-0e8b71b93388,True,215,"2021, 12, 06, 14, 22, 43"
f88bd819-75e5-4eca-b0ac-17de68735b39,False,214,"2021, 12, 06, 14, 22, 43"
b4d04387-914b-4f72-af73-062c864e100d,True,216,"2021, 12, 06, 14, 22, 43"
2cc1dfbf-56fe-4348-82e6-c87fba9ad553,False,215,"2021, 12, 06, 14, 22, 43"
dbd2545a-feb9-43d6-86a8-61e8d0a9c36f,True,217,"2021, 12, 06, 14, 22, 43"
151047ae-28b9-4516-a00d-4b6102611655,False,216,"2021, 12, 06, 14, 22, 43"
075dcc12-07bf-4ab2-a6c6-1370131c40a8,True,218,"2021, 12, 06, 14, 22, 43"
1987ccba-96a7-47dd-bb47-b76df9a0c59d,False,217,"2021, 12, 06, 14, 22, 43"
6609ecfb-5295-4c57-a931-71310733ef66,True,219,"2021, 12, 06, 14, 22, 43"
a7c33126-64bd-478b-818f-96fce31a4f3e,False,218,"2021, 12, 06, 14, 22, 43"
80d59735-da26-45e6-9801-aee40c572661,True,246,"2021, 12, 06, 14, 22, 43"
b4e9b4a0-13d3-4b8c-93aa-7060efff3683,False,219,"2021, 12, 06, 14, 22, 43"
f6a45a8b-dac0-42a4-a9fd-b03c164e09c1,True,247,"2021, 12, 06, 14, 22, 43"
a2a38519-7962-4da0-a79e-d55632fbfde2,False,246,"2021, 12, 06, 14, 22, 43"
b7eda7cb-0342-4046-844b-46c24b2dfb96,True,248,"2021, 12, 06, 14, 22, 43"
468380b1-9f28-4b17-af1e-d77245f96c6f,False,247,"2021, 12, 06, 14, 22, 43"
81c81079-a5aa-47e3-a3f8-084db1df52e9,True,249,"2021, 12, 06, 14, 22, 43"
668705fa-21d1-4b78-a919-8be9cead4adb,False,248,"2021, 12, 06, 14, 22, 43"
b47bbac9-121f-4449-ae3e-11485b55ba48,True,250,"2021, 12, 06, 14, 22, 43"
9382eaa3-4d1c-4c13-b7b9-5eec1b73e3a3,False,249,"2021, 12, 06, 14, 22, 43"
a825b24f-1120-4555-a6ca-9de60d97fbfa,True,251,"2021, 12, 06, 14, 22, 43"
a7eb8802-aa70-4331-beb8-5ad336e34b98,False,250,"2021, 12, 06, 14, 22, 43"
ae1d3149-6faf-4f37-aa59-cbc85cb7e6ec,True,0,"2021, 12, 06, 14, 22, 43"
e48f89e3-af7e-4a3e-b888-401367b0d0e6,False,251,"2021, 12, 06, 14, 22, 43"
351d275d-2133-4ccf-999c-0c4b67f81328,True,1,"2021, 12, 06, 14, 22, 49"
303fa7d8-af58-4bab-b9a4-12388362d1a1,False,0,"2021, 12, 06, 14, 22, 55"
96295466-3c4a-4b7a-b842-4c3987909055,True,2,"2021, 12, 06, 14, 22, 55"
b7ecfccd-1ffd-4e1e-aefa-22f9ff1e5327,False,1,"2021, 12, 06, 14, 23, 02"
61784e96-1d92-4f80-8fe6-80e6f6c28169,True,3,"2021, 12, 06, 14, 23, 02"
50ecdbef-d67b-46f2-a890-2c15a60146c6,False,2,"2021, 12, 06, 14, 23, 07"
e8183f74-fd7d-4c11-bc4e-4ce972a75cc6,True,4,"2021, 12, 06, 14, 23, 07"
8411e30e-4688-496a-a020-e1e659f03dfa,False,3,"2021, 12, 06, 14, 23, 15"
159816f9-f912-4c7d-9dc1-a748f7b44973,True,5,"2021, 12, 06, 14, 23, 15"
edfed1e3-4aa1-4d52-8222-372536323f98,True,6,"2021, 12, 06, 14, 23, 15"
f10cfc22-a7ba-4a98-a0a2-ba2fd3a7eee7,False,5,"2021, 12, 06, 14, 23, 15"
c99b0e7b-9090-4dbd-af9a-2df08968ce58,True,7,"2021, 12, 06, 14, 23, 15"
2315c9df-c6bb-4f21-b319-3c64cdaaaf4b,False,6,"2021, 12, 06, 14, 23, 15"
617400fa-e20f-46e7-a2ee-6655a425ec3c,True,8,"2021, 12, 06, 14, 23, 15"
cd4e9ef5-f611-4d39-91a4-8f6a0b40dfc9,False,7,"2021, 12, 06, 14, 23, 15"
af627e33-5ec8-48dd-ad9f-42c4fdca10c1,True,9,"2021, 12, 06, 14, 23, 15"
65470d43-6745-4123-9f08-47b18664f258,False,8,"2021, 12, 06, 14, 23, 15"
b7c11685-0078-4e06-9267-a628141cbb2c,True,160,"2021, 12, 06, 14, 23, 15"
2b3be8ef-5074-4ac7-8a49-f6fa2eb67854,False,9,"2021, 12, 06, 14, 23, 15"
0293b010-776a-4e0d-9a20-996c13c4ef28,True,161,"2021, 12, 06, 14, 23, 15"
ef6b8afc-c2e6-4a2a-9a05-82ad5e49ff63,False,160,"2021, 12, 06, 14, 23, 15"
bcfcdcf3-ae9e-4ecc-aa6f-b40b5a58e5cf,True,162,"2021, 12, 06, 14, 23, 15"
7f4b5781-fbb4-4d5e-94b4-ae97f9e6e65f,False,161,"2021, 12, 06, 14, 23, 15"
f39e8d08-6d72-4259-b830-03a21c13e525,True,163,"2021, 12, 06, 14, 23, 15"
21f32da6-0ea0-4add-a6db-1ae0e0ef812b,False,162,"2021, 12, 06, 14, 23, 15"
87f880d4-b15b-4728-9443-ff80d0af86ff,True,164,"2021, 12, 06, 14, 23, 15"
07aae846-ae4b-4609-ad7b-351204fa3cbd,False,163,"2021, 12, 06, 14, 23, 15"
e1066e14-9ef8-4869-83c5-72000f063ac9,True,165,"2021, 12, 06, 14, 23, 15"
97b9a8e0-54dd-4a6e-b23f-7d7cb98c9540,False,164,"2021, 12, 06, 14, 23, 15"
bed80259-8d6f-4ecc-9ee1-2a8d75951eec,True,166,"2021, 12, 06, 14, 23, 15"
d16b6858-0a99-4f1d-a30c-1a611df422ff,False,165,"2021, 12, 06, 14, 23, 15"
d985d7ff-2234-4ff3-a2bd-9ecfdc386511,True,167,"2021, 12, 06, 14, 23, 15"
09f8871b-39af-4abe-af31-ffbaeb7c0e6f,False,166,"2021, 12, 06, 14, 23, 15"
33b3245d-30ac-4b03-92b2-543fad76ffa5,True,168,"2021, 12, 06, 14, 23, 15"
6714aa02-5285-4d7d-be33-f64557544265,False,167,"2021, 12, 06, 14, 23, 15"
3b9ff69c-57ed-4044-9dd0-88eabd120a90,True,169,"2021, 12, 06, 14, 23, 15"
467d4b9b-588b-4a47-93ab-2345d2c30479,False,168,"2021, 12, 06, 14, 23, 15"
4c3116a1-df6a-4d3a-abd3-150dc8d69db2,True,40,"2021, 12, 06, 14, 23, 15"
af9c9847-cc77-4fbe-a590-cfdaed847673,False,169,"2021, 12, 06, 14, 23, 15"
ccf18490-d0a4-47e8-968c-fd210455ee0b,True,41,"2021, 12, 06, 14, 23, 15"
56f1bc85-aadb-45f1-a7d1-c02bc033caeb,False,40,"2021, 12, 06, 14, 23, 15"
c5f70e6f-bbbb-4cfd-9d11-c7bd82c90777,True,42,"2021, 12, 06, 14, 23, 15"
a62e1fb6-b730-483c-bb55-bea9c4b62ba1,False,41,"2021, 12, 06, 14, 23, 15"
65d23119-066f-4633-98bc-9c0923290292,True,43,"2021, 12, 06, 14, 23, 15"
83da531f-f9e5-436d-91cb-11d790e37dbd,False,42,"2021, 12, 06, 14, 23, 15"
2278becc-1aaf-44e0-9983-7b5475970acf,True,44,"2021, 12, 06, 14, 23, 15"
574578d2-f2b4-4747-954c-9d1f7461e09d,False,43,"2021, 12, 06, 14, 23, 15"
eaefc1df-37a9-4860-88d8-9ef49a907964,True,45,"2021, 12, 06, 14, 23, 15"
57638f0e-f565-4b78-a343-29aecda4b263,False,44,"2021, 12, 06, 14, 23, 15"
7e94eb74-8e94-4727-93bf-0308ebfaf91e,True,46,"2021, 12, 06, 14, 23, 15"
1ca77251-c100-4a3b-816d-3780c9bfa501,False,45,"2021, 12, 06, 14, 23, 15"
65dd7c36-958a-41a0-a027-1889d8ecc14c,True,47,"2021, 12, 06, 14, 23, 15"
4f2c3bb4-3a79-4919-823b-b227a55d9839,False,46,"2021, 12, 06, 14, 23, 15"
23823178-01e6-44cb-9dd9-818b9cfaba88,True,48,"2021, 12, 06, 14, 23, 15"
a6a7a7b1-7c3b-4762-b7b2-fec9187e0204,False,47,"2021, 12, 06, 14, 23, 15"
eb1ddea1-58c7-4c52-a1e2-64ccef230eac,True,49,"2021, 12, 06, 14, 23, 15"
7f66edaf-7370-4d05-bb90-0f5124349163,False,48,"2021, 12, 06, 14, 23, 15"
22dd690a-68e4-4dce-815d-9f652751b352,True,240,"2021, 12, 06, 14, 23, 15"
80c9c555-f2ad-46fc-a5d5-b7bcd748f967,False,49,"2021, 12, 06, 14, 23, 15"
89c58ff6-1d02-400d-808f-9a16746f4b3e,True,241,"2021, 12, 06, 14, 23, 15"
97c01475-22c8-4269-b71a-9655994999a6,False,240,"2021, 12, 06, 14, 23, 15"
da9a68f0-9ff0-4a5e-8e9e-0a3a7bae035b,True,242,"2021, 12, 06, 14, 23, 15"
e4d464b4-be47-4856-b8c5-b17c8ce9c24e,False,241,"2021, 12, 06, 14, 23, 15"
fc2ecbe6-d2ab-49fb-98fb-0d79a0d82ebe,True,243,"2021, 12, 06, 14, 23, 15"
f89ba578-2581-4c27-b6cb-8c977a554c95,False,242,"2021, 12, 06, 14, 23, 15"
6eb2b77a-f0ec-43df-b43b-8d6104200566,True,244,"2021, 12, 06, 14, 23, 15"
fbb10b2d-43cd-4b6d-965f-510aef0c167b,False,243,"2021, 12, 06, 14, 23, 15"
3f4150e9-0c55-4fc5-9609-c6466a5bf77e,True,245,"2021, 12, 06, 14, 23, 15"
1fbc00eb-6e91-41b4-918a-fe5b4ec64902,False,244,"2021, 12, 06, 14, 23, 15"
ef1aad41-2886-43c1-b881-f5795f0eaf97,True,110,"2021, 12, 06, 14, 23, 15"
855c5ab9-a5ed-415b-a8e2-4579e54439bc,False,245,"2021, 12, 06, 14, 23, 15"
6713d4e9-7baa-4073-8f58-4afb7c4aa81a,True,111,"2021, 12, 06, 14, 23, 15"
a66fa513-7ac6-44b6-9d44-1d929daca1c4,False,110,"2021, 12, 06, 14, 23, 15"
469c4128-6979-44d0-a8c1-805a685cd395,True,112,"2021, 12, 06, 14, 23, 15"
841517a8-8760-4d29-a539-43e513daf51e,False,111,"2021, 12, 06, 14, 23, 15"
694c2014-514a-48d2-9bfb-d2913c1032df,True,113,"2021, 12, 06, 14, 23, 15"
287078c6-eada-4121-8c09-e1b7faae4962,False,112,"2021, 12, 06, 14, 23, 15"
8afefd68-1cda-4d2b-8b2a-c4f203799544,True,114,"2021, 12, 06, 14, 23, 15"
ba282d3e-5f1e-4e4d-a5da-4d2f0a90177f,False,113,"2021, 12, 06, 14, 23, 15"
b8cd95c0-7a37-4f06-8383-aa6ed0320dda,True,115,"2021, 12, 06, 14, 23, 15"
e38fd02f-6654-4db1-a770-abb1f194d14c,False,114,"2021, 12, 06, 14, 23, 15"
5cc6f068-f697-4eda-9d43-c9288b328b9f,True,116,"2021, 12, 06, 14, 23, 15"
1fc75590-32c5-4c2b-bdac-087e1af7cafa,False,115,"2021, 12, 06, 14, 23, 15"
a7767c3c-808c-424c-80ea-326a502b3822,True,117,"2021, 12, 06, 14, 23, 15"
ef36ff81-5df2-44ae-87c9-74f59bc456cf,False,116,"2021, 12, 06, 14, 23, 15"
9cee76d6-ff9e-48d1-ae6c-10af86e9c2c2,True,118,"2021, 12, 06, 14, 23, 15"
d7720076-4eec-4c12-a2b9-858e6561ef22,False,117,"2021, 12, 06, 14, 23, 15"
8f614975-e0ed-4f8d-b04a-24df7b3ca6c5,True,119,"2021, 12, 06, 14, 23, 15"
2df484e6-ee57-41ed-b0ff-70e1a68db666,False,118,"2021, 12, 06, 14, 23, 15"
f7343f35-365f-4128-b6f5-ea86739bf85b,True,200,"2021, 12, 06, 14, 23, 15"
26ba03ca-184d-43a2-928e-1a04cf9086d8,False,119,"2021, 12, 06, 14, 23, 15"
c0d2ea47-d188-491c-9e98-f61fdac5c185,True,201,"2021, 12, 06, 14, 23, 15"
509bd2c1-554e-4f42-bc64-023a0ee6e779,False,200,"2021, 12, 06, 14, 23, 15"
fda6ab85-e10e-479e-aa90-2e9db50ddbf2,True,202,"2021, 12, 06, 14, 23, 15"
7964c977-325e-4ec9-a746-58f9e1224681,False,201,"2021, 12, 06, 14, 23, 15"
95495ec8-d9c9-4e97-9d63-86609c0535e6,True,203,"2021, 12, 06, 14, 23, 15"
ca00f1cb-4860-4c33-afce-8a559b4c889d,False,202,"2021, 12, 06, 14, 23, 15"
50e74a40-a31b-4811-9527-d17416dfe117,True,204,"2021, 12, 06, 14, 23, 15"
5d95670f-3593-4763-8e4a-67a0f2ce3156,False,203,"2021, 12, 06, 14, 23, 15"
9c57371b-04f5-4df0-be15-3529da26e410,True,205,"2021, 12, 06, 14, 23, 15"
cc33308f-2c94-4fb3-b28b-42cfd0658237,False,204,"2021, 12, 06, 14, 23, 15"
8f94c5a6-5fa4-42f7-8f0e-3b9d2f3ef5c1,True,206,"2021, 12, 06, 14, 23, 15"
38a1fea9-0211-4d0f-a9aa-2541095c95c0,False,205,"2021, 12, 06, 14, 23, 15"
7c360564-1864-4afb-8bbd-99a33902d172,True,207,"2021, 12, 06, 14, 23, 15"
cf45bbd3-7dac-4c30-bc65-de21648be7ee,False,206,"2021, 12, 06, 14, 23, 15"
eb4fd185-1080-4b64-8176-84fcb72df2a1,True,208,"2021, 12, 06, 14, 23, 15"
790f19d7-fd08-4e48-96ce-e0f50978c2d2,False,207,"2021, 12, 06, 14, 23, 15"
39ec34af-6fbc-4488-8828-629fa310a4e1,True,209,"2021, 12, 06, 14, 23, 15"
06ea8610-b34c-4804-934d-4795988768bb,False,208,"2021, 12, 06, 14, 23, 15"
7955c35e-0aa9-465f-86f1-0436ab82ab5d,True,190,"2021, 12, 06, 14, 23, 15"
8e5c9a11-4224-40a7-9b69-7ffe98843455,False,209,"2021, 12, 06, 14, 23, 15"
abc619d7-faf4-4f9c-a04a-1d833cea8b80,True,191,"2021, 12, 06, 14, 23, 15"
106fb70a-aa34-4f09-93d9-7831a3b13129,False,190,"2021, 12, 06, 14, 23, 15"
f3bdbefd-a1ef-43b1-be70-086a89620041,True,192,"2021, 12, 06, 14, 23, 15"
feb4e090-7ffb-4a3e-98e8-cc50f1ad811f,False,191,"2021, 12, 06, 14, 23, 15"
cc4e7b7c-5573-45db-8e19-744e4c350be2,True,193,"2021, 12, 06, 14, 23, 15"
94ef5fd6-ac6d-4b8c-b118-562fb91ab39b,False,192,"2021, 12, 06, 14, 23, 15"
56fcc956-a3f2-4c53-8e72-fedeb90fb009,True,194,"2021, 12, 06, 14, 23, 15"
f9369c64-3074-4534-b256-192c9d96d141,False,193,"2021, 12, 06, 14, 23, 15"
abceaff4-e846-45e7-98b8-cc6ba3346107,True,195,"2021, 12, 06, 14, 23, 15"
2bb42c09-4e10-47fd-a4e6-a21142fd2647,False,194,"2021, 12, 06, 14, 23, 15"
0ab46c89-718e-413d-a95b-686dca4f7656,True,196,"2021, 12, 06, 14, 23, 15"
61d8933c-1cd1-4da7-b844-15d7334692c8,False,195,"2021, 12, 06, 14, 23, 15"
9530ee11-5564-4784-9192-5a4fb0db9505,True,197,"2021, 12, 06, 14, 23, 15"
1733a987-9813-4ffa-8a0a-1388b6418046,False,196,"2021, 12, 06, 14, 23, 15"
41543b65-f1dd-404b-8cc7-05d8208f2f7c,True,198,"2021, 12, 06, 14, 23, 15"
ae1ce296-f3e9-4c6b-bae3-3ad14f78ab88,False,197,"2021, 12, 06, 14, 23, 15"
af0fbb60-6fc5-4acd-b1b9-8a7b88ff6bd9,True,199,"2021, 12, 06, 14, 23, 15"
ee98978e-f422-40a5-8291-26e507ec0478,False,198,"2021, 12, 06, 14, 23, 15"
c930c71d-9d1c-44f5-b292-982484d148d3,True,60,"2021, 12, 06, 14, 23, 15"
4374611d-0d22-49b2-849a-a5fcf9a27957,False,199,"2021, 12, 06, 14, 23, 15"
d8421405-a6b0-4917-a000-4b97300e177b,True,61,"2021, 12, 06, 14, 23, 15"
59b882e4-7eec-4d01-a705-d88485ae287d,False,60,"2021, 12, 06, 14, 23, 15"
44e7d4fb-b195-4163-ac4f-649c5f1c8343,True,62,"2021, 12, 06, 14, 23, 16"
5a0addf9-16a6-4ef0-b372-f3e83886fffa,False,61,"2021, 12, 06, 14, 23, 16"
38f54545-e54f-4312-9756-57a25bc29bde,True,63,"2021, 12, 06, 14, 23, 16"
98295638-ed1c-4ac0-ba1e-e002704bc7ab,False,62,"2021, 12, 06, 14, 23, 16"
cea708a1-52ac-4656-9020-9429866bc301,True,64,"2021, 12, 06, 14, 23, 16"
00ce8c7f-8480-4a34-8753-d23f95242229,False,63,"2021, 12, 06, 14, 23, 16"
4678402a-24c2-4017-b33e-ff4dfb51271a,True,65,"2021, 12, 06, 14, 23, 16"
aef370ff-9881-4f14-89f2-46b3524cef80,False,64,"2021, 12, 06, 14, 23, 16"
a2825cf1-62d0-4035-aef5-3ab1e6911ce5,True,66,"2021, 12, 06, 14, 23, 16"
6e371f81-e978-4622-98da-07b0f248dbbf,False,65,"2021, 12, 06, 14, 23, 16"
fe583323-73c1-4109-b619-989a425d6d62,True,67,"2021, 12, 06, 14, 23, 16"
8674a52d-a8af-415b-ad74-0738c9193ff6,False,66,"2021, 12, 06, 14, 23, 16"
9dd2bcd2-7dc9-4605-88ee-392825887238,True,68,"2021, 12, 06, 14, 23, 16"
5a9f7884-af12-4288-b9b8-8300ac3cf9cb,False,67,"2021, 12, 06, 14, 23, 16"
1e395e34-d76e-4ef8-b4f7-4872a82a1d8b,True,69,"2021, 12, 06, 14, 23, 16"
c121dc46-9882-4516-9e2f-c2698c2f21cc,False,68,"2021, 12, 06, 14, 23, 16"
80853680-8229-4503-bedd-c333660607f3,True,120,"2021, 12, 06, 14, 23, 16"
ed64c8e6-5196-4da5-a37f-2ae1a669c48e,False,69,"2021, 12, 06, 14, 23, 16"
09799f3e-a5a1-4dc8-9f74-fb7051a98b8d,True,121,"2021, 12, 06, 14, 23, 16"
7322b61d-4403-4b89-9eab-08183545c12b,False,120,"2021, 12, 06, 14, 23, 16"
22ed5aee-2c09-4ce0-9c33-1044ddde5a45,True,122,"2021, 12, 06, 14, 23, 16"
01c4ae8f-6eec-48f4-af8a-c12d988816fa,False,121,"2021, 12, 06, 14, 23, 16"
ab67c5f0-7165-4bc6-ab96-f9b832d08fd3,True,123,"2021, 12, 06, 14, 23, 16"
6d061674-97aa-45f4-b602-42cdc3f7b51a,False,122,"2021, 12, 06, 14, 23, 16"
6edf9d5d-71ed-46ac-a74f-7abe91903198,True,124,"2021, 12, 06, 14, 23, 16"
b8727c8f-ad4d-4f33-8840-7217da62dfe0,False,123,"2021, 12, 06, 14, 23, 16"
d12dc853-48b5-45a2-86d4-a8fcbaa22373,True,125,"2021, 12, 06, 14, 23, 16"
bee3421e-444d-464f-8b2f-54defa83d25b,False,124,"2021, 12, 06, 14, 23, 16"
c8da868d-47e2-4f1d-aae7-b6cd3c3e6e08,True,126,"2021, 12, 06, 14, 23, 16"
beb246a2-a5a3-4212-a052-20e4fea7b16b,False,125,"2021, 12, 06, 14, 23, 16"
6dc85faa-5faa-4905-b638-807d7d50cc0d,True,127,"2021, 12, 06, 14, 23, 16"
3d144650-d30f-40f6-9b57-0c9067a5fe7d,False,126,"2021, 12, 06, 14, 23, 16"
a050c449-f2b9-4ff2-9400-aa2636c40a96,True,128,"2021, 12, 06, 14, 23, 16"
aab0a45d-7c24-4762-9751-9b9d47f2d87e,False,127,"2021, 12, 06, 14, 23, 16"
8d4df953-30da-4b63-a013-5fc6a95bba87,True,129,"2021, 12, 06, 14, 23, 16"
0178b072-c628-4a5f-a039-7dca34ca48f2,False,128,"2021, 12, 06, 14, 23, 16"
3394b0f2-fe4c-4ffd-bc7d-df25f9112ced,True,50,"2021, 12, 06, 14, 23, 16"
c750c4c3-bac8-4c30-8f48-5eb7306a6455,False,129,"2021, 12, 06, 14, 23, 16"
9cb12c28-860a-4f00-8c22-c881d3b5fbd6,True,51,"2021, 12, 06, 14, 23, 16"
b12e2f96-5b43-4ed4-a53f-8515e7983436,False,50,"2021, 12, 06, 14, 23, 16"
4ecf3b32-b978-485f-8653-ed5bd7ac3d1f,True,52,"2021, 12, 06, 14, 23, 16"
7d14191f-64ce-4823-9417-bd69a9b699f2,False,51,"2021, 12, 06, 14, 23, 16"
5fce94e4-e5e3-49e5-946d-bc47db06a1ec,True,53,"2021, 12, 06, 14, 23, 16"
e96b0b5d-81df-44b5-a23c-3b0e6f93c01e,False,52,"2021, 12, 06, 14, 23, 16"
73f7e532-f905-4f13-a997-184d40fffe6e,True,54,"2021, 12, 06, 14, 23, 16"
e4dc0986-e2e7-47b4-829e-7f968b352375,False,53,"2021, 12, 06, 14, 23, 16"
e2b2936d-271e-4387-a8e8-084936723d28,True,55,"2021, 12, 06, 14, 23, 16"
53de6d72-b4b3-4b01-8da7-4eaa8320d69f,False,54,"2021, 12, 06, 14, 23, 16"
86d601f9-1ee4-40e5-bbf4-bc8c6aa335fc,True,56,"2021, 12, 06, 14, 23, 16"
bbe125fd-f2f0-4146-b107-b51cab236843,False,55,"2021, 12, 06, 14, 23, 16"
34ffc46e-311d-4b35-b5b5-d7a0299563de,True,57,"2021, 12, 06, 14, 23, 16"
be9cdb08-58c8-4e3c-89b9-358b24f8e34d,False,56,"2021, 12, 06, 14, 23, 16"
7cd6ea51-d413-445a-81cd-ec22c4572243,True,58,"2021, 12, 06, 14, 23, 16"
bc684361-2b67-4d43-9791-7a764c481e54,False,57,"2021, 12, 06, 14, 23, 16"
eced803e-04d7-4f8f-ba33-e4faecaa5500,True,59,"2021, 12, 06, 14, 23, 16"
46d9584a-9d36-4c85-82dd-34301dd514f1,False,58,"2021, 12, 06, 14, 23, 16"
87139fc3-3c99-496c-9701-5b4ccbd5edee,True,180,"2021, 12, 06, 14, 23, 16"
67a694fb-1672-400a-9e16-848e44dc7e8f,False,59,"2021, 12, 06, 14, 23, 16"
6f375e9a-0b07-421e-85d4-bb8e881d1e37,True,181,"2021, 12, 06, 14, 23, 16"
2bab4ce0-4265-4e2b-a0a3-db6e466a1170,False,180,"2021, 12, 06, 14, 23, 16"
32c523d3-74cc-4d42-9073-705aa527ef8f,True,182,"2021, 12, 06, 14, 23, 16"
3d39d2c0-8fce-49cf-8867-5fbe3786233c,False,181,"2021, 12, 06, 14, 23, 16"
25ddfa67-bebc-4a14-9e33-3b2155d80c3d,True,183,"2021, 12, 06, 14, 23, 16"
cdbf84d8-67c7-4f16-9877-16bd97ead9b6,False,182,"2021, 12, 06, 14, 23, 16"
49b23e54-2191-4602-a04a-967baf13c090,True,184,"2021, 12, 06, 14, 23, 16"
fe0bd2c1-c943-4df1-8e81-4708b3ab4b9b,False,183,"2021, 12, 06, 14, 23, 16"
3f6583bb-aa2b-4cbb-937c-6e701c5e234e,True,185,"2021, 12, 06, 14, 23, 16"
9a424a53-1913-4aa1-b829-e0db068d21cf,False,184,"2021, 12, 06, 14, 23, 16"
42830a9a-6c04-4dd6-bf86-4e26244b9d2b,True,186,"2021, 12, 06, 14, 23, 16"
fa9a7929-99b4-4414-a4ba-2f49a26da6c4,False,185,"2021, 12, 06, 14, 23, 16"
91bf07ca-ac47-424f-b787-349d14a36130,True,187,"2021, 12, 06, 14, 23, 16"
f6c380da-e3af-4535-b3e8-66f7cd7d3d8e,False,186,"2021, 12, 06, 14, 23, 16"
ae895dfa-17cc-4c32-9760-22ae6d1e29f3,True,188,"2021, 12, 06, 14, 23, 16"
ea7f190f-ee21-4cbf-a893-dc68e1adf085,False,187,"2021, 12, 06, 14, 23, 16"
d8c2545a-9262-4513-b3b3-43c572389a5a,True,189,"2021, 12, 06, 14, 23, 16"
3b6f3ebe-8b63-44fc-b4c8-42010fdbd419,False,188,"2021, 12, 06, 14, 23, 16"
17db0691-2cdf-43f5-bb06-82a78e253e95,True,10,"2021, 12, 06, 14, 23, 16"
67c91c43-8a96-4b28-8de5-699e73d633df,False,189,"2021, 12, 06, 14, 23, 16"
6783a1e7-0563-48bc-93ba-740aa6375199,True,11,"2021, 12, 06, 14, 23, 16"
612a7548-d819-4fdf-97de-473f6a68eeb9,False,10,"2021, 12, 06, 14, 23, 16"
e96e93d1-3e7a-45de-b0d7-54d66f41871b,True,12,"2021, 12, 06, 14, 23, 16"
23ee9c9a-5d20-4941-b112-9d82a977a7eb,False,11,"2021, 12, 06, 14, 23, 16"
159649c5-fe70-4d92-a8ab-e6bfbc0bafb0,True,13,"2021, 12, 06, 14, 23, 16"
de3bd94a-85f8-4b7e-9af3-e68ed1e57c37,False,12,"2021, 12, 06, 14, 23, 16"
efe2fab7-ab08-45fb-933e-bc112afd7c19,True,14,"2021, 12, 06, 14, 23, 16"
5e4a9303-bd30-40cf-85df-082012d95c9d,False,13,"2021, 12, 06, 14, 23, 16"
bb186c2a-57c4-45f7-ba9d-8c64683675aa,True,15,"2021, 12, 06, 14, 23, 16"
64a53400-8e88-4106-8c6b-7b1d30f69321,False,14,"2021, 12, 06, 14, 23, 16"
98f7ae97-890e-4a37-8ae9-35c04d867122,True,16,"2021, 12, 06, 14, 23, 16"
07f33452-afa1-4a0f-8a1a-6b2031a50bff,False,15,"2021, 12, 06, 14, 23, 16"
30cb1bb4-deaf-4c13-ae1f-d1d4e5bae5c3,True,17,"2021, 12, 06, 14, 23, 16"
9c52b38d-2989-4649-ab67-c935590bda07,False,16,"2021, 12, 06, 14, 23, 16"
7a1dfeb0-fab5-4ed9-8a45-3168e6fc0361,True,18,"2021, 12, 06, 14, 23, 16"
93947a3c-4d29-417c-a933-dc0d92ea0f36,False,17,"2021, 12, 06, 14, 23, 16"
8fecd632-4f0d-458e-9a25-070ae30fe672,True,19,"2021, 12, 06, 14, 23, 16"
00ca7db0-d513-4f8b-8521-cf2c0c0fec85,False,18,"2021, 12, 06, 14, 23, 16"
ea606cf3-cbc1-4cf5-8677-474afdfe87de,False,19,"2021, 12, 06, 14, 23, 16"
83044ac9-f955-4f9d-879b-b94051c0906d,False,4,"2021, 12, 06, 14, 23, 16"
