a2df0cb9-82c2-4f11-8085-478f97ffa819,True,200,"2021, 12, 05, 19, 43, 19"
a80c70b8-f8c0-436d-9e74-1979d70c02bf,True,201,"2021, 12, 05, 19, 43, 19"
9cd9f72b-fc39-464d-8643-206ff998f629,False,200,"2021, 12, 05, 19, 43, 19"
ec654ecb-6665-4efb-9f92-0c285bbb1a66,True,202,"2021, 12, 05, 19, 43, 19"
7d3abefd-348c-44e1-88bf-caf9ea01f532,False,201,"2021, 12, 05, 19, 43, 19"
f12e4700-1087-4717-8b6f-72a301097c50,True,203,"2021, 12, 05, 19, 43, 19"
72910b23-8ba7-45b3-a868-c944eff2ed17,False,202,"2021, 12, 05, 19, 43, 19"
c6273321-37e6-4cb0-ba26-ba59250a4dc8,True,204,"2021, 12, 05, 19, 43, 19"
7feed981-172d-4e46-b9a8-0bd3157dba68,False,203,"2021, 12, 05, 19, 43, 19"
37710e68-9c20-4e71-b7d5-e57f4eef2fef,True,205,"2021, 12, 05, 19, 43, 19"
f17f81da-adc6-4f30-9a94-b8a12f979e8e,False,204,"2021, 12, 05, 19, 43, 19"
a2415a3c-86e0-48a4-831e-192dca7b389c,True,206,"2021, 12, 05, 19, 43, 19"
b35560cd-a23b-45b1-ad2f-380c138bc96d,False,205,"2021, 12, 05, 19, 43, 19"
74afa044-8bbb-4fa3-8764-d3c23fa2d79e,True,207,"2021, 12, 05, 19, 43, 19"
ebf2055e-e768-45ad-bed7-166ea4d59c79,False,206,"2021, 12, 05, 19, 43, 19"
8c4f4109-9852-4656-ae80-9a5fc0a52630,True,208,"2021, 12, 05, 19, 43, 19"
edf1b0e0-23ee-449f-aed1-36d069a1c59b,False,207,"2021, 12, 05, 19, 43, 19"
4c20cd49-3d36-4bf5-8a47-cbba3945f68b,True,209,"2021, 12, 05, 19, 43, 19"
43763238-61b1-47bd-b7ac-bc387ad54709,False,208,"2021, 12, 05, 19, 43, 19"
784b9767-f04e-4164-aa5a-8df0788aaa3b,True,240,"2021, 12, 05, 19, 43, 19"
a6ce4200-0421-4460-86b5-ccc7c26816a2,False,209,"2021, 12, 05, 19, 43, 19"
774c2534-49e5-4733-8bdb-2a1e9dabdcd3,True,241,"2021, 12, 05, 19, 43, 19"
16f2123b-7111-40be-a5cb-8382e1b1a0a9,False,240,"2021, 12, 05, 19, 43, 19"
f355b065-d919-4e83-a24c-9d5e3c4554d8,True,242,"2021, 12, 05, 19, 43, 19"
11bdb503-ed0c-4e96-8e75-2fe96362568b,False,241,"2021, 12, 05, 19, 43, 19"
ca63a094-57a3-4a4c-a580-0647e585acb5,True,243,"2021, 12, 05, 19, 43, 19"
51fc4fab-5128-472f-b8b5-cafac422c8ee,False,242,"2021, 12, 05, 19, 43, 19"
729b131a-c6b2-48fb-8286-43cfcd4b988c,True,244,"2021, 12, 05, 19, 43, 19"
13e5b450-9497-49f6-b487-60bc0b2ea392,False,243,"2021, 12, 05, 19, 43, 19"
ecb844cd-e2e3-4dc4-ab5d-3cfda52dd301,True,245,"2021, 12, 05, 19, 43, 19"
87b16359-106b-4e31-97e8-768ad7e826c7,False,244,"2021, 12, 05, 19, 43, 19"
42c14a62-8013-47e9-93f0-71a7108b95a3,True,180,"2021, 12, 05, 19, 43, 19"
08e08dad-e54d-4227-81c1-988e9498e354,False,245,"2021, 12, 05, 19, 43, 19"
96071461-c818-496a-af7c-6864a28802bd,True,181,"2021, 12, 05, 19, 43, 19"
b32b5148-4c29-490b-a3f2-714a1bc6652c,False,180,"2021, 12, 05, 19, 43, 19"
40ca0432-ddd4-4c5a-a035-6d63e651183b,True,182,"2021, 12, 05, 19, 43, 19"
f5a2b6ad-bfac-49ad-8fb8-c905c776ce24,False,181,"2021, 12, 05, 19, 43, 19"
186e0465-b253-4ae6-bd0d-ebfc03563dfa,True,183,"2021, 12, 05, 19, 43, 19"
f0be4226-5bf3-49c6-9813-42cc5ffe204f,False,182,"2021, 12, 05, 19, 43, 19"
c4a465b8-59ac-4ff6-8f5a-c2bea0b61798,True,184,"2021, 12, 05, 19, 43, 19"
5067f2a8-aff9-4b30-aefd-211ace6e2900,False,183,"2021, 12, 05, 19, 43, 19"
7e26ab49-3b5c-4f6a-949a-9bf4fa548a45,True,185,"2021, 12, 05, 19, 43, 19"
00daa430-2ed6-4c8a-ad2e-dea6953ddd28,False,184,"2021, 12, 05, 19, 43, 19"
98694ff8-a5df-4bf2-a012-4e63f5c1618b,True,186,"2021, 12, 05, 19, 43, 19"
72bc136d-c359-42c7-b255-c89bedc19bea,False,185,"2021, 12, 05, 19, 43, 19"
53452898-5197-46be-9e11-28f8643ab09c,True,187,"2021, 12, 05, 19, 43, 19"
3c51c888-dbbc-4da4-a960-873804110b40,False,186,"2021, 12, 05, 19, 43, 19"
b401a1f1-c47a-4897-b46d-331adbbae967,True,188,"2021, 12, 05, 19, 43, 19"
f929da18-6124-4600-884a-002d5e33206a,False,187,"2021, 12, 05, 19, 43, 19"
f60c25dc-3b0d-495f-abc3-0f7caf36e7f6,True,189,"2021, 12, 05, 19, 43, 19"
ae477be3-71e2-43e7-bee4-374543652f43,False,188,"2021, 12, 05, 19, 43, 19"
9004b27a-14a0-4f91-82be-aea03bd44f66,True,90,"2021, 12, 05, 19, 43, 19"
07eff7c9-33ec-4471-aa5c-e6d7d82f960c,False,189,"2021, 12, 05, 19, 43, 19"
20aed0b8-d92c-4f85-bb96-c241c004362f,True,91,"2021, 12, 05, 19, 43, 19"
c97ac9b6-d477-4d2b-a29b-dfa2213bfe3c,False,90,"2021, 12, 05, 19, 43, 19"
b9f2dd0c-bfcd-440d-902d-a263d0480bc2,True,92,"2021, 12, 05, 19, 43, 19"
b02abcfc-897f-46ce-9ae7-e0484399ce39,False,91,"2021, 12, 05, 19, 43, 19"
9ef26bff-fcd7-4c59-815c-92ff30014aa9,True,93,"2021, 12, 05, 19, 43, 19"
07b70ff3-b453-4c03-bcf0-4fc9fa3697c0,False,92,"2021, 12, 05, 19, 43, 19"
f2a729bb-f974-4071-a80d-f419086762f4,True,94,"2021, 12, 05, 19, 43, 19"
52c78d01-281e-4d47-81ad-d200827e9335,False,93,"2021, 12, 05, 19, 43, 19"
522d6d06-9a1f-4995-8fa1-12c48ecb455e,True,95,"2021, 12, 05, 19, 43, 19"
43bca482-bd9c-4326-96f0-f6ad51ef6f91,False,94,"2021, 12, 05, 19, 43, 19"
23d83f2a-19c3-40a0-997c-c113476f290b,True,96,"2021, 12, 05, 19, 43, 19"
29b3ba14-556c-480b-853e-96596a33c162,False,95,"2021, 12, 05, 19, 43, 19"
c3f1259f-277e-4d09-b2bc-f972c22c889a,True,97,"2021, 12, 05, 19, 43, 19"
39f4c5af-3e3e-4bfe-888e-1b6058069b81,False,96,"2021, 12, 05, 19, 43, 19"
f5deaf76-fc3b-445d-bb99-bdc33db03296,True,98,"2021, 12, 05, 19, 43, 19"
680f41d3-f738-4e58-9913-67046d6f17e6,False,97,"2021, 12, 05, 19, 43, 19"
f9d3e482-19d5-462a-ab8f-af6bff0397d5,True,99,"2021, 12, 05, 19, 43, 19"
4f7ff6e8-3baa-4a66-aa9d-98eb9008afb9,False,98,"2021, 12, 05, 19, 43, 19"
2fdef665-01f4-4cf9-af1e-0902391640f9,True,100,"2021, 12, 05, 19, 43, 19"
d84695e5-b744-4e58-bd25-ed7e0f50c7a5,False,99,"2021, 12, 05, 19, 43, 19"
73ed19e2-30ed-4aef-9a2f-7577b39855f8,True,101,"2021, 12, 05, 19, 43, 19"
43d2cf4d-fbcb-4eba-976b-49833172d870,False,100,"2021, 12, 05, 19, 43, 19"
d60cd86a-476d-425c-8403-7018b8a14962,True,102,"2021, 12, 05, 19, 43, 19"
632028c6-6df3-44b6-bd44-aecbee991cac,False,101,"2021, 12, 05, 19, 43, 19"
1bba05c9-38cc-41bb-8b0d-c6bafc9a07c1,True,103,"2021, 12, 05, 19, 43, 19"
fb12e5a3-e61c-446d-98d0-2c54fe4bf7f9,False,102,"2021, 12, 05, 19, 43, 19"
d680c36b-a8c7-417c-9367-76716c0a8136,True,104,"2021, 12, 05, 19, 43, 19"
ba706605-9aaf-43d9-8c48-d63f5e660c2d,False,103,"2021, 12, 05, 19, 43, 19"
57d4602a-8965-4ec4-b6e3-410550e5550f,True,105,"2021, 12, 05, 19, 43, 19"
8993da79-9af6-41b3-91b1-721d6ee5c6f7,False,104,"2021, 12, 05, 19, 43, 19"
a3a33b33-dac1-4f51-9d35-1bdbacebb239,True,106,"2021, 12, 05, 19, 43, 19"
2a18cce4-35e6-410f-9ae0-d9f857b63642,False,105,"2021, 12, 05, 19, 43, 19"
d19d6153-e16e-4c4a-8178-82916fbe8274,True,107,"2021, 12, 05, 19, 43, 19"
c2b866ff-d36a-42fb-8ca5-9236f3301d32,False,106,"2021, 12, 05, 19, 43, 19"
f76ed697-b766-42f1-bc8d-07b42ac3b25f,True,108,"2021, 12, 05, 19, 43, 19"
b295d582-ddee-4dcb-8810-9c03ecf250f8,False,107,"2021, 12, 05, 19, 43, 19"
b8f9e2c0-045a-4941-98f2-e505d941b17c,True,109,"2021, 12, 05, 19, 43, 19"
ccd0ea0f-88a9-44f7-bf3a-8b1780f0d7f2,False,108,"2021, 12, 05, 19, 43, 19"
b9013552-c463-4bb3-97ea-ee77fd5f256d,True,70,"2021, 12, 05, 19, 43, 19"
42a6be58-88b1-4d1f-98a7-42607a3a54e8,False,109,"2021, 12, 05, 19, 43, 19"
8d7beed7-ed83-40a7-9c49-22d77707a561,True,71,"2021, 12, 05, 19, 43, 19"
d88b6326-498d-41a9-b7ec-83ffe774fc81,False,70,"2021, 12, 05, 19, 43, 19"
975a09d0-7e53-445c-bf67-775ddd8da43d,True,72,"2021, 12, 05, 19, 43, 19"
9b7e6eae-447c-4272-9d1c-4e881f7e9b90,False,71,"2021, 12, 05, 19, 43, 19"
8b10640b-7baf-4214-8050-f46c73991583,True,73,"2021, 12, 05, 19, 43, 19"
77b24ca7-4e4f-4c58-85d9-949fca596f7d,False,72,"2021, 12, 05, 19, 43, 19"
25abd553-116e-484a-8453-56c8d381df2b,True,74,"2021, 12, 05, 19, 43, 19"
81238618-5281-44af-9904-2ee3d5440c61,False,73,"2021, 12, 05, 19, 43, 19"
dd09f49d-2a9c-405d-bad0-ec89334a9210,True,75,"2021, 12, 05, 19, 43, 19"
3ae4c1d1-2fff-42bd-a884-07a49dc08fd4,False,74,"2021, 12, 05, 19, 43, 19"
302f87c5-404a-4ce4-8543-cc167390f613,True,76,"2021, 12, 05, 19, 43, 19"
5cd71b37-04b8-4a71-b35c-d7bd4ec6096c,False,75,"2021, 12, 05, 19, 43, 19"
6634d268-9564-460c-8ad3-537f31c2f08e,True,77,"2021, 12, 05, 19, 43, 20"
16d684f9-4cbd-4777-9fea-34785b332834,False,76,"2021, 12, 05, 19, 43, 20"
85193467-c5e5-4d0b-b2ec-e257e5f81054,True,78,"2021, 12, 05, 19, 43, 20"
5f12ee48-424d-460c-972b-ea8e4eb26d82,False,77,"2021, 12, 05, 19, 43, 20"
c12d7bca-7bf5-4d69-83f3-555a618fff80,True,79,"2021, 12, 05, 19, 43, 20"
ad132ea7-c4e1-4872-b347-8a8046631c0f,False,78,"2021, 12, 05, 19, 43, 20"
d175c977-2639-4dc0-ba05-ef807c80e022,True,160,"2021, 12, 05, 19, 43, 20"
1d97275e-2bde-44ec-af07-e89077510f19,False,79,"2021, 12, 05, 19, 43, 20"
81e2a8eb-d998-4495-ad8f-9f4a16b71209,True,161,"2021, 12, 05, 19, 43, 20"
337232a7-c51d-4e51-bb61-07c2ff219334,False,160,"2021, 12, 05, 19, 43, 20"
5691f53a-bff9-442e-8eed-f0d0f7825a06,True,162,"2021, 12, 05, 19, 43, 20"
9a2d819b-b55d-4c5e-bc0d-3de5976c6078,False,161,"2021, 12, 05, 19, 43, 20"
4c0d1af2-5ba3-49eb-9f8c-45fad96b5846,True,163,"2021, 12, 05, 19, 43, 20"
7c902ccf-c9f8-4005-bf89-8253fd639e3d,False,162,"2021, 12, 05, 19, 43, 20"
5d937d12-42fc-4632-a599-d5758e326795,True,164,"2021, 12, 05, 19, 43, 20"
bef9840e-c16f-4190-9039-5849e69f8aa1,False,163,"2021, 12, 05, 19, 43, 20"
116162bf-45aa-451a-8983-b6136c5c971f,True,165,"2021, 12, 05, 19, 43, 20"
6c24d083-3d40-4804-acb3-bd5e7c1c3576,False,164,"2021, 12, 05, 19, 43, 20"
828373a5-3eae-4ade-b9b6-6026c391608e,True,166,"2021, 12, 05, 19, 43, 20"
f1dcaf70-6515-4f59-bb66-92040fdfc73b,False,165,"2021, 12, 05, 19, 43, 20"
87a16f2a-7def-4408-8509-e8d20e04ce4e,True,167,"2021, 12, 05, 19, 43, 20"
b6ef3e3d-0a76-4a1c-9e86-01a3b7c11285,False,166,"2021, 12, 05, 19, 43, 20"
d4a4e91a-ad39-4cd1-b71d-1558446df537,True,168,"2021, 12, 05, 19, 43, 20"
1d019b28-ff08-48de-b972-e5df5d6f479e,False,167,"2021, 12, 05, 19, 43, 20"
dd21105b-9a8d-47b4-a84a-dc51d28ac3d5,True,169,"2021, 12, 05, 19, 43, 20"
02e8156d-ed4a-4a56-a7d7-18c971b5f3da,False,168,"2021, 12, 05, 19, 43, 20"
7fb131a7-c6cf-427f-8da4-39f4ebe45331,True,30,"2021, 12, 05, 19, 43, 20"
8943cb9a-1b81-4c3c-b905-dbbfc3d07e84,False,169,"2021, 12, 05, 19, 43, 20"
262c60e2-e877-4585-a79c-060fb3152a46,True,31,"2021, 12, 05, 19, 43, 20"
d7b5874a-70a7-4e69-a76d-e9bac1aeb425,False,30,"2021, 12, 05, 19, 43, 20"
d46050f4-dc8a-43e1-b255-4c47a5b61fae,True,32,"2021, 12, 05, 19, 43, 20"
308013e0-3b59-4d36-8ce7-d67ee372e098,False,31,"2021, 12, 05, 19, 43, 20"
fba78e1c-adf2-4e97-b2eb-99fae8a6341e,True,33,"2021, 12, 05, 19, 43, 20"
458c039b-3a8c-4dc3-87fb-476873455d05,False,32,"2021, 12, 05, 19, 43, 20"
132f49a7-462a-4f0e-b925-57864259e148,True,34,"2021, 12, 05, 19, 43, 20"
613b12f7-48bc-4a55-90f2-d7d2133dda46,False,33,"2021, 12, 05, 19, 43, 20"
d46a2589-b8f3-4e61-b58a-54d5135e88c0,True,35,"2021, 12, 05, 19, 43, 20"
3daa52de-eb26-4fe4-baaf-5822d5aa62aa,False,34,"2021, 12, 05, 19, 43, 20"
4816ef31-93a2-4fba-957c-6b5e26a63628,True,36,"2021, 12, 05, 19, 43, 20"
469b1254-7ddd-45d4-859f-22f89fc0c1d6,False,35,"2021, 12, 05, 19, 43, 20"
14bd4747-b431-47a0-819b-96c99052ca31,True,37,"2021, 12, 05, 19, 43, 20"
463d28e2-f4a1-4bb9-8f4c-a451143bcd36,False,36,"2021, 12, 05, 19, 43, 20"
6baf99f3-55bf-4a9d-920d-0c109a3e22b3,True,38,"2021, 12, 05, 19, 43, 20"
736ddd08-3975-4f43-98c7-4a9298c9249d,False,37,"2021, 12, 05, 19, 43, 20"
af620839-c587-497f-8562-018c4aa6aa9c,True,39,"2021, 12, 05, 19, 43, 20"
9454a8ac-f731-49da-925c-f3299909ea1c,False,38,"2021, 12, 05, 19, 43, 20"
772cc99c-8c18-4fe1-a185-c1af6ac2d157,True,0,"2021, 12, 05, 19, 43, 20"
9d313e3e-0c45-440a-be7b-f807f618c73a,False,39,"2021, 12, 05, 19, 43, 20"
c7e223e0-2e0a-4786-a22f-cb1cb441890b,True,1,"2021, 12, 05, 19, 43, 20"
db5cb895-7ea8-4295-b3cf-ea8c510db1e6,True,2,"2021, 12, 05, 19, 43, 20"
7f39c9d7-1fb1-45b1-8230-b762a10ac389,True,3,"2021, 12, 05, 19, 43, 20"
622bee2a-b819-445d-95cd-c8cc26651e4a,True,4,"2021, 12, 05, 19, 43, 20"
5211872d-905e-4c72-9bdd-15bd0a5b5cbc,True,5,"2021, 12, 05, 19, 43, 20"
bbd08bd9-9aca-42b0-a348-64e9c8ef80b0,True,6,"2021, 12, 05, 19, 43, 20"
a74fb4d0-abef-4844-8a77-db7bf498916d,True,7,"2021, 12, 05, 19, 43, 20"
9c9e2d75-151a-4e54-b762-6ffc7071e395,True,8,"2021, 12, 05, 19, 43, 20"
35319a1f-525d-49a8-8e49-73f5af13a053,True,9,"2021, 12, 05, 19, 43, 20"
bbbba04c-62e4-4ea5-a3ed-e08d82d90a69,True,220,"2021, 12, 05, 19, 43, 20"
22c10830-3648-4d40-af3d-cef41c61ea0e,True,221,"2021, 12, 05, 19, 43, 20"
48fbc1d5-d2a4-43e5-8a57-6722934d75fb,False,220,"2021, 12, 05, 19, 43, 20"
4e91ed87-97a7-4e09-889a-c307bde17b1c,True,222,"2021, 12, 05, 19, 43, 20"
41f247db-d116-4857-9367-9a277b3358dc,False,221,"2021, 12, 05, 19, 43, 20"
b9949995-6c1f-4337-a721-e0b3e74712b2,True,223,"2021, 12, 05, 19, 43, 20"
d356cec9-2d5a-4e0a-9975-be8d9cb06ef3,False,222,"2021, 12, 05, 19, 43, 20"
aa3a0c4b-91c0-49a1-9600-7ee8b49847c4,True,224,"2021, 12, 05, 19, 43, 20"
5f7d9c6f-9993-48bb-97ee-8fc06454f845,False,223,"2021, 12, 05, 19, 43, 20"
9b98ff38-d4c2-405e-b9dd-02aa5905944a,True,225,"2021, 12, 05, 19, 43, 20"
35d4e789-4569-45de-b2c4-bcec9486b635,False,224,"2021, 12, 05, 19, 43, 20"
067c0632-4ca1-44a7-a80d-39a2e4b7eee4,True,226,"2021, 12, 05, 19, 43, 20"
1ee0ba21-5d56-428c-bc7f-497e51c028f9,False,225,"2021, 12, 05, 19, 43, 20"
a475e9e5-aa51-4012-a576-f4b39c56ccfc,True,227,"2021, 12, 05, 19, 43, 20"
4bac7015-2a3b-4ba9-be80-3f515bd2a325,False,226,"2021, 12, 05, 19, 43, 20"
35888bd9-da5d-4380-a599-d650b4e81ed4,True,228,"2021, 12, 05, 19, 43, 20"
96cad55d-9267-44b2-bc5d-d51618fb5ab4,False,227,"2021, 12, 05, 19, 43, 20"
72f933bd-fb3d-4e7e-bd16-4bf42a5d4022,True,229,"2021, 12, 05, 19, 43, 20"
fd6984c0-51da-4655-9c25-9e30aa464553,False,228,"2021, 12, 05, 19, 43, 20"
9d19832b-485d-4f26-8b77-defc5664acee,True,150,"2021, 12, 05, 19, 43, 20"
f1a84930-0165-43df-b2db-5f084eba308a,False,229,"2021, 12, 05, 19, 43, 20"
6f50be88-b1db-4203-9ab0-aeb6bcb60c09,True,151,"2021, 12, 05, 19, 43, 20"
3daaea85-fe44-4b64-9996-cf9bd4a88217,False,150,"2021, 12, 05, 19, 43, 20"
7acc511d-ac2f-477b-aaf4-f934cbf412d9,True,152,"2021, 12, 05, 19, 43, 20"
21c89444-eaf6-4701-8cd7-3a7319cc841c,False,151,"2021, 12, 05, 19, 43, 20"
b32f3fdc-60d2-45a2-9253-341cef520aa9,True,153,"2021, 12, 05, 19, 43, 20"
55fe05b5-b402-4b6d-90f9-6b8ed325a2cb,False,152,"2021, 12, 05, 19, 43, 20"
dbaef611-cfe6-4d14-b1fc-10c4d939f21c,True,154,"2021, 12, 05, 19, 43, 20"
d1071c13-65a0-43fa-bd4c-fdbbd73c9f11,False,153,"2021, 12, 05, 19, 43, 20"
c76ec660-226b-4bdc-a882-c5e6e7e86bee,True,155,"2021, 12, 05, 19, 43, 20"
6efe94d7-402f-48c9-850e-d006ed1bd525,False,154,"2021, 12, 05, 19, 43, 20"
3cf0f095-5d5b-4c7e-9f4d-e48cca78fae8,True,156,"2021, 12, 05, 19, 43, 20"
3706a94c-a131-40e2-bc3e-bcfb0ca8bc53,False,155,"2021, 12, 05, 19, 43, 20"
87f7aeda-a6f2-4ba9-ae88-446c7e3139e0,True,157,"2021, 12, 05, 19, 43, 20"
89aba6fa-a2c4-419f-936f-e1d6ec500977,False,156,"2021, 12, 05, 19, 43, 20"
38abfd10-42a7-41e3-b665-f3644272b235,True,158,"2021, 12, 05, 19, 43, 20"
25d160cc-7464-4bcc-a2d0-c6d55df19e28,False,157,"2021, 12, 05, 19, 43, 20"
dc9022fc-edb5-41b7-83fe-900f409497c6,True,159,"2021, 12, 05, 19, 43, 20"
9bc787e9-41f8-423c-aa82-20a4a0fd9b2b,False,158,"2021, 12, 05, 19, 43, 20"
9040a5d2-1f3c-40f6-99ab-76a717246565,True,20,"2021, 12, 05, 19, 43, 20"
d94ced49-e991-4f45-8976-6679833f3a70,False,159,"2021, 12, 05, 19, 43, 20"
e2f5c688-b60a-4475-ae89-6e0c3442199c,True,21,"2021, 12, 05, 19, 43, 20"
cbe8cde2-1b79-4fdd-818a-a029c32ca7d5,True,22,"2021, 12, 05, 19, 43, 20"
fc827795-d676-4e80-b9cb-08db1588d496,True,23,"2021, 12, 05, 19, 43, 20"
90ca7060-247f-4e79-bfa3-3c9a6b6f2880,True,24,"2021, 12, 05, 19, 43, 20"
c2e1fdf9-fe78-4691-8b3d-051215e64de5,True,25,"2021, 12, 05, 19, 43, 20"
3ddad885-f488-4fad-bf95-6ab055469ca3,True,26,"2021, 12, 05, 19, 43, 20"
8976c80e-d8ec-4c3f-8b90-304f52d6d0fd,True,27,"2021, 12, 05, 19, 43, 20"
5b62fde0-4f50-48ba-a844-811eeab67edb,True,28,"2021, 12, 05, 19, 43, 20"
b7bfb0cb-ce3f-4798-b076-3967426961d5,True,29,"2021, 12, 05, 19, 43, 20"
5350daac-5ad8-4757-99f2-3559e2caa947,True,230,"2021, 12, 05, 19, 43, 20"
eba6cdc0-5eaf-4164-bf97-9a2a0fa4d9b6,True,231,"2021, 12, 05, 19, 43, 20"
8dd42d67-0639-4e00-a2a4-041e1520f387,False,230,"2021, 12, 05, 19, 43, 20"
9fd157fe-75a2-441f-a503-d07f0de601b5,True,232,"2021, 12, 05, 19, 43, 20"
b17b7432-643c-4cf5-9a46-fa5b407310f5,False,231,"2021, 12, 05, 19, 43, 20"
001e9da1-940c-418f-a5b6-6d2647314d8d,True,233,"2021, 12, 05, 19, 43, 20"
8fc460e0-52ba-4947-947b-b40cead88d1f,False,232,"2021, 12, 05, 19, 43, 20"
7dcef863-8580-46c2-9fa5-52cc7abb1ba0,True,234,"2021, 12, 05, 19, 43, 20"
5f3a2183-d9e2-419b-b3d5-37fcf8299152,False,233,"2021, 12, 05, 19, 43, 20"
b585d687-8e08-4fdc-99c1-a1135a666c0d,True,235,"2021, 12, 05, 19, 43, 20"
8da0ce61-6823-485d-8bd5-05f3ac377630,False,234,"2021, 12, 05, 19, 43, 20"
c0351a25-d926-489d-85c3-52f07d8650bd,True,236,"2021, 12, 05, 19, 43, 20"
49ef327e-570e-4a72-932e-1725c1248b96,False,235,"2021, 12, 05, 19, 43, 20"
99f6424f-7691-40b5-b5c2-41be1e2fd0bc,True,237,"2021, 12, 05, 19, 43, 20"
db590d61-b942-437a-9ad7-db2fbe315bb5,False,236,"2021, 12, 05, 19, 43, 20"
6ddcdb67-d3c5-4d64-a3d5-b335e2d5ad93,True,238,"2021, 12, 05, 19, 43, 20"
63358f58-46ac-4d26-b682-b293fd63a276,False,237,"2021, 12, 05, 19, 43, 20"
0847aa9f-ee1d-4fc9-b171-dcf44bf9f3ff,True,239,"2021, 12, 05, 19, 43, 20"
2ee284b5-0782-473a-9274-2374fdab1031,False,238,"2021, 12, 05, 19, 43, 20"
e130348e-d3c7-4b3e-9f08-4046c9cc64fa,True,120,"2021, 12, 05, 19, 43, 20"
6ea24db7-e385-494d-91c7-be752cb9b8cb,False,239,"2021, 12, 05, 19, 43, 20"
bd6f7a9b-39de-4d2e-a9f0-5b5f0576d24c,True,121,"2021, 12, 05, 19, 43, 20"
86343bd7-5e6e-4880-a9bf-a96254659427,False,120,"2021, 12, 05, 19, 43, 20"
a768ec7e-b6f7-413a-ae5e-bc3c32ee01d7,True,122,"2021, 12, 05, 19, 43, 20"
e7089627-9b34-4d95-b53b-67abec4ed859,False,121,"2021, 12, 05, 19, 43, 20"
0895bbc9-b3ce-4072-8779-1e68488c15e8,True,123,"2021, 12, 05, 19, 43, 20"
1202fec2-af9c-4d05-8ada-1717407a3d5b,False,122,"2021, 12, 05, 19, 43, 20"
c7553097-57b1-4966-8103-8f9f1ca99322,True,124,"2021, 12, 05, 19, 43, 20"
02862fc9-2f87-4d48-a90d-440beee2549b,False,123,"2021, 12, 05, 19, 43, 20"
0ead3fa4-fcbc-463b-9313-74ff6a379643,True,125,"2021, 12, 05, 19, 43, 20"
5c09dc4a-df9e-4d7d-8b81-b662f4830588,False,124,"2021, 12, 05, 19, 43, 20"
4eaad7ef-dadb-48a6-9ed6-19aaf11e092b,True,126,"2021, 12, 05, 19, 43, 20"
8408908a-686c-4a96-9bce-8a12a635d363,False,125,"2021, 12, 05, 19, 43, 20"
863209bc-0c96-4e36-b263-8936014359a5,True,127,"2021, 12, 05, 19, 43, 20"
37dd0088-d6dd-4273-b317-a421e31893a1,False,126,"2021, 12, 05, 19, 43, 20"
e6a0b255-1103-430a-b9b3-674a4c089c0d,True,128,"2021, 12, 05, 19, 43, 20"
b76ca299-6e9e-42c8-ad22-7ee14f2eda9a,False,127,"2021, 12, 05, 19, 43, 20"
2afb9d8c-4d4d-4377-8ef7-98f48dc0a3ec,True,129,"2021, 12, 05, 19, 43, 20"
3d7c67db-0db3-4896-9607-bc2c603f7ec3,False,128,"2021, 12, 05, 19, 43, 20"
7f44b03c-da26-4f72-969d-fc609bd0922e,True,80,"2021, 12, 05, 19, 43, 20"
266bb06b-1a47-4ece-be34-91419350d285,False,129,"2021, 12, 05, 19, 43, 20"
5cfb6f73-331d-4972-97ed-b77434bfcb3c,True,81,"2021, 12, 05, 19, 43, 20"
ac41dba5-cd3f-40dd-b4e0-96c11a06f7d2,False,80,"2021, 12, 05, 19, 43, 20"
28fe8370-88eb-4bcf-ba8a-fa9d0ed607e6,True,82,"2021, 12, 05, 19, 43, 20"
e338708c-7048-48d0-af27-adb45024d0f6,False,81,"2021, 12, 05, 19, 43, 20"
8bb35f3b-7145-4706-84f6-ca72cd8ef8c7,True,83,"2021, 12, 05, 19, 43, 20"
2bd1df34-55e6-433f-918d-f26051d748a6,False,82,"2021, 12, 05, 19, 43, 20"
c9d4fb85-fa7b-48b7-859b-6b6a0dc809e5,True,84,"2021, 12, 05, 19, 43, 20"
fe988e40-7fda-45e8-ad45-174b9cbd8a1e,False,83,"2021, 12, 05, 19, 43, 20"
d276de86-faee-4be1-b6ce-0d4baa0785a9,True,85,"2021, 12, 05, 19, 43, 20"
536b66c3-5725-46d7-b6c7-4d744db51a04,False,84,"2021, 12, 05, 19, 43, 20"
53115de9-5320-4c10-961a-dc5f6760cc72,True,86,"2021, 12, 05, 19, 43, 20"
ffcaac58-b6c1-41b4-8e00-f04dcbee1e5a,False,85,"2021, 12, 05, 19, 43, 20"
9f5d933c-a74b-4754-8654-78a8e783918d,True,87,"2021, 12, 05, 19, 43, 20"
fec35c5d-ddbc-456e-a2fa-b5ed59040ae0,False,86,"2021, 12, 05, 19, 43, 20"
7da5244e-28db-413a-a060-ed80a76286db,True,88,"2021, 12, 05, 19, 43, 20"
61695e75-7d21-4ae9-8996-a92e4b13d768,False,87,"2021, 12, 05, 19, 43, 20"
c5b022ba-ff9c-4b93-9d24-305c2502358b,True,89,"2021, 12, 05, 19, 43, 20"
1d4d22c7-04fa-4aad-99ef-365838558439,False,88,"2021, 12, 05, 19, 43, 20"
e0d29bc8-ca8b-4837-a97b-6ff0488da3cb,True,170,"2021, 12, 05, 19, 43, 20"
e586caa2-15bb-4ff4-8084-ec92e86dc488,False,89,"2021, 12, 05, 19, 43, 20"
52d29b85-4df2-496c-8db6-456a69a13fd2,True,171,"2021, 12, 05, 19, 43, 20"
cf982ee7-91a2-4068-975b-6bbe3003a5db,False,170,"2021, 12, 05, 19, 43, 20"
fae60c5e-242a-4490-98b9-08d226fcbb83,True,172,"2021, 12, 05, 19, 43, 20"
f8e7ffbd-ac99-447e-9efd-20c6cc355ebf,False,171,"2021, 12, 05, 19, 43, 20"
8106469b-66ab-4efa-8e98-c2404e1d5de3,True,173,"2021, 12, 05, 19, 43, 20"
016bce92-2a7d-4a9e-9570-0199780f4642,False,172,"2021, 12, 05, 19, 43, 20"
fdd6a91c-7de9-4a37-a91f-57fb848bb169,True,174,"2021, 12, 05, 19, 43, 20"
b7cf22e7-e8c8-47e4-ac68-2502b5bae636,False,173,"2021, 12, 05, 19, 43, 20"
cce9167d-fc2d-481c-bbc2-ca5ce724c6e6,True,175,"2021, 12, 05, 19, 43, 20"
1dc470cd-023f-4b6e-bd6f-e3a2dc1e7aed,False,174,"2021, 12, 05, 19, 43, 20"
83b66f16-8418-41de-8b54-32b824fc4774,True,176,"2021, 12, 05, 19, 43, 20"
db3a0659-fd4b-469e-9a56-753b3cb6ea61,False,175,"2021, 12, 05, 19, 43, 20"
fe243ce2-e273-4a7b-b256-48295ff6ea9a,True,177,"2021, 12, 05, 19, 43, 20"
cfaf30cd-a805-45db-9a42-48e1506f3943,False,176,"2021, 12, 05, 19, 43, 20"
9bf868ef-66c8-4f3f-8909-61cc09820617,True,178,"2021, 12, 05, 19, 43, 20"
a271c1b1-4e64-4358-a9e4-c18a112e0ee7,False,177,"2021, 12, 05, 19, 43, 20"
46728949-1639-4eaf-ad79-af8c385a1a8a,True,179,"2021, 12, 05, 19, 43, 20"
e823fc11-1964-41ef-8ca4-51ffbd44db6d,False,178,"2021, 12, 05, 19, 43, 20"
5b6d15b1-32eb-405c-a891-de7a530b09b0,True,110,"2021, 12, 05, 19, 43, 20"
4f111537-e229-4d8a-97b4-fe7edaf730d7,False,179,"2021, 12, 05, 19, 43, 20"
91bd1a2f-6ffd-4e67-947c-73c826bd3579,True,111,"2021, 12, 05, 19, 43, 20"
ee095cc4-15e4-47d7-ab77-7f00346ea131,False,110,"2021, 12, 05, 19, 43, 20"
4ae461e3-c4c5-4b40-9dab-7218a5de8a50,True,112,"2021, 12, 05, 19, 43, 20"
a0412962-db3d-4cf4-8d2f-f8057d9df1c4,False,111,"2021, 12, 05, 19, 43, 20"
d3cdd3ba-582c-4510-8a23-0b914ac8b358,True,113,"2021, 12, 05, 19, 43, 20"
81515f50-0e61-498f-aa5b-b8d161e48cc8,False,112,"2021, 12, 05, 19, 43, 20"
47689d6b-391c-4ae6-9de1-eb301441c9d5,True,114,"2021, 12, 05, 19, 43, 20"
dbb389e2-ba17-4dca-beaf-9c23bdc9abac,False,113,"2021, 12, 05, 19, 43, 20"
e9fa2785-fdb6-4ebe-931a-af21667acd52,True,115,"2021, 12, 05, 19, 43, 20"
45f17f7d-f2af-4395-a58c-40a1819f27c2,False,114,"2021, 12, 05, 19, 43, 20"
ff111901-d87c-456e-9d9c-7588cab6ee78,True,116,"2021, 12, 05, 19, 43, 20"
2aec3610-6642-463f-82d3-eb1d0f81f6a5,False,115,"2021, 12, 05, 19, 43, 20"
119a6537-d3b7-4507-ad68-7899c1478020,True,117,"2021, 12, 05, 19, 43, 20"
ef12fc13-1f5e-4f40-bd6a-f4d1f58c92bb,False,116,"2021, 12, 05, 19, 43, 20"
3eb9c0a1-d76b-472f-a8aa-ddfba1c2f1ed,True,118,"2021, 12, 05, 19, 43, 20"
dfd27f61-2437-4a52-9e64-2c83a3f1c000,False,117,"2021, 12, 05, 19, 43, 20"
e89a10b4-108a-4799-a39c-f38da568a05b,True,119,"2021, 12, 05, 19, 43, 20"
5782ae2f-e3e9-4e1b-ac1d-f672ecec50f9,False,118,"2021, 12, 05, 19, 43, 20"
39b9b3ea-65f7-41a1-ad36-fdced3990a11,True,246,"2021, 12, 05, 19, 43, 20"
7cd2c4b7-6cc7-4ee7-9583-9527490adee2,False,119,"2021, 12, 05, 19, 43, 20"
3f314555-5806-46bc-a511-25010db4906b,True,247,"2021, 12, 05, 19, 43, 20"
ab0c3b46-0ab0-4af2-81be-5ac6680e8547,False,246,"2021, 12, 05, 19, 43, 20"
0a918db9-8c52-448a-b7d6-113d57100bf4,True,248,"2021, 12, 05, 19, 43, 20"
808dd786-254f-411a-b3b9-7670ed86d217,False,247,"2021, 12, 05, 19, 43, 20"
50a31891-58ca-48f2-be1a-df310a131a87,True,249,"2021, 12, 05, 19, 43, 20"
fdca40fc-d016-4fc7-85f4-f5fdf5b56db1,False,248,"2021, 12, 05, 19, 43, 20"
48e72cff-cb07-47bd-a25e-545b41995017,True,250,"2021, 12, 05, 19, 43, 20"
bb17c2f8-b6f1-4aa8-b77f-4c6d41d93bcd,False,249,"2021, 12, 05, 19, 43, 20"
2f590c9d-871b-40ce-955e-efc1ae18b90d,True,251,"2021, 12, 05, 19, 43, 20"
fc8e6659-bffb-40cc-8ed4-7dcf81f864ca,False,250,"2021, 12, 05, 19, 43, 20"
be1acaba-9659-48aa-bc02-e2b2ea2622ad,True,140,"2021, 12, 05, 19, 43, 20"
9c104f7d-0df5-4a69-a1a6-88026782da66,False,251,"2021, 12, 05, 19, 43, 20"
5ea8e681-d4e0-457f-baa1-e018120df852,True,141,"2021, 12, 05, 19, 43, 20"
00fc5a02-50e3-40e3-89a7-616c0bdecdb9,False,140,"2021, 12, 05, 19, 43, 20"
90e87f3e-328f-405e-8f69-42203eceda3e,True,142,"2021, 12, 05, 19, 43, 20"
c05ef0b9-d2f9-4b9f-bf3f-a6d5596dbf0b,False,141,"2021, 12, 05, 19, 43, 20"
0ce0496a-f83c-4f89-9a93-f714bf6a5be6,True,143,"2021, 12, 05, 19, 43, 20"
6351784b-da17-44de-b447-3303867f72ba,False,142,"2021, 12, 05, 19, 43, 20"
e0229ef7-6856-464b-a35f-72252cfd7fff,True,144,"2021, 12, 05, 19, 43, 20"
2e5a916d-d03e-4293-a7b6-c29f26d861fb,False,143,"2021, 12, 05, 19, 43, 20"
376d7d3f-7f40-46ea-bf3f-b3ccfd7e19f4,True,145,"2021, 12, 05, 19, 43, 20"
13639a63-9bb1-48b2-8b58-1da8021fab1c,False,144,"2021, 12, 05, 19, 43, 20"
3a3c6bd9-cdbc-45bb-b25c-f32e14e678a5,True,146,"2021, 12, 05, 19, 43, 20"
33cb5849-83bb-4d50-b798-91b64a0a9ee0,False,145,"2021, 12, 05, 19, 43, 20"
79689b67-f506-40e1-96bf-8866e91d9a6d,True,147,"2021, 12, 05, 19, 43, 20"
5e34e77f-c56f-4a7a-9e59-f8ed6be9234f,False,146,"2021, 12, 05, 19, 43, 20"
b1a3dcaa-0c8f-4e12-8ee4-9c177b1aaee4,True,148,"2021, 12, 05, 19, 43, 20"
0db22f8f-b3f3-48f6-a8bc-25a59a595a47,False,147,"2021, 12, 05, 19, 43, 20"
f4eb1d0d-723a-4725-947d-b546bb7b4e9b,True,149,"2021, 12, 05, 19, 43, 20"
0b1dbd81-9e4b-4283-9605-c5f29b532829,False,148,"2021, 12, 05, 19, 43, 20"
52442974-3c71-4200-bfeb-3fdc74c7f572,True,50,"2021, 12, 05, 19, 43, 20"
c9203245-de04-41b7-bf3d-7dc58cfd4e54,False,149,"2021, 12, 05, 19, 43, 20"
1fab9f2e-ab19-4c51-a8ff-413db7c9fbd1,True,51,"2021, 12, 05, 19, 43, 20"
fd5cf9df-f8c9-4941-b58e-af1988fda969,False,50,"2021, 12, 05, 19, 43, 20"
810b1716-5ff3-4238-bfca-2c0c53f01ef6,True,52,"2021, 12, 05, 19, 43, 20"
68bd937d-e722-4a01-a428-1de7c447166e,False,51,"2021, 12, 05, 19, 43, 20"
df7b865c-3a5f-41b4-8b37-7cc7afee9e9d,True,53,"2021, 12, 05, 19, 43, 20"
8f11d0ba-151d-49e1-9d66-4992d8cb16a2,False,52,"2021, 12, 05, 19, 43, 20"
99f8fa8b-aec5-4894-8ea3-ad98f18aab53,True,54,"2021, 12, 05, 19, 43, 20"
4d57711c-8ec8-4965-ad11-b845db21e708,False,53,"2021, 12, 05, 19, 43, 20"
ea3ca2af-cfd7-48af-9e2e-4c309feef199,True,55,"2021, 12, 05, 19, 43, 20"
d22fa9a9-c807-4909-8970-3f62b99e8792,False,54,"2021, 12, 05, 19, 43, 20"
6206f8f1-e34a-4490-b100-84311e1c4d36,True,56,"2021, 12, 05, 19, 43, 20"
16579671-7d55-4208-bd86-3992b3a4b9db,False,55,"2021, 12, 05, 19, 43, 20"
c9b661e1-55bd-496a-b99c-8a3b3a71e41b,True,57,"2021, 12, 05, 19, 43, 20"
f76a9348-4f25-4b7a-8475-7e5f7d701e68,False,56,"2021, 12, 05, 19, 43, 20"
6f3a7d77-3d00-41a5-acce-16d55a91ddd1,True,58,"2021, 12, 05, 19, 43, 20"
0434bc32-42cc-4179-82be-1f591221357c,False,57,"2021, 12, 05, 19, 43, 20"
0a1d8415-c17f-4fda-8a35-40982538db83,True,59,"2021, 12, 05, 19, 43, 20"
2700ff4f-e04d-43df-8c3a-8aaf9bc4d159,False,58,"2021, 12, 05, 19, 43, 20"
3de2c7de-ec17-443d-a87a-ab7473e5e6f4,True,60,"2021, 12, 05, 19, 43, 20"
e2e31d51-8a53-4377-b32c-7831578d7705,False,59,"2021, 12, 05, 19, 43, 20"
7530baae-9fcc-4ef5-bf95-97f3be95631d,True,61,"2021, 12, 05, 19, 43, 20"
cc223a67-1f9d-4acf-b4bb-1dd98a27ebe8,False,60,"2021, 12, 05, 19, 43, 20"
8840ee85-270d-439d-97c9-5bcaf72f147c,True,62,"2021, 12, 05, 19, 43, 20"
5f304352-58f7-43ae-90cd-7c306ea8d557,False,61,"2021, 12, 05, 19, 43, 20"
6ba44c37-671c-42ae-a263-705fde28368a,True,63,"2021, 12, 05, 19, 43, 20"
328da5a4-5dec-4969-97cf-67b25f25f36e,False,62,"2021, 12, 05, 19, 43, 20"
28327b04-ca3d-486e-b93f-a530eceec461,True,64,"2021, 12, 05, 19, 43, 20"
5af66df4-42e4-462e-9fd0-59ed203d079d,False,63,"2021, 12, 05, 19, 43, 20"
44bf94af-407f-4ab9-9e69-bb5d78d28e86,True,65,"2021, 12, 05, 19, 43, 20"
ea20722a-c4c7-4c9c-8f2c-ece00d5a1a1e,False,64,"2021, 12, 05, 19, 43, 20"
2a36d9d2-5648-4946-b7bb-de6a6cfeb912,True,66,"2021, 12, 05, 19, 43, 20"
8999ae85-e54e-41d0-9ecf-a0faf2cecfc4,False,65,"2021, 12, 05, 19, 43, 20"
8aa3424e-ff01-4caa-a5cb-8d711ec731e7,True,67,"2021, 12, 05, 19, 43, 20"
e97d6fbf-c24c-4058-a139-12eb6e85b8bc,False,66,"2021, 12, 05, 19, 43, 20"
ea45d832-11df-45fd-a9d5-eaf7c7ad896f,True,68,"2021, 12, 05, 19, 43, 20"
48c7c150-6129-4323-b910-9ada7e133ef6,False,67,"2021, 12, 05, 19, 43, 20"
cebdd7e8-4565-4c4b-b55a-af354a729bcc,True,69,"2021, 12, 05, 19, 43, 20"
bc48b82e-d470-4ed4-8ca5-c2f68cd208ac,False,68,"2021, 12, 05, 19, 43, 20"
0b1fe3e5-0a36-4890-bcc3-e3a323830aa3,True,130,"2021, 12, 05, 19, 43, 20"
ad69541d-6b79-46fd-bfed-a577da2d8b86,False,69,"2021, 12, 05, 19, 43, 20"
96623aec-0b83-4916-8c33-4c8c1e282e86,True,131,"2021, 12, 05, 19, 43, 21"
8893df09-e989-4072-84db-3e90aed9b2d0,False,130,"2021, 12, 05, 19, 43, 21"
385d6ed1-7c8f-4ed5-940e-56e1b806adad,True,132,"2021, 12, 05, 19, 43, 21"
20b1c576-0577-4780-b41d-aaef85bffe16,False,131,"2021, 12, 05, 19, 43, 21"
af5d08e8-f455-4b5b-aa6b-de6f8e4d7dad,True,133,"2021, 12, 05, 19, 43, 21"
c34f5ba9-81d7-410f-aced-b34922916d2f,False,132,"2021, 12, 05, 19, 43, 21"
10defce4-8b80-4814-a324-474464fdb940,True,134,"2021, 12, 05, 19, 43, 21"
455037d8-7bd4-42c0-8345-30b8688a4937,False,133,"2021, 12, 05, 19, 43, 21"
7c60b30c-4695-4108-97a3-c192cf17cbc3,True,135,"2021, 12, 05, 19, 43, 21"
658ac807-1264-41e0-b8ca-c44d7f05e3db,False,134,"2021, 12, 05, 19, 43, 21"
37e34433-1750-4e9f-ba2e-b8c355e05094,True,136,"2021, 12, 05, 19, 43, 21"
72695f6f-cf09-47b3-9f91-94313bdb8d63,False,135,"2021, 12, 05, 19, 43, 21"
1cac294d-cb73-4986-9c99-dc6ac2eb46b0,True,137,"2021, 12, 05, 19, 43, 21"
b0712ab2-4e84-4a43-a410-f6e0bf63785b,False,136,"2021, 12, 05, 19, 43, 21"
825d173b-f02f-4869-9ae1-96995108bd9f,True,138,"2021, 12, 05, 19, 43, 21"
1f2ffac3-2203-4ca1-a62d-cad707275e45,False,137,"2021, 12, 05, 19, 43, 21"
3951e48f-d342-4488-ab0f-581f21b31809,True,139,"2021, 12, 05, 19, 43, 21"
8b80077c-99d2-4f1d-a5e7-e8a10413397a,False,138,"2021, 12, 05, 19, 43, 21"
52345084-d169-42b5-9b8d-865e05ec7d0d,True,190,"2021, 12, 05, 19, 43, 21"
71432153-162b-4dd8-abcf-9efd4a36ba25,False,139,"2021, 12, 05, 19, 43, 21"
5bcdeb25-fc71-4973-bb9b-7e7793c170cb,True,191,"2021, 12, 05, 19, 43, 21"
32070541-b277-407b-9fed-cdb664c9c21b,False,190,"2021, 12, 05, 19, 43, 21"
1f0cdb39-75a1-4759-a9b2-cce9ebdb5517,True,192,"2021, 12, 05, 19, 43, 21"
0b4a21d9-b4f5-443c-9f43-d95a34ba06a5,False,191,"2021, 12, 05, 19, 43, 21"
751d1463-2eef-4665-ba22-5537682829ae,True,193,"2021, 12, 05, 19, 43, 21"
95c260a9-7330-4649-96fa-5edf995b0c9a,False,192,"2021, 12, 05, 19, 43, 21"
21826790-e59d-4a1b-873d-6526111e6df9,True,194,"2021, 12, 05, 19, 43, 21"
6dcc4961-487e-4c0a-899d-fa08175b1711,False,193,"2021, 12, 05, 19, 43, 21"
9561bbe5-1ddc-42bc-a27b-9532d1267e76,True,195,"2021, 12, 05, 19, 43, 21"
bd05974b-8922-42da-a944-3069168a0d22,False,194,"2021, 12, 05, 19, 43, 21"
3b365173-d2e5-423b-bd64-e4d32f7e0726,True,196,"2021, 12, 05, 19, 43, 21"
e1cdd99e-d701-4475-b6af-b1f551167e8a,False,195,"2021, 12, 05, 19, 43, 21"
1b071bc5-d2aa-4df5-8544-99a739b26c28,True,197,"2021, 12, 05, 19, 43, 21"
be57f6ce-c50b-4a55-ad66-dcc83c3a006c,False,196,"2021, 12, 05, 19, 43, 21"
dfecb548-ca26-4449-9d52-d8d6ad2efbc0,True,198,"2021, 12, 05, 19, 43, 21"
369cffc1-7301-4b52-8395-fe085a767305,False,197,"2021, 12, 05, 19, 43, 21"
147de3e5-d9f0-4ec4-8123-d809b79cc075,True,199,"2021, 12, 05, 19, 43, 21"
72fb5276-853c-4ace-bc3a-bb14459645a9,False,198,"2021, 12, 05, 19, 43, 21"
44ad7a73-30e4-4808-8b0e-93ec9e31b2a0,True,10,"2021, 12, 05, 19, 43, 21"
cdab800b-0ee5-46ad-ac91-8b28ab288e0f,False,199,"2021, 12, 05, 19, 43, 21"
ca84ed1d-6eb4-4be1-b090-e782b99c7102,True,11,"2021, 12, 05, 19, 43, 21"
5190697d-b18a-43a8-b8a5-2bc1fa674f77,True,12,"2021, 12, 05, 19, 43, 21"
a6980733-3012-44e4-adf9-0e83ed5f91d6,True,13,"2021, 12, 05, 19, 43, 21"
73810ef6-e7b7-413e-9a2d-a7d8fa16b846,True,14,"2021, 12, 05, 19, 43, 21"
a79c85b8-6de1-42bc-b5c6-617b1f82f894,True,15,"2021, 12, 05, 19, 43, 21"
483724de-2381-4a92-866f-987b5ddc1d4a,True,16,"2021, 12, 05, 19, 43, 21"
b9647681-0f1e-4818-bd73-012527701e4b,True,17,"2021, 12, 05, 19, 43, 21"
14abd9e1-5661-4deb-b60f-a3de2881ad80,True,18,"2021, 12, 05, 19, 43, 21"
eed90f2d-28f5-4ad2-857a-e3e151a1c142,True,19,"2021, 12, 05, 19, 43, 21"
0489844e-4c6d-4c77-bb8d-93b3b730a98f,True,40,"2021, 12, 05, 19, 43, 21"
845a8b3a-3bff-41a3-b09a-0b465e426be9,True,41,"2021, 12, 05, 19, 43, 21"
9c059ccc-ae87-4a2e-9684-e25db37e867e,False,40,"2021, 12, 05, 19, 43, 21"
56e2791b-8248-424f-b620-2574e2a44b32,True,42,"2021, 12, 05, 19, 43, 21"
773a25b0-55d0-4e8d-a9fd-4c76d1f2bf26,False,41,"2021, 12, 05, 19, 43, 21"
56b5a657-5c21-45c4-8049-a2e701ec227b,True,43,"2021, 12, 05, 19, 43, 21"
af1bf315-beef-4871-84d8-e74241b4fcc1,False,42,"2021, 12, 05, 19, 43, 21"
9cefbfdf-3323-40c1-8327-602613cee247,True,44,"2021, 12, 05, 19, 43, 21"
91b1cb8d-23a0-430a-86d3-91c896abf727,False,43,"2021, 12, 05, 19, 43, 21"
cf4c344e-2d19-4024-9c0a-e0b10490987c,True,45,"2021, 12, 05, 19, 43, 21"
32462113-46c6-4cd6-84d4-1c764e78bf81,False,44,"2021, 12, 05, 19, 43, 21"
b6ef5c1b-71ac-4767-aa36-4b32557eac36,True,46,"2021, 12, 05, 19, 43, 21"
499c197b-5f90-4f8d-916d-d14ebe1773e6,False,45,"2021, 12, 05, 19, 43, 21"
482c6dfd-0eb8-402d-a0d1-842456cae95b,True,47,"2021, 12, 05, 19, 43, 21"
16280d5a-3d33-4ca2-a8c5-f08139ad0e0f,False,46,"2021, 12, 05, 19, 43, 21"
3a7bd783-14f9-461c-a62c-b3f04d36e55f,True,48,"2021, 12, 05, 19, 43, 21"
dc460ca2-c87e-497a-b257-44069c811dd9,False,47,"2021, 12, 05, 19, 43, 21"
3674b40d-52b5-4177-9681-375c8de583ef,True,49,"2021, 12, 05, 19, 43, 21"
073b54ba-f23c-47d0-88ac-426187c1ad9c,False,48,"2021, 12, 05, 19, 43, 21"
2bd05e59-2800-4893-9811-4de0d25357b2,True,210,"2021, 12, 05, 19, 43, 21"
445f8ae0-e285-4992-8e69-80125cabc903,False,49,"2021, 12, 05, 19, 43, 21"
d7c08944-e466-4da2-8fcb-3740c9ebf81c,True,211,"2021, 12, 05, 19, 43, 21"
7095f418-1ba3-42c9-9126-be35bde08d23,False,210,"2021, 12, 05, 19, 43, 21"
79fd6214-24fe-49f1-bd84-f9608c452d66,True,212,"2021, 12, 05, 19, 43, 21"
c0e37a33-9c2a-44b6-be78-353e74f2f6cf,False,211,"2021, 12, 05, 19, 43, 21"
d6ec69e9-bac3-427b-ba9f-ff6eefb0400c,True,213,"2021, 12, 05, 19, 43, 21"
8c25e84f-0dc9-4742-ab59-56880adc01cb,False,212,"2021, 12, 05, 19, 43, 21"
27964c5b-99e9-4bf5-ba08-647e8e85a5e6,True,214,"2021, 12, 05, 19, 43, 21"
e01e66d7-4f28-4692-b15b-2b26cfa4f95e,False,213,"2021, 12, 05, 19, 43, 21"
f99eef2e-16d3-45e4-8ebf-497fb24c836a,True,215,"2021, 12, 05, 19, 43, 21"
a3522899-2563-4577-8237-b8b10cc3b2b6,False,214,"2021, 12, 05, 19, 43, 21"
4d30f6dc-84e8-49e9-87aa-6aec0e8da956,True,216,"2021, 12, 05, 19, 43, 21"
24c65d04-0314-42bb-a946-48b4a4a9633e,False,215,"2021, 12, 05, 19, 43, 21"
c35d9c1f-1892-4b03-a112-49dbd0e2d76f,True,217,"2021, 12, 05, 19, 43, 21"
09c83bb1-efea-41ba-9354-519d584619c6,False,216,"2021, 12, 05, 19, 43, 21"
e5f06783-fb28-4dd7-bfb6-628ffc664fc4,True,218,"2021, 12, 05, 19, 43, 21"
bad93b30-cf50-4944-bbcb-a8b7e524e74a,False,217,"2021, 12, 05, 19, 43, 21"
db9cec17-ee62-4a54-b1fd-33af91ec6e34,True,219,"2021, 12, 05, 19, 43, 21"
1ffacc69-844c-415e-a48f-e191d86d08e1,False,218,"2021, 12, 05, 19, 43, 21"
658d6ac6-165f-484a-8d53-23935aaf593c,False,219,"2021, 12, 05, 19, 43, 21"
0ce2ee23-a843-4a36-9d1b-b7ae5a5c9a69,False,29,"2021, 12, 05, 19, 43, 21"
2c0d9acb-16df-4f13-b20b-03bdf1c3186c,False,28,"2021, 12, 05, 19, 43, 21"
4e886198-23c2-4afe-a068-ee8328b003a6,False,27,"2021, 12, 05, 19, 43, 21"
90aaeed0-d9cd-4d6e-8967-6c2433b8da6a,False,26,"2021, 12, 05, 19, 43, 21"
c7d545e4-1fd8-485d-b0e2-9b077468b881,False,25,"2021, 12, 05, 19, 43, 21"
45d08b14-0e00-48b8-889a-092e52c153cd,False,24,"2021, 12, 05, 19, 43, 21"
f0a9294f-61a1-4ef9-aa74-57feede7f644,False,23,"2021, 12, 05, 19, 43, 21"
dac7e665-1f6a-4edf-bfbb-ee121de6c4f8,False,22,"2021, 12, 05, 19, 43, 21"
0c93a7fd-2d28-4cfb-aa99-7e567dd241cd,False,21,"2021, 12, 05, 19, 43, 21"
226e665e-701f-4cba-8a92-591e2b68a427,False,20,"2021, 12, 05, 19, 43, 21"
936f49b7-d70f-4304-b274-18dd1cece1b8,False,19,"2021, 12, 05, 19, 43, 21"
d9599d2c-2078-44d3-9e8d-6251345e92ff,False,18,"2021, 12, 05, 19, 43, 21"
c5acb4b2-30b0-49ab-9fc1-c3121539a6de,False,17,"2021, 12, 05, 19, 43, 21"
a6599778-6feb-41ce-87e9-f172408d430d,False,16,"2021, 12, 05, 19, 43, 21"
c45fec26-9c79-4bc1-97eb-aa2a4813fcad,False,15,"2021, 12, 05, 19, 43, 21"
9cd1b5e7-9f93-4a06-bfdd-838617e14bc0,False,14,"2021, 12, 05, 19, 43, 21"
f986be18-b75a-4c6f-bf13-1693dd16a7cb,False,13,"2021, 12, 05, 19, 43, 21"
846c563c-a697-4962-acfd-763c10782b9a,False,12,"2021, 12, 05, 19, 43, 21"
bd579042-696b-4e84-8361-9f58330d17f2,False,11,"2021, 12, 05, 19, 43, 21"
f85da343-deb3-4c92-b5a7-6efdda645509,False,10,"2021, 12, 05, 19, 43, 21"
fd039267-4277-4515-b495-1fafc10ce2ff,False,9,"2021, 12, 05, 19, 43, 21"
8140a34f-6259-4e94-81f7-a4914e84666b,False,8,"2021, 12, 05, 19, 43, 21"
d775e177-941a-45bd-9385-d6fe445c2c70,False,7,"2021, 12, 05, 19, 43, 21"
ba801f97-501f-4b1f-ad1d-2c2ea8ab988d,False,6,"2021, 12, 05, 19, 43, 21"
509492ee-77d4-40e9-bd2a-b301dea3785c,False,5,"2021, 12, 05, 19, 43, 21"
db39375c-8fe7-4462-8245-c390f00ac22e,False,4,"2021, 12, 05, 19, 43, 21"
9b4c1ba6-28a6-4609-801d-34a00b43b498,False,3,"2021, 12, 05, 19, 43, 21"
1fc9805e-0489-47e5-8859-7dfbd620d591,False,2,"2021, 12, 05, 19, 43, 21"
82ff1f83-3292-4a75-a3ba-9fe41f101caa,False,1,"2021, 12, 05, 19, 43, 21"
49b92c94-761d-498d-9e7f-25247fb15f58,False,0,"2021, 12, 05, 19, 43, 21"
849ff2cb-82ef-492b-97ee-7f6e9a0c3a1e,True,180,"2021, 12, 05, 19, 44, 19"
3e445a25-a785-45a3-9c71-cb204de9d98e,True,181,"2021, 12, 05, 19, 44, 19"
ad575629-2c28-4072-b27d-78bd07ecb3af,False,180,"2021, 12, 05, 19, 44, 19"
e708042a-631f-447d-9cde-ffbc84d11a02,True,182,"2021, 12, 05, 19, 44, 19"
2dd6dd29-1a1d-4286-94f4-1ebca791cc2d,False,181,"2021, 12, 05, 19, 44, 19"
9557e752-516d-4bf7-8956-f5cc6e2989c2,True,183,"2021, 12, 05, 19, 44, 19"
2554838d-325e-4eff-a4b3-3adf3200f4ce,False,182,"2021, 12, 05, 19, 44, 19"
c78661e7-4b5e-40db-b389-f9f041db7735,True,184,"2021, 12, 05, 19, 44, 19"
c84554af-aa64-450f-945c-f730115f51dc,False,183,"2021, 12, 05, 19, 44, 19"
6f66caf2-bd35-4bbc-9cbd-35447d16aa0a,True,185,"2021, 12, 05, 19, 44, 19"
0b684369-b264-4163-8d81-6db9acc4356a,False,184,"2021, 12, 05, 19, 44, 19"
18442beb-a3b2-432d-b919-2d7896412264,True,186,"2021, 12, 05, 19, 44, 19"
081f2da1-f856-4e88-b1b5-c7fcd2ad255f,False,185,"2021, 12, 05, 19, 44, 19"
30d1c41f-4ff1-4640-a7e9-d125df5cf074,True,187,"2021, 12, 05, 19, 44, 19"
1c89419f-e367-4581-9dc3-b2047d6f7646,False,186,"2021, 12, 05, 19, 44, 19"
6599db71-378c-4474-bcbe-d1ff59706d1f,True,188,"2021, 12, 05, 19, 44, 19"
a94b808e-54be-481f-aea3-ad5a96a18a7c,False,187,"2021, 12, 05, 19, 44, 19"
259e6eda-06df-4b55-8132-0ddb81b3f2c9,True,189,"2021, 12, 05, 19, 44, 19"
897f7ca9-b7be-4ad9-8eef-da594e33a4b5,False,188,"2021, 12, 05, 19, 44, 19"
fb584fc2-e250-412e-9f03-2ba129ea2f8d,True,140,"2021, 12, 05, 19, 44, 19"
cee8e002-0c02-437c-8e7d-769a9df3a813,False,189,"2021, 12, 05, 19, 44, 19"
830ae6c3-b547-49d9-a5c0-1819fac71ecc,True,141,"2021, 12, 05, 19, 44, 19"
6245eab9-5441-4c3d-a287-1c500f29469f,False,140,"2021, 12, 05, 19, 44, 19"
c3470808-8856-4ca4-93c5-8d49d7de4cd9,True,142,"2021, 12, 05, 19, 44, 19"
5660ec5d-771a-47a2-9e5a-5bf376285d1e,False,141,"2021, 12, 05, 19, 44, 19"
afa706b0-c72d-4995-9595-cfd19d443d03,True,143,"2021, 12, 05, 19, 44, 19"
c8e7dadf-3163-4727-81c6-91827879b0bb,False,142,"2021, 12, 05, 19, 44, 19"
1a911f16-4cca-477b-84f3-1f5828b7b703,True,144,"2021, 12, 05, 19, 44, 19"
49c9c473-ac1c-4762-b13a-dbae2a9c04ac,False,143,"2021, 12, 05, 19, 44, 19"
1df55604-1f71-415c-9ebe-ff8805b932b8,True,145,"2021, 12, 05, 19, 44, 19"
c6d39055-af8e-4446-bb69-1d09e999ef02,False,144,"2021, 12, 05, 19, 44, 19"
30bd0ddd-49e9-4cb0-b58a-8e80aae09545,True,146,"2021, 12, 05, 19, 44, 19"
69a8d566-3dfb-4032-abea-80d8d2ea18b7,False,145,"2021, 12, 05, 19, 44, 19"
aa8bd806-bd08-4b6e-b883-e5595d6bcefe,True,147,"2021, 12, 05, 19, 44, 19"
5adb88fe-caba-4ba9-bc4e-9f75b3304c82,False,146,"2021, 12, 05, 19, 44, 19"
2e27c30a-7ce2-4749-adaf-72477fd3b704,True,148,"2021, 12, 05, 19, 44, 19"
0872005a-b346-45d6-9012-83f949aa9704,False,147,"2021, 12, 05, 19, 44, 19"
de559d54-7cd7-4459-8082-8563ac1f72bd,True,149,"2021, 12, 05, 19, 44, 19"
b5342b63-a3a2-4c2d-8ec5-09a4995df240,False,148,"2021, 12, 05, 19, 44, 19"
1189afca-12ac-4968-87fb-d9ab3b4f02b9,True,130,"2021, 12, 05, 19, 44, 19"
950df940-cf86-4b7a-b67b-5b5d2a44e314,False,149,"2021, 12, 05, 19, 44, 19"
05618b02-4bbd-4c50-8a3a-c348c64ef4e8,True,131,"2021, 12, 05, 19, 44, 19"
3a383b24-491c-434f-abcf-508519cff15d,False,130,"2021, 12, 05, 19, 44, 19"
899446e0-5fec-431b-8e3f-b2530f57291f,True,132,"2021, 12, 05, 19, 44, 20"
9db759a4-c56c-4dd2-a376-55b10de88638,False,131,"2021, 12, 05, 19, 44, 20"
f21e94ba-785c-4c7d-8074-ac85de1127a0,True,133,"2021, 12, 05, 19, 44, 20"
029203f1-19bb-4c4d-b5aa-9dc0990880f6,False,132,"2021, 12, 05, 19, 44, 20"
25a473a1-47a8-48fc-b361-826e09d27557,True,134,"2021, 12, 05, 19, 44, 20"
c0c68744-742a-404f-97d8-398187ca6af8,False,133,"2021, 12, 05, 19, 44, 20"
71bbdd8b-ceba-4af5-9ed5-c57f03611a4c,True,135,"2021, 12, 05, 19, 44, 20"
7d0e681b-5c5e-4435-a2cc-8e9b7664f708,False,134,"2021, 12, 05, 19, 44, 20"
113e418f-a7bc-460c-a72a-01b7f5eb6ca6,True,136,"2021, 12, 05, 19, 44, 20"
26247db6-81a1-4ad0-86a3-c29748911c16,False,135,"2021, 12, 05, 19, 44, 20"
1bda2a24-b20a-471e-9dfb-1db97783f17b,True,137,"2021, 12, 05, 19, 44, 20"
99481b9b-4813-4cb6-8873-6b2c0cdd05da,False,136,"2021, 12, 05, 19, 44, 20"
34d53a91-e820-45c6-b613-9e8dbfbeb9cc,True,138,"2021, 12, 05, 19, 44, 20"
c3d6d2fd-8350-49d7-9609-9c5e6b89bd7e,False,137,"2021, 12, 05, 19, 44, 20"
c601119d-c7d3-4929-bc1c-9a2d07b945bb,True,139,"2021, 12, 05, 19, 44, 20"
ee3576c5-dd92-4b60-95b1-b63542aee99d,False,138,"2021, 12, 05, 19, 44, 20"
59cf5f73-aa6d-477b-a7d3-618237a89c58,True,160,"2021, 12, 05, 19, 44, 20"
8c48e33f-9eb1-44b3-852e-9af7561dbd89,False,139,"2021, 12, 05, 19, 44, 20"
9b97dd7e-0e2f-4857-914e-7b8530713cb4,True,161,"2021, 12, 05, 19, 44, 20"
cc2e370d-7537-4c41-9ae5-4cae3b72f839,False,160,"2021, 12, 05, 19, 44, 20"
425593c7-f1ee-49e5-871e-5c8a969ee786,True,162,"2021, 12, 05, 19, 44, 20"
32739a8e-d4cf-42e4-a51c-8a751464800d,False,161,"2021, 12, 05, 19, 44, 20"
ae84ec06-8032-4ff8-8edd-c983b327e3a4,True,163,"2021, 12, 05, 19, 44, 20"
0b5d6a5e-a51c-471d-93e3-3fc5105dd9a7,False,162,"2021, 12, 05, 19, 44, 20"
d7494204-7d69-48b3-afcd-7679ea49bff5,True,164,"2021, 12, 05, 19, 44, 20"
1be4f936-badd-461d-b952-0f2150c043aa,False,163,"2021, 12, 05, 19, 44, 20"
59b6a5e2-7f5b-4c03-b7bc-2b982076603e,True,165,"2021, 12, 05, 19, 44, 20"
e8712127-11ea-40d7-80ee-14f2355119a7,False,164,"2021, 12, 05, 19, 44, 20"
5e7355d8-a593-4618-b460-c1eec03b1c42,True,166,"2021, 12, 05, 19, 44, 20"
dacedcea-0caa-4ff8-9baf-673442dcb0e2,False,165,"2021, 12, 05, 19, 44, 20"
ad35d20b-297a-4747-9481-51dd8860ef80,True,167,"2021, 12, 05, 19, 44, 20"
3126e9c4-8ce4-4e72-8ede-d0801ba50576,False,166,"2021, 12, 05, 19, 44, 20"
0047a8f9-fcba-4495-9c9c-5e10c7caf681,True,168,"2021, 12, 05, 19, 44, 20"
ff0bdf35-6a53-45b3-baf2-99a1d09ffaca,False,167,"2021, 12, 05, 19, 44, 20"
b792fb74-d657-4853-8d9c-b613d419647c,True,169,"2021, 12, 05, 19, 44, 20"
af757ea3-9e56-44cd-a983-24d560a87321,False,168,"2021, 12, 05, 19, 44, 20"
f1a23843-5eb0-453a-bc10-8a9dbe92a023,True,240,"2021, 12, 05, 19, 44, 20"
f3e0132e-eabd-4c5c-be91-e31e2b5521d8,False,169,"2021, 12, 05, 19, 44, 20"
ff0deb7c-c1d1-40c0-9db8-f3a05e52a562,True,241,"2021, 12, 05, 19, 44, 20"
ae3e6e6c-2a39-44d3-9e25-26d6d4d49cba,False,240,"2021, 12, 05, 19, 44, 20"
74b83dcf-2776-4df1-b257-14683cce4311,True,242,"2021, 12, 05, 19, 44, 20"
9984b35f-20ca-4197-ad6a-85d1dbf0ebcb,False,241,"2021, 12, 05, 19, 44, 20"
387ff136-afa6-48f7-a3d2-094360570ad5,True,243,"2021, 12, 05, 19, 44, 20"
bf8efb9f-a7c9-4eb6-afe9-5ab048bcae6a,False,242,"2021, 12, 05, 19, 44, 20"
a398f277-76d5-4232-9511-b2103bd97891,True,244,"2021, 12, 05, 19, 44, 20"
5b387aee-d319-4ffd-940d-9a258dc2057e,False,243,"2021, 12, 05, 19, 44, 20"
4b814daa-61c8-48e4-ba22-55606598d805,True,245,"2021, 12, 05, 19, 44, 20"
0e7dc8b3-f6d8-4d83-8b8d-ecb385e9a106,False,244,"2021, 12, 05, 19, 44, 20"
884598c8-9d0c-44eb-bcd2-4cc8048e8a46,True,40,"2021, 12, 05, 19, 44, 20"
07724198-6293-4cda-82fa-2d901dc2b9c2,False,245,"2021, 12, 05, 19, 44, 20"
8f09a97e-1071-47cd-85e3-1c368d8b9bf7,True,41,"2021, 12, 05, 19, 44, 20"
7415bf63-acb2-4529-9b72-6b4a4bf7c7a3,False,40,"2021, 12, 05, 19, 44, 20"
3d7f8c06-5719-49bb-a191-a9f663edced1,True,42,"2021, 12, 05, 19, 44, 20"
f1429443-ab7a-476c-9b7f-89373c9f5639,False,41,"2021, 12, 05, 19, 44, 20"
156355d7-66ad-494a-ac2b-7b0fbbecde5b,True,43,"2021, 12, 05, 19, 44, 20"
03162587-079e-4995-9e8f-4f1811297528,False,42,"2021, 12, 05, 19, 44, 20"
c3cc0e4d-17cc-4f9b-9a20-bf9a8629c757,True,44,"2021, 12, 05, 19, 44, 20"
890f9d56-df7d-4684-aff5-fbe586b7a099,False,43,"2021, 12, 05, 19, 44, 20"
922dfa92-0969-4573-894c-0848e80631ae,True,45,"2021, 12, 05, 19, 44, 20"
06ade51d-eb15-4b6b-993d-ea6b71900c01,False,44,"2021, 12, 05, 19, 44, 20"
14d12bdb-9ad3-4f6b-b897-19ff6d3f8a40,True,46,"2021, 12, 05, 19, 44, 20"
b64eff47-0511-4be0-b52c-5bb97fa932b0,False,45,"2021, 12, 05, 19, 44, 20"
db0455d3-dd38-480e-b859-f75a1eab42ba,True,47,"2021, 12, 05, 19, 44, 20"
19330e65-88fd-477f-b6e3-634b2b245c84,False,46,"2021, 12, 05, 19, 44, 20"
d07c0b2e-2558-42e3-9d60-b777b1ec26b9,True,48,"2021, 12, 05, 19, 44, 20"
eeab0ae6-4288-44f3-b236-cc23ba31eab5,False,47,"2021, 12, 05, 19, 44, 20"
efa7c02f-15de-4a85-8a8f-466d5c189676,True,49,"2021, 12, 05, 19, 44, 20"
a0a98e4b-ab95-4854-ba92-4041ecaa96d1,False,48,"2021, 12, 05, 19, 44, 20"
b754239b-38ea-43c2-93b6-26e397011867,True,0,"2021, 12, 05, 19, 44, 20"
a4a1a272-9470-4835-a6c1-f0f0c24cc756,False,49,"2021, 12, 05, 19, 44, 20"
630b59cc-922f-4fa8-bd65-18face6cb714,True,1,"2021, 12, 05, 19, 44, 20"
2f5677cd-066c-4907-9f3e-78a5a96f38e1,True,2,"2021, 12, 05, 19, 44, 20"
ba538270-25fa-407c-930b-54fa0c245f7f,True,3,"2021, 12, 05, 19, 44, 20"
3af32ccf-aca7-4e86-bf6a-1083d1749f5d,True,4,"2021, 12, 05, 19, 44, 20"
8228de09-e7b6-4130-a8bc-ebb8a14390ed,True,5,"2021, 12, 05, 19, 44, 20"
e1b96c46-13c5-4c4d-bc8b-9e835cd9b081,True,6,"2021, 12, 05, 19, 44, 20"
41cb40ab-5105-4f27-8a67-f2d1bec0db15,True,7,"2021, 12, 05, 19, 44, 20"
352f88b5-c50f-48d9-8063-c07aad3a4c78,True,8,"2021, 12, 05, 19, 44, 20"
9f0ed762-e3da-4360-9dd0-2c9fbd9fdf53,True,9,"2021, 12, 05, 19, 44, 20"
2e3bde95-17f5-4ee8-8b2c-9373b42d11d8,True,90,"2021, 12, 05, 19, 44, 20"
4394fa69-53da-4f81-bd54-2230761a868a,True,91,"2021, 12, 05, 19, 44, 20"
da241c70-d642-4bef-8537-9717653b33dd,False,90,"2021, 12, 05, 19, 44, 20"
ea760090-4048-4729-802a-e9fc5e03b2d4,True,92,"2021, 12, 05, 19, 44, 20"
1b87c7ea-aa02-4d93-bd51-d853ea25c9e2,False,91,"2021, 12, 05, 19, 44, 20"
48cef5b1-4d78-4c7f-a68b-cc30bfc4845e,True,93,"2021, 12, 05, 19, 44, 20"
abc359c2-53de-47c4-ab5f-d369fc815440,False,92,"2021, 12, 05, 19, 44, 20"
3b17c88c-df66-4a57-a3ee-46cdeec9c2e4,True,94,"2021, 12, 05, 19, 44, 20"
6817061b-1a50-48c6-bd31-153d81a46d38,False,93,"2021, 12, 05, 19, 44, 20"
fe18d3eb-0fd7-4605-aef5-627d61e52347,True,95,"2021, 12, 05, 19, 44, 20"
0910f3f6-e707-4cac-b6f1-b31b39121581,False,94,"2021, 12, 05, 19, 44, 20"
e8263d7f-8b80-4b86-801d-5b233b92a1a5,True,96,"2021, 12, 05, 19, 44, 20"
62c14fee-1754-4a51-b0c7-fe5a7a01559f,False,95,"2021, 12, 05, 19, 44, 20"
761bbc5a-7fd4-446a-b458-0b42ef75cf55,True,97,"2021, 12, 05, 19, 44, 20"
674e7da4-f44f-4cde-98ea-6e8935727314,False,96,"2021, 12, 05, 19, 44, 20"
b3781aeb-2ae8-41a2-a6fb-f3500428cb17,True,98,"2021, 12, 05, 19, 44, 20"
583aff21-6054-4de0-9a47-68bcf358df8a,False,97,"2021, 12, 05, 19, 44, 20"
ff205276-10ea-4d39-927e-b75121f36d71,True,99,"2021, 12, 05, 19, 44, 20"
7dedd767-68ba-4899-8f39-a6aa14505ee4,False,98,"2021, 12, 05, 19, 44, 20"
44f80ce4-0077-4f74-8497-5e890144d928,True,30,"2021, 12, 05, 19, 44, 20"
2ddad104-fc5b-4b48-affc-badcb6ef7bd7,False,99,"2021, 12, 05, 19, 44, 20"
7ca2008d-c2e1-4417-8cd5-968a1d8743e5,True,31,"2021, 12, 05, 19, 44, 20"
c4b90c69-cb40-4c60-a733-ccddc88ab587,True,32,"2021, 12, 05, 19, 44, 20"
4bf86ad4-141e-415f-887a-690161742836,True,33,"2021, 12, 05, 19, 44, 20"
61c20606-ab16-419f-b1a6-f6391abf5c2b,True,34,"2021, 12, 05, 19, 44, 20"
9013234a-0739-44d9-99d8-c62c8b060bfd,True,35,"2021, 12, 05, 19, 44, 20"
2afd6cdd-9621-48b9-8524-00d2c2559e14,True,36,"2021, 12, 05, 19, 44, 20"
a1fe78b3-bd61-4092-aa12-1f8c0667e17c,True,37,"2021, 12, 05, 19, 44, 20"
7e8e6ff1-b693-4bb6-86ae-9df37f0e1732,True,38,"2021, 12, 05, 19, 44, 20"
87fac57d-5122-4bad-acfd-7e5072aa48f0,True,39,"2021, 12, 05, 19, 44, 20"
53f9fe09-de44-4873-8fe0-e629061770d6,True,120,"2021, 12, 05, 19, 44, 20"
8bb8fd49-b418-4aa5-91cd-aec9fbd763f3,True,121,"2021, 12, 05, 19, 44, 20"
69701b39-d869-4e87-b557-c6a8aeeb8e25,False,120,"2021, 12, 05, 19, 44, 20"
318e5179-8f37-440e-932f-15f88f7b6aa7,True,122,"2021, 12, 05, 19, 44, 20"
c47f18cd-1dea-42fe-b93a-9f2f70a6be13,False,121,"2021, 12, 05, 19, 44, 20"
853fd8ac-66a3-4e42-91dd-dd19b1334b9b,True,123,"2021, 12, 05, 19, 44, 20"
2e89a72f-99e4-4f94-ad5b-dd662dc8fd03,False,122,"2021, 12, 05, 19, 44, 20"
16d6e0d6-0980-457e-8962-d8433eb940ad,True,124,"2021, 12, 05, 19, 44, 20"
1535ff8c-e23b-4f85-adee-913e09636b65,False,123,"2021, 12, 05, 19, 44, 20"
ae6498d3-df10-48e3-b1e2-85c0b84f999f,True,125,"2021, 12, 05, 19, 44, 20"
74d72939-0a16-4e62-96ee-4e28396d7ad4,False,124,"2021, 12, 05, 19, 44, 20"
8915a0f8-c2cc-46c1-8dd8-5a801c7a75b1,True,126,"2021, 12, 05, 19, 44, 20"
e2119051-aade-4de9-8b8c-b5f3a01cec81,False,125,"2021, 12, 05, 19, 44, 20"
01b5df0a-3fda-4790-9864-8e4abcc774eb,True,127,"2021, 12, 05, 19, 44, 20"
c605d951-92b6-467b-97d9-265fbef00e33,False,126,"2021, 12, 05, 19, 44, 20"
b2bd0d2e-1526-4392-ba4f-56dd806d1a74,True,128,"2021, 12, 05, 19, 44, 20"
31a92eb3-b23d-4881-8997-71409fc652bc,False,127,"2021, 12, 05, 19, 44, 20"
738a6e77-8649-4272-8f65-410e0ab950a5,True,129,"2021, 12, 05, 19, 44, 20"
f0cdcd43-ed4f-44e3-a6a7-99c45f8e50b5,False,128,"2021, 12, 05, 19, 44, 20"
810c0dd0-e065-4886-a5a8-fb2a4460972d,True,110,"2021, 12, 05, 19, 44, 20"
dc6e4ea3-4164-43be-8902-6c898371448e,False,129,"2021, 12, 05, 19, 44, 20"
3ddc7088-5de2-47e1-8460-fc9bc7222720,True,111,"2021, 12, 05, 19, 44, 20"
f7f8d909-83be-4ce3-af63-3253715af60b,False,110,"2021, 12, 05, 19, 44, 20"
be631ce4-eb48-4419-9cbe-09c5dc473071,True,112,"2021, 12, 05, 19, 44, 20"
9ddae2ef-4e79-4a42-89cf-396cfacefa86,False,111,"2021, 12, 05, 19, 44, 20"
65884437-1cc5-41ee-b729-14273441d4b9,True,113,"2021, 12, 05, 19, 44, 20"
a6870247-6d89-458d-898c-2f9072f80bb1,False,112,"2021, 12, 05, 19, 44, 20"
d8b0534b-5c1a-4b15-ab2c-7a5aa2c367ea,True,114,"2021, 12, 05, 19, 44, 20"
ad97911c-80ee-43b6-89e2-b83a0700b50d,False,113,"2021, 12, 05, 19, 44, 20"
35e8634f-be80-42f1-b06e-f6750c42f17b,True,115,"2021, 12, 05, 19, 44, 20"
1c32fcf1-b3e4-45ee-954f-17149fe7b192,False,114,"2021, 12, 05, 19, 44, 20"
dcd1aa86-a166-4f82-9e85-485524631ec2,True,116,"2021, 12, 05, 19, 44, 20"
b9d211df-28ec-45a4-9250-46d1e0a5b6a8,False,115,"2021, 12, 05, 19, 44, 20"
fd745f9a-ba17-40a5-a5d8-aa7e76978eb6,True,117,"2021, 12, 05, 19, 44, 20"
ea2ce46b-4759-4adf-b90e-f5d26ee7b96b,False,116,"2021, 12, 05, 19, 44, 20"
d9b3e8a9-c1b1-4f03-b60f-a81e83a7fa1a,True,118,"2021, 12, 05, 19, 44, 20"
ea13ace7-b9e2-4c1c-b246-14aa79a83ee1,False,117,"2021, 12, 05, 19, 44, 20"
26e80fad-f5b2-4beb-a8d9-c0a6b12ec9c3,True,119,"2021, 12, 05, 19, 44, 20"
d2819447-789b-4db8-89dc-6901a381d70c,False,118,"2021, 12, 05, 19, 44, 20"
f5c077fe-2fc7-4799-9b51-ae0452731d48,True,170,"2021, 12, 05, 19, 44, 20"
95d19400-e42f-4e45-ba71-849446a03ee9,False,119,"2021, 12, 05, 19, 44, 20"
a23bfd1d-6973-472f-82a5-c2413a4741cf,True,171,"2021, 12, 05, 19, 44, 20"
2a0ea050-29c3-4119-be43-73ce74e9071e,False,170,"2021, 12, 05, 19, 44, 20"
2d7dab02-29c2-4751-b190-d37ab1a16835,True,172,"2021, 12, 05, 19, 44, 20"
0ab13f80-c38c-4238-8dbc-b0e1231012e2,False,171,"2021, 12, 05, 19, 44, 20"
38c31bf4-1f40-4298-ac32-f44eb8679b5c,True,173,"2021, 12, 05, 19, 44, 20"
d83f22a5-8ad7-4215-9bd2-18b2e3b3990f,False,172,"2021, 12, 05, 19, 44, 20"
dd2c3f53-ba36-4969-8f97-1c93d360035f,True,174,"2021, 12, 05, 19, 44, 20"
fa44f203-05d0-4a81-aa22-0f522c88ae4e,False,173,"2021, 12, 05, 19, 44, 20"
fc2a5ebf-8529-4fc6-83a1-3d82abaf2565,True,175,"2021, 12, 05, 19, 44, 20"
4fae85ca-ecde-4eb8-988f-3c430706a80b,False,174,"2021, 12, 05, 19, 44, 20"
0cbd7303-e969-4178-a3b0-f10065e391b4,True,176,"2021, 12, 05, 19, 44, 20"
b534612b-df9d-4957-97b9-3047f4530b42,False,175,"2021, 12, 05, 19, 44, 20"
1f6b2f92-500f-49cb-83e7-d873dac898c0,True,177,"2021, 12, 05, 19, 44, 20"
c752e210-abea-45e7-b2a4-836db1c3005e,False,176,"2021, 12, 05, 19, 44, 20"
60d8f936-652e-4f48-a2ff-70741ef9b876,True,178,"2021, 12, 05, 19, 44, 20"
d9f44e96-a88b-4eb2-ad16-054582351c55,False,177,"2021, 12, 05, 19, 44, 20"
29c2fb95-7b75-4225-b179-4e5c8b892822,True,179,"2021, 12, 05, 19, 44, 20"
869bed54-c761-4d30-ab91-44aefc0e7277,False,178,"2021, 12, 05, 19, 44, 20"
7c9a9629-354b-42dd-950d-f562797b3363,True,210,"2021, 12, 05, 19, 44, 20"
9c3db1d9-b6b7-412f-a884-8465415972eb,False,179,"2021, 12, 05, 19, 44, 20"
7d0c9017-7ef4-44e2-829a-f9f2824cef25,True,211,"2021, 12, 05, 19, 44, 20"
7676e4a4-8e04-4b59-acc6-3be34fa74c27,False,210,"2021, 12, 05, 19, 44, 20"
44627114-f98a-4ce3-afb1-dcf8fc396413,True,212,"2021, 12, 05, 19, 44, 20"
13b0be89-2e80-4697-969c-8bbe003da869,False,211,"2021, 12, 05, 19, 44, 20"
e2ca3edb-54b9-4ad5-8cab-75f4606fd409,True,213,"2021, 12, 05, 19, 44, 20"
ce3d8322-5e9a-475f-90e9-dd04abcca985,False,212,"2021, 12, 05, 19, 44, 20"
0ce7664f-89f9-48a5-a94c-ace7a3ef6f7e,True,214,"2021, 12, 05, 19, 44, 20"
ee13678b-6f4c-4437-b7d7-4f8c8ed02129,False,213,"2021, 12, 05, 19, 44, 20"
e8eaed8a-6416-4001-8a70-36bd56626c63,True,215,"2021, 12, 05, 19, 44, 20"
38fbebdc-690a-4d0a-997e-a1d629a76a66,False,214,"2021, 12, 05, 19, 44, 20"
5b9457a3-0e5b-4008-ad2d-25c99872bfcb,True,216,"2021, 12, 05, 19, 44, 20"
b299c6d9-0578-452d-a774-2d3a7a280d8e,False,215,"2021, 12, 05, 19, 44, 20"
f7618b61-5513-4e7e-a81f-6bd788b36240,True,217,"2021, 12, 05, 19, 44, 20"
2af4dcee-2db1-4ad9-b64e-8d43388c47a7,False,216,"2021, 12, 05, 19, 44, 20"
a1726478-38e5-45a2-90e8-57c87c2bfcd5,True,218,"2021, 12, 05, 19, 44, 20"
9f5b5c6c-1937-47ba-bac8-401e66fb35b4,False,217,"2021, 12, 05, 19, 44, 20"
8da75b57-247e-42e6-b493-e05890dbb0b0,True,219,"2021, 12, 05, 19, 44, 20"
08d8dcd0-5ad0-403c-80c6-bded6e219b19,False,218,"2021, 12, 05, 19, 44, 20"
73b29d0e-3c28-45da-a5fe-88a284292e80,True,80,"2021, 12, 05, 19, 44, 20"
d00a647c-a430-4edd-b2c4-638e533222a0,False,219,"2021, 12, 05, 19, 44, 20"
7a82e0d1-dbeb-477c-b2a9-b007108c94c8,True,81,"2021, 12, 05, 19, 44, 20"
1c8b3144-ab0a-4ddf-b2f9-46c6dd0da371,False,80,"2021, 12, 05, 19, 44, 20"
1d6481e6-17a4-4323-ac88-3d109e685f81,True,82,"2021, 12, 05, 19, 44, 20"
ac1146ac-ec2d-40e6-bd7e-56b84d052434,False,81,"2021, 12, 05, 19, 44, 20"
5eaf5078-e313-43cc-b54c-5f6fde8133a1,True,83,"2021, 12, 05, 19, 44, 20"
6577a7dd-b3c3-41a1-bc9f-959fb49cdbfa,False,82,"2021, 12, 05, 19, 44, 20"
11d57558-1fd7-4ed1-ab7c-eeccec33f53a,True,84,"2021, 12, 05, 19, 44, 20"
2b761d1c-336d-4c55-95cf-faa4bf8ca19f,False,83,"2021, 12, 05, 19, 44, 20"
5e909622-6e5a-480f-bbf4-1073a5b47ed7,True,85,"2021, 12, 05, 19, 44, 20"
7273422b-224f-41c0-96a3-b70cad6e1b46,False,84,"2021, 12, 05, 19, 44, 20"
35eccd57-4366-4ae0-96b1-0642dbe3993a,True,86,"2021, 12, 05, 19, 44, 21"
76664828-1d01-40bf-ab0a-0071cddb1f56,False,85,"2021, 12, 05, 19, 44, 21"
597e4475-6a53-43a1-bb71-a2d88a1ee220,True,87,"2021, 12, 05, 19, 44, 21"
18318011-f96b-4c70-9086-3d917f310af1,False,86,"2021, 12, 05, 19, 44, 21"
c20db80a-9e72-447f-b3e4-a16a017c58e7,True,88,"2021, 12, 05, 19, 44, 21"
37baec6b-b068-4487-aefd-3fdf3713b496,False,87,"2021, 12, 05, 19, 44, 21"
b760641a-4c40-48d5-a739-0c4a93fc30a8,True,89,"2021, 12, 05, 19, 44, 21"
ede456fe-0c2a-4f19-9b5e-3cf54b1113e7,False,88,"2021, 12, 05, 19, 44, 21"
fa5a8d17-54f7-44c6-9784-67caa69ccace,True,100,"2021, 12, 05, 19, 44, 21"
e4aa3496-035b-4f44-bdbb-7428453cf6d7,False,89,"2021, 12, 05, 19, 44, 21"
de6bb06b-5e36-4ee4-b894-28eac52be4d3,True,101,"2021, 12, 05, 19, 44, 21"
4c6d8890-6042-44a8-8399-74b036953074,False,100,"2021, 12, 05, 19, 44, 21"
4fb31adf-72b2-4791-9ea0-66d50725789e,True,102,"2021, 12, 05, 19, 44, 21"
a5b77c7e-31a1-4b83-9c10-9700c1bfb9a8,False,101,"2021, 12, 05, 19, 44, 21"
d2efa15c-9157-4fc3-bfa4-9bbdfd71e70b,True,103,"2021, 12, 05, 19, 44, 21"
88794dc7-2d0a-4691-86cc-6b4ed8d9bc5d,False,102,"2021, 12, 05, 19, 44, 21"
12e0bf4e-9b3a-45be-8160-505604a061a2,True,104,"2021, 12, 05, 19, 44, 21"
093de39a-0a17-420c-a883-65cebb0bfd2a,False,103,"2021, 12, 05, 19, 44, 21"
138abfcf-e08d-443e-8c91-6e51034f727f,True,105,"2021, 12, 05, 19, 44, 21"
598e1a33-861b-41c8-91fd-1d11ad7fa37f,False,104,"2021, 12, 05, 19, 44, 21"
b239143d-b7e9-4489-b85a-14a32d956980,True,106,"2021, 12, 05, 19, 44, 21"
40f2c622-204b-45b8-8978-965789f34b19,False,105,"2021, 12, 05, 19, 44, 21"
2a974a26-c43a-4412-aef9-a005fa6f7baa,True,107,"2021, 12, 05, 19, 44, 21"
f3dca356-bfc3-4240-b56b-dfbb88d160d7,False,106,"2021, 12, 05, 19, 44, 21"
eaed9f6b-6254-410c-80ed-1f73757ad284,True,108,"2021, 12, 05, 19, 44, 21"
c910197c-9a7c-4fb5-9f18-3b4895dd4d4e,False,107,"2021, 12, 05, 19, 44, 21"
30a4700b-1998-4a08-a293-10c289b8894c,True,109,"2021, 12, 05, 19, 44, 21"
cff9f41d-a34e-4374-bcac-0c952285379b,False,108,"2021, 12, 05, 19, 44, 21"
1231bcc1-6083-48d8-80cd-aaef7a1a4426,True,246,"2021, 12, 05, 19, 44, 21"
8ad1f5d0-157f-4691-a11e-81db0bff43c9,False,109,"2021, 12, 05, 19, 44, 21"
011b8854-cd0f-486b-ab46-5727429f05ae,True,247,"2021, 12, 05, 19, 44, 21"
322a1569-b964-4a29-9fd5-919e98f534e3,False,246,"2021, 12, 05, 19, 44, 21"
7ea5442a-aa4b-4b18-b03d-be4b0e406436,True,248,"2021, 12, 05, 19, 44, 21"
9283900c-d672-4008-927f-ce7e39748ffa,False,247,"2021, 12, 05, 19, 44, 21"
dd9fafdc-c7ff-42f6-86b9-b961dfc84413,True,249,"2021, 12, 05, 19, 44, 21"
d920096d-b9c6-4dbe-b836-b6e5558961d5,False,248,"2021, 12, 05, 19, 44, 21"
600a3f38-fc6b-4578-a13a-23382f93c755,True,250,"2021, 12, 05, 19, 44, 21"
d0c50f2f-e4ff-438b-983e-1ea46ea57d9c,False,249,"2021, 12, 05, 19, 44, 21"
cc558c3d-a2b7-4fb0-b427-56a1a4861924,True,251,"2021, 12, 05, 19, 44, 21"
c82ef680-3403-41db-a188-24ae783c9731,False,250,"2021, 12, 05, 19, 44, 21"
c228dd0b-cefa-4ea1-a63c-0af908f419c4,True,20,"2021, 12, 05, 19, 44, 21"
05102a63-112b-4449-be7c-3a0d0eb8fa55,False,251,"2021, 12, 05, 19, 44, 21"
a3cc1df7-1565-471a-8690-ed437c327c2b,True,21,"2021, 12, 05, 19, 44, 21"
9013f21c-6b82-4e7c-b035-0c1685641c47,True,22,"2021, 12, 05, 19, 44, 21"
819ac242-3e4f-4cf5-82ab-243a2ef04399,True,23,"2021, 12, 05, 19, 44, 21"
7cf97d5d-0494-4fb7-83dd-7b765e62e485,True,24,"2021, 12, 05, 19, 44, 21"
d79fe495-aef8-4e89-8c8e-260875cc8835,True,25,"2021, 12, 05, 19, 44, 21"
c4f1e19a-2bce-40c5-87b5-1cd33f77c7e1,True,26,"2021, 12, 05, 19, 44, 21"
d0c38496-14f1-4b48-97b7-3bb600e0d140,True,27,"2021, 12, 05, 19, 44, 21"
7895f399-e94c-4f32-b29a-34570a85cd62,True,28,"2021, 12, 05, 19, 44, 21"
637499c7-2a40-4735-a52a-86ff05d1efcb,True,29,"2021, 12, 05, 19, 44, 21"
ea61dd8f-0c27-4559-937b-d5a9c97d517e,True,60,"2021, 12, 05, 19, 44, 21"
81ac2c95-5595-4ad7-a6b3-0ba5b1270a73,True,61,"2021, 12, 05, 19, 44, 21"
b284ea12-98e6-4847-bcd4-ac4b5627cf8f,False,60,"2021, 12, 05, 19, 44, 21"
1d0b9557-a227-4efb-9eb4-ef0ccadbf9ab,True,62,"2021, 12, 05, 19, 44, 21"
64f9b944-df87-4c95-9292-790ca54984c2,False,61,"2021, 12, 05, 19, 44, 21"
f6396156-3837-4a7d-bc06-02988cc9b0ad,True,63,"2021, 12, 05, 19, 44, 21"
0bc24e34-be09-4dc5-a4dd-695742cccac0,False,62,"2021, 12, 05, 19, 44, 21"
510da998-faa9-453a-9c1e-859b1158adc0,True,64,"2021, 12, 05, 19, 44, 21"
3ebfaa81-42f4-4223-9705-114043c180d4,False,63,"2021, 12, 05, 19, 44, 21"
b160787a-61c1-4469-be41-0b064e0aefa1,True,65,"2021, 12, 05, 19, 44, 21"
86bc3fdf-2ee6-4a25-90a1-288b1738d8f4,False,64,"2021, 12, 05, 19, 44, 21"
227e6556-7d2c-4427-b32e-5ce29ffacd59,True,66,"2021, 12, 05, 19, 44, 21"
06d8ebe5-d4bd-409b-b2eb-8e42ee0cda49,False,65,"2021, 12, 05, 19, 44, 21"
16b6b5d2-9b40-4a6e-8b35-8e6349922f7c,True,67,"2021, 12, 05, 19, 44, 21"
f864c90e-64f5-4646-ab96-a57d13de3275,False,66,"2021, 12, 05, 19, 44, 21"
9e2d46bf-ec3c-4c80-a15e-f67598e06bdf,True,68,"2021, 12, 05, 19, 44, 21"
bfa4d8a8-0f61-46c4-bf99-eafbc5959a8b,False,67,"2021, 12, 05, 19, 44, 21"
bfcd5299-6dfa-4a25-a8a1-dd4f26d93ac4,True,69,"2021, 12, 05, 19, 44, 21"
3269d000-5f06-4b9f-925d-41f20ea3a8c1,False,68,"2021, 12, 05, 19, 44, 21"
b469f6c5-94d4-46ab-9173-0a9c54a1bd17,True,190,"2021, 12, 05, 19, 44, 21"
b921ccd0-423f-4f06-8829-79812ca925c9,False,69,"2021, 12, 05, 19, 44, 21"
636113d8-86af-4d05-a65c-4d5d096307bb,True,191,"2021, 12, 05, 19, 44, 21"
96ac61ba-b155-47a4-ac79-eac5d2ec0a37,False,190,"2021, 12, 05, 19, 44, 21"
4ee596c3-356c-4863-b2af-56faf10517b6,True,192,"2021, 12, 05, 19, 44, 21"
f0dbb627-fa84-4d67-8d86-62c3151c9676,False,191,"2021, 12, 05, 19, 44, 21"
d1accbbe-41f3-4d39-88cf-4b3d19974d73,True,193,"2021, 12, 05, 19, 44, 21"
b0dddcd8-a76c-4f9e-8789-3e39e7398a15,False,192,"2021, 12, 05, 19, 44, 21"
83534493-646b-4d9f-b09e-85f22ee556de,True,194,"2021, 12, 05, 19, 44, 21"
2213db8a-df3a-42f1-a70c-b13887e30fe0,False,193,"2021, 12, 05, 19, 44, 21"
ca8fe83e-37cf-491f-9161-620f963124ac,True,195,"2021, 12, 05, 19, 44, 21"
a1b02039-dcac-4248-8ff3-26b29342ac17,False,194,"2021, 12, 05, 19, 44, 21"
f1ce67bb-c456-4467-9665-18ada5a51e3c,True,196,"2021, 12, 05, 19, 44, 21"
c1ddfd98-b196-4ad1-a4ee-c2b55c241666,False,195,"2021, 12, 05, 19, 44, 21"
9cd35c30-0938-48ab-a5ed-48270c842d35,True,197,"2021, 12, 05, 19, 44, 21"
29280989-0d2e-419e-8028-d5548ba4e76b,False,196,"2021, 12, 05, 19, 44, 21"
89090b10-8165-4944-b4e6-8305c46c074f,True,198,"2021, 12, 05, 19, 44, 21"
a4add741-84f7-4f43-86f5-035bd5669b6a,False,197,"2021, 12, 05, 19, 44, 21"
43c71a81-3104-49fe-b7da-16c7d0e63f22,True,199,"2021, 12, 05, 19, 44, 21"
e1a87162-6b7e-4f07-967e-6edf45604804,False,198,"2021, 12, 05, 19, 44, 21"
6770369f-dce7-48d2-849f-931567a861ee,True,50,"2021, 12, 05, 19, 44, 21"
4ec896ea-dcc1-44d1-ac91-bf9dc4306d9a,False,199,"2021, 12, 05, 19, 44, 21"
918d3b9f-6f71-458a-8e36-18098940ea97,True,51,"2021, 12, 05, 19, 44, 21"
14909f22-104c-4a1e-a0f8-e61aa0c4d179,False,50,"2021, 12, 05, 19, 44, 21"
abef9bc9-2b21-4b2a-9b95-610f62c027b0,True,52,"2021, 12, 05, 19, 44, 21"
67cadbc7-c62d-43fb-8d45-b396092a763c,False,51,"2021, 12, 05, 19, 44, 21"
7a034893-2786-4d67-bf20-6d24a8574f53,True,53,"2021, 12, 05, 19, 44, 21"
9b4c1846-01aa-40b2-9117-230423f3dafe,False,52,"2021, 12, 05, 19, 44, 21"
204ee9e7-c433-48cc-a3de-862f2ce34b70,True,54,"2021, 12, 05, 19, 44, 21"
04438ba1-cf60-47c8-bbb3-7ebadd18b3f6,False,53,"2021, 12, 05, 19, 44, 21"
3b8364ee-a488-4ba7-82a4-2a40b13c2115,True,55,"2021, 12, 05, 19, 44, 21"
3e66767f-ee84-44c9-a764-4f6ae146738e,False,54,"2021, 12, 05, 19, 44, 21"
62905d57-b862-41b0-9620-802ee273eb11,True,56,"2021, 12, 05, 19, 44, 21"
c293f246-4fd3-40d1-9097-ad66b8b0eb7a,False,55,"2021, 12, 05, 19, 44, 21"
50ac752c-5b8a-4260-b07e-c4fc311d0f27,True,57,"2021, 12, 05, 19, 44, 21"
5ab0a0a0-abb3-4717-a0a3-7089e0758ecb,False,56,"2021, 12, 05, 19, 44, 21"
c6ef6c92-25b4-4500-a1ce-dfe784222c46,True,58,"2021, 12, 05, 19, 44, 21"
04602674-8c24-473b-8362-14814ae7ab9c,False,57,"2021, 12, 05, 19, 44, 21"
320242c0-17d7-4d32-872f-d0fc957aca90,True,59,"2021, 12, 05, 19, 44, 21"
2bedc215-6128-47b1-a043-07b7f36bb104,False,58,"2021, 12, 05, 19, 44, 21"
c90c58f9-17ff-44e0-be8c-56625aedf3b5,True,220,"2021, 12, 05, 19, 44, 21"
c70174b2-b138-4ef2-87c5-b8fecd8b47d9,False,59,"2021, 12, 05, 19, 44, 21"
0ad345c9-5642-44b4-8da2-fe523e586fb4,True,221,"2021, 12, 05, 19, 44, 21"
3835c12d-81e8-4b92-a9b9-1603233f09f0,False,220,"2021, 12, 05, 19, 44, 21"
a6d4b418-25f3-4679-8b9a-d15631ad0db9,True,222,"2021, 12, 05, 19, 44, 21"
c0eb06e3-fd70-4b32-9297-aa5fa04f36e3,False,221,"2021, 12, 05, 19, 44, 21"
9214d78a-b318-4ec9-8b0c-25a71763424f,True,223,"2021, 12, 05, 19, 44, 21"
6b4bf645-c821-4ce7-bd1c-50babd227735,False,222,"2021, 12, 05, 19, 44, 21"
d9e0ef6f-797f-451d-855f-f9c622d56aa2,True,224,"2021, 12, 05, 19, 44, 21"
68e926f0-0ffc-4371-a987-fcfff9be9984,False,223,"2021, 12, 05, 19, 44, 21"
c45ca5da-e959-481a-901a-c546d6949106,True,225,"2021, 12, 05, 19, 44, 21"
2b945154-6394-4eff-8c6e-7cbc1a90aa21,False,224,"2021, 12, 05, 19, 44, 21"
8d25c828-8edf-4e06-9544-c01fc681258e,True,226,"2021, 12, 05, 19, 44, 21"
12ae99f3-ffc7-41cb-8c6e-888cb03d7a4b,False,225,"2021, 12, 05, 19, 44, 21"
060dd126-bbd4-4d0b-b8f4-70332a906c26,True,227,"2021, 12, 05, 19, 44, 21"
6f2cfb12-808f-47c0-b233-6a7f7653d3d1,False,226,"2021, 12, 05, 19, 44, 21"
1fcfef65-46f7-4510-873d-54d127e91bd6,True,228,"2021, 12, 05, 19, 44, 21"
384f1217-950f-40eb-8011-deff86eb7dcd,False,227,"2021, 12, 05, 19, 44, 21"
2b6f5d02-e217-4da1-a993-f79dc37876b8,True,229,"2021, 12, 05, 19, 44, 21"
ca509855-c9dc-4af1-ab73-7895373cf978,False,228,"2021, 12, 05, 19, 44, 21"
d88235dc-6c3f-4325-ad0a-4479a538b5b6,True,150,"2021, 12, 05, 19, 44, 21"
1eca3317-cfae-4164-a8c4-3c73b636edb4,False,229,"2021, 12, 05, 19, 44, 21"
001af2ef-9636-4d4b-95ed-c9f4ad5256b3,True,151,"2021, 12, 05, 19, 44, 21"
dc27aa07-697c-45c9-b1da-24df27a6797d,False,150,"2021, 12, 05, 19, 44, 21"
805ff56d-519f-42c0-83fa-45212eab773e,True,152,"2021, 12, 05, 19, 44, 21"
d18e8480-0abc-4707-9737-c88dbb7f892a,False,151,"2021, 12, 05, 19, 44, 21"
b880c7a9-6572-43da-931a-9f931b129006,True,153,"2021, 12, 05, 19, 44, 21"
0d591168-b7ce-4579-9bfa-af1a2098119a,False,152,"2021, 12, 05, 19, 44, 21"
27dcafae-0648-4b50-aaf7-9da133cd4b9f,True,154,"2021, 12, 05, 19, 44, 21"
531c8928-d6b7-439a-b23c-9bc4485c0685,False,153,"2021, 12, 05, 19, 44, 21"
f4f57f28-c506-4e54-bce6-f1f846908b4b,True,155,"2021, 12, 05, 19, 44, 21"
175f5852-af8a-4374-b60b-c6f2c3414dc0,False,154,"2021, 12, 05, 19, 44, 21"
fdcdcb3b-5d18-4d44-a632-9864efb099dd,True,156,"2021, 12, 05, 19, 44, 21"
5cec9549-951c-421f-a84f-61ee39ebd800,False,155,"2021, 12, 05, 19, 44, 21"
df99df31-8746-482e-9c8b-3117cd09cd0f,True,157,"2021, 12, 05, 19, 44, 21"
10762b74-9011-4195-b78d-dd238bcaf349,False,156,"2021, 12, 05, 19, 44, 21"
4961fe67-2cef-4c70-af28-5e4478ff7ada,True,158,"2021, 12, 05, 19, 44, 21"
c5af5e70-0784-4462-a087-8e43ef159b06,False,157,"2021, 12, 05, 19, 44, 21"
c5d9cb9b-f646-4d75-b0f5-97b8992acd15,True,159,"2021, 12, 05, 19, 44, 21"
9c1d8c6b-133e-460b-9e1e-1794b44dae2f,False,158,"2021, 12, 05, 19, 44, 21"
225be4e8-7e4e-497a-beba-4e79578131b1,True,70,"2021, 12, 05, 19, 44, 21"
f74a9930-2c6f-4d1a-9361-c9feffa9a566,False,159,"2021, 12, 05, 19, 44, 21"
1d0c5296-a0d6-4344-9140-3a2b0d59f678,True,71,"2021, 12, 05, 19, 44, 21"
9bfe22fb-8151-4a8e-a2b0-dc748af976c1,False,70,"2021, 12, 05, 19, 44, 21"
fcaec7cd-39d7-4f00-92f5-0ba3a6cff0e1,True,72,"2021, 12, 05, 19, 44, 21"
de058055-5d7d-494c-b70b-b80dcb653bee,False,71,"2021, 12, 05, 19, 44, 21"
89494f5e-2ac9-4624-b043-106785505883,True,73,"2021, 12, 05, 19, 44, 21"
e34d2b4d-024b-472e-8f7a-7a2a39a2cac7,False,72,"2021, 12, 05, 19, 44, 21"
9db2f46a-32dd-4ad7-a875-9237e25ec8c3,True,74,"2021, 12, 05, 19, 44, 21"
42640b8e-8032-464e-b307-593978606375,False,73,"2021, 12, 05, 19, 44, 21"
9b713727-f3e7-4223-895c-59a6209cd3e8,True,75,"2021, 12, 05, 19, 44, 21"
a330b75a-6724-4036-bbea-91bf053a7b50,False,74,"2021, 12, 05, 19, 44, 21"
fedd2709-1dd8-4e8b-b75b-f8cb6269136b,True,76,"2021, 12, 05, 19, 44, 21"
6ec74ad8-fa48-4230-8628-ec462d48f884,False,75,"2021, 12, 05, 19, 44, 21"
ef058d93-ae5b-404c-92e7-f8c215c6406c,True,77,"2021, 12, 05, 19, 44, 21"
0f8b88b5-0e07-4e7b-8fd6-dbb5595b8444,False,76,"2021, 12, 05, 19, 44, 21"
cb7c08bd-6629-4a53-961a-919a6a24784f,True,78,"2021, 12, 05, 19, 44, 21"
041bb9ae-f2bf-4ec2-8d72-7c642581c743,False,77,"2021, 12, 05, 19, 44, 21"
9b426f19-f267-4a5f-84fc-095eb3175274,True,79,"2021, 12, 05, 19, 44, 21"
9ba758d6-ab1f-475f-8021-5aa71608df6f,False,78,"2021, 12, 05, 19, 44, 21"
9b4890cc-a3fa-466d-8d7e-1a98fba0c438,True,10,"2021, 12, 05, 19, 44, 21"
8393896a-709f-4a9c-8909-8b35d41a9bb8,False,79,"2021, 12, 05, 19, 44, 21"
22a27bf1-df71-424b-90e2-a21a7e0fe460,True,11,"2021, 12, 05, 19, 44, 21"
ac64920f-65a8-4207-8c41-8408063e1745,True,12,"2021, 12, 05, 19, 44, 21"
c9326a5f-897a-4584-898f-4128fbbf4f4e,True,13,"2021, 12, 05, 19, 44, 21"
b78e5f82-110e-4687-9ff7-6e381d612b4c,True,14,"2021, 12, 05, 19, 44, 21"
21af6194-730c-431b-8c22-d1172c50b653,True,15,"2021, 12, 05, 19, 44, 21"
064d07af-9d53-4129-ba53-42fc041aa8e2,True,16,"2021, 12, 05, 19, 44, 21"
15854be0-0c5b-453c-80a7-0f2757ab9825,True,17,"2021, 12, 05, 19, 44, 21"
ad3d68f4-30ee-4e72-b2c8-0cd96bbf16be,True,18,"2021, 12, 05, 19, 44, 21"
1b95ac42-2257-4c09-abb6-1db0f9cd8dff,True,19,"2021, 12, 05, 19, 44, 21"
525504dd-e49d-42df-8b45-eed6f79f0a00,True,200,"2021, 12, 05, 19, 44, 21"
cd185348-abd3-4503-9b53-80a480de2730,True,201,"2021, 12, 05, 19, 44, 21"
a17c1ff9-4365-4b04-a441-434116268ce9,False,200,"2021, 12, 05, 19, 44, 21"
9ce4c2b8-d41c-4a4c-954b-d4b61f835edc,True,202,"2021, 12, 05, 19, 44, 21"
8833dbc5-f0fb-4763-8fb2-bfe59ea844b1,False,201,"2021, 12, 05, 19, 44, 21"
362d3dbd-55fe-4c26-ac1f-ad67cac614f3,True,203,"2021, 12, 05, 19, 44, 21"
77c7ceb6-bdeb-4dfe-8552-9192a26f732c,False,202,"2021, 12, 05, 19, 44, 21"
757e1401-609a-43f7-9c55-629e8935984a,True,204,"2021, 12, 05, 19, 44, 21"
3413cf5c-fc26-4f0b-b3fc-a1e9ef9e0f25,False,203,"2021, 12, 05, 19, 44, 21"
c0919f13-cc5f-4135-8dcb-fde7307e2fd9,True,205,"2021, 12, 05, 19, 44, 21"
9ab0bf8c-936d-4b36-95f6-c4dc9086315a,False,204,"2021, 12, 05, 19, 44, 21"
290b38c3-fd99-441c-9f95-38d6d3c88778,True,206,"2021, 12, 05, 19, 44, 21"
f0f01d01-9357-47d2-9b0a-6162f825f32f,False,205,"2021, 12, 05, 19, 44, 21"
da534251-fa89-43f0-aa7a-da68178b2ddd,True,207,"2021, 12, 05, 19, 44, 21"
4f9b7bd7-eab4-42d8-9a59-bf5b1adc5a62,False,206,"2021, 12, 05, 19, 44, 21"
c52d0351-a6f4-4f96-b2d3-62c8904eaca5,True,208,"2021, 12, 05, 19, 44, 21"
5db5902a-9d3c-436b-8b33-d2c51a0bef3e,False,207,"2021, 12, 05, 19, 44, 21"
0afff181-e799-450a-9141-66c267d118cb,True,209,"2021, 12, 05, 19, 44, 21"
e175885e-aaf5-4093-8be6-5ab7fcff7823,False,208,"2021, 12, 05, 19, 44, 21"
df0591aa-8e57-41b1-aae1-c40700badd9c,True,230,"2021, 12, 05, 19, 44, 21"
8d2a8ebd-b9be-4e86-a738-c1a6fe3bb9f5,False,209,"2021, 12, 05, 19, 44, 21"
73b96af8-1823-44aa-96e2-67c9b2e9d45f,True,231,"2021, 12, 05, 19, 44, 21"
e1fa5acd-2a2a-4a6f-a13d-efb7d238201d,False,230,"2021, 12, 05, 19, 44, 21"
75e16467-d5aa-4911-99d3-c03dfc95fd84,True,232,"2021, 12, 05, 19, 44, 21"
370f03cc-a2e1-4540-830b-f98252fe49f9,False,231,"2021, 12, 05, 19, 44, 21"
85dcafbe-5fbb-4295-b8f0-63a87b68ffaf,True,233,"2021, 12, 05, 19, 44, 21"
8272a674-211a-46e8-8561-a17e0ac1fa1b,False,232,"2021, 12, 05, 19, 44, 21"
82f31e9d-1998-4b79-b896-5f6ce07f14a7,True,234,"2021, 12, 05, 19, 44, 21"
f19533da-1797-492d-9543-ed13e0d825d6,False,233,"2021, 12, 05, 19, 44, 21"
697b4f1d-5b3e-46e9-a309-fe7221e7f39b,True,235,"2021, 12, 05, 19, 44, 21"
f49a6dee-aa7e-4c3c-90ec-b743cc71a44a,False,234,"2021, 12, 05, 19, 44, 21"
cbd54c9d-832e-420f-a4ec-3c2fb085b259,True,236,"2021, 12, 05, 19, 44, 21"
3a5d7a38-c9fd-48cb-8aef-dc6159e785ab,False,235,"2021, 12, 05, 19, 44, 21"
310fda89-cea6-40fa-b21a-789cb34e3f09,True,237,"2021, 12, 05, 19, 44, 21"
16dcf98f-6528-4642-b965-e3e189d4d01b,False,236,"2021, 12, 05, 19, 44, 21"
f1998593-391c-49d9-a48a-1bf2a0bdc355,True,238,"2021, 12, 05, 19, 44, 21"
57fbb575-e70c-439d-a045-3c96a467db09,False,237,"2021, 12, 05, 19, 44, 21"
5e64a143-d217-4cb7-9632-c97818218828,True,239,"2021, 12, 05, 19, 44, 21"
0a3fc78e-5260-4be3-8cda-9f300271fbd4,False,238,"2021, 12, 05, 19, 44, 21"
053ff3da-178a-44a5-a522-7fd66fe476d1,False,239,"2021, 12, 05, 19, 44, 21"
7a95cfe7-c0c3-41d8-9e7c-555da97cd0ad,False,19,"2021, 12, 05, 19, 44, 21"
5965f07d-2ca2-40f5-ad83-04bc5f2d3f66,False,18,"2021, 12, 05, 19, 44, 21"
9879115a-3d7e-496e-b5e3-edb0c83ef1ce,False,17,"2021, 12, 05, 19, 44, 21"
f07ace0b-a9af-4c89-afb1-3d0bd4a36717,False,16,"2021, 12, 05, 19, 44, 21"
85b288c6-cb17-4df4-b4ed-99b3a538746b,False,15,"2021, 12, 05, 19, 44, 21"
9d92e4b7-53c3-494e-afa9-bce6454eaa25,False,14,"2021, 12, 05, 19, 44, 21"
8ff709ed-53f1-47d3-859a-0b6cb7ec477b,False,13,"2021, 12, 05, 19, 44, 21"
36243e53-ae62-450f-ab72-4b3acb18de1e,False,12,"2021, 12, 05, 19, 44, 21"
8ca4f976-88c7-44bc-b164-751b048c3572,False,11,"2021, 12, 05, 19, 44, 21"
1b0ffd38-c3a3-41af-8321-5df9f1f04fdd,False,10,"2021, 12, 05, 19, 44, 21"
a103ae99-0098-4956-86f8-7a07f3ae31ac,False,29,"2021, 12, 05, 19, 44, 21"
236178e0-aba8-4970-a0e3-728c86c07df8,False,28,"2021, 12, 05, 19, 44, 21"
01c35335-40a6-4b56-ab1d-8b0eb4398171,False,27,"2021, 12, 05, 19, 44, 21"
b7b40e56-3d52-4652-83b4-d0949c6a2323,False,26,"2021, 12, 05, 19, 44, 21"
1531861f-8fbf-4f50-a4d6-7222888729a0,False,25,"2021, 12, 05, 19, 44, 21"
3170bf18-ca3b-4c81-a839-4b95ab7e066f,False,24,"2021, 12, 05, 19, 44, 21"
995bbb8a-1422-486f-9e80-717e1b22532a,False,23,"2021, 12, 05, 19, 44, 21"
85a1a2c0-e4dc-4382-b9e9-9e94da7cb4a2,False,22,"2021, 12, 05, 19, 44, 21"
d8da75ae-ae9e-45f7-9470-00ee31f04bc7,False,21,"2021, 12, 05, 19, 44, 21"
bdbda32c-172f-4b40-8ea3-cf70f95793d1,False,20,"2021, 12, 05, 19, 44, 21"
01b9b0b2-b30f-40bf-9ef2-35cb874e946c,False,39,"2021, 12, 05, 19, 44, 21"
81e0e6f9-6947-41d2-b6ac-48368fcd6555,False,38,"2021, 12, 05, 19, 44, 21"
fa12cc0a-2ddb-4c1c-94f6-5df9362584a2,False,37,"2021, 12, 05, 19, 44, 21"
49779969-4c46-406c-a6ba-4c079b8fa71b,False,36,"2021, 12, 05, 19, 44, 21"
2878a20c-4944-4d62-8c5b-2810a53366b4,False,35,"2021, 12, 05, 19, 44, 21"
a8ef6a89-2fda-4171-9e21-c720cc6fbf43,False,34,"2021, 12, 05, 19, 44, 21"
d6f22310-5d76-4cea-b0a2-237d509d5e52,False,33,"2021, 12, 05, 19, 44, 21"
db680571-26b3-4788-a057-d391bb4cb996,False,32,"2021, 12, 05, 19, 44, 21"
64b7586e-627c-4537-b63b-b7d6699a3856,False,31,"2021, 12, 05, 19, 44, 21"
06fb6abb-8fd0-4699-8769-eb1813f6b527,False,30,"2021, 12, 05, 19, 44, 21"
0b716634-8445-43bb-99cf-1b803a8a0c70,False,9,"2021, 12, 05, 19, 44, 21"
032cd428-96af-438b-812c-a299c679afec,False,8,"2021, 12, 05, 19, 44, 21"
d705c5fe-529a-459d-b219-8e1af506a589,False,7,"2021, 12, 05, 19, 44, 21"
65c360fd-decc-48d5-afb5-a50409a1825f,False,6,"2021, 12, 05, 19, 44, 21"
f3a0c364-0a0a-4aea-968d-5a0c2d48db91,False,5,"2021, 12, 05, 19, 44, 21"
2573556f-d71c-469b-84fe-8dc1cac41bf5,False,4,"2021, 12, 05, 19, 44, 21"
1a381f81-e475-47d9-a210-d65f3156c625,False,3,"2021, 12, 05, 19, 44, 21"
d6e8d4c1-2cf7-4aa9-9e03-c2a3a6efd548,False,2,"2021, 12, 05, 19, 44, 21"
3a59ca07-d553-410e-b7b0-d1b73f39ec26,False,1,"2021, 12, 05, 19, 44, 21"
18cbfeb9-ef30-4f64-a7ae-284cc236fcde,False,0,"2021, 12, 05, 19, 44, 21"
