2b4be51e-997a-465e-9415-a23e894ed442,True,230,"2021, 10, 31, 21, 16, 42"
749ae3af-c248-4b28-8781-40e475ab23f5,False,230,"2021, 10, 31, 21, 16, 42"
fe72ad6e-d4e4-4e6c-ab02-f895ab26dab3,True,231,"2021, 10, 31, 21, 16, 42"
41f00a5b-0ff7-46ec-80f6-49c0f38fae9a,False,230,"2021, 10, 31, 21, 16, 44"
217cca2e-27c9-49cf-803e-1c133d905c6a,False,231,"2021, 10, 31, 21, 16, 44"
25fce80c-eb40-40f1-8fbb-13f0b143fb87,True,232,"2021, 10, 31, 21, 16, 44"
7aaad0fb-3ce6-4123-845e-3f6d7c106d0e,False,231,"2021, 10, 31, 21, 16, 46"
9e822968-1b2e-4b75-a7ca-a0267a39cf0b,False,232,"2021, 10, 31, 21, 16, 46"
e28113f9-019b-4dda-86e6-fac482b9c3d4,True,233,"2021, 10, 31, 21, 16, 46"
486b3ccc-5b7c-417f-a3b7-27ae2dc10630,False,232,"2021, 10, 31, 21, 16, 48"
80362302-bce9-4ba9-8b9e-0d90c58f92d6,False,233,"2021, 10, 31, 21, 16, 48"
3efe7bc5-37ef-47ad-80f6-57245ae62cd6,True,234,"2021, 10, 31, 21, 16, 48"
aeb48096-b2aa-49d8-b347-e1e208a5cf03,False,233,"2021, 10, 31, 21, 16, 50"
cbac03b4-5531-4eb7-ac6b-a173a802fe85,False,234,"2021, 10, 31, 21, 16, 50"
bcc8820c-42b9-41df-b7cc-70442060fc5f,True,235,"2021, 10, 31, 21, 16, 50"
b85ce8af-b5a2-4e63-8835-fc904f11718c,False,234,"2021, 10, 31, 21, 16, 52"
7f433c50-388c-4bb3-8ce2-bbd014b8f16e,False,235,"2021, 10, 31, 21, 16, 52"
a80bfc1f-001d-4ed9-b39b-d01bfd997aaf,True,236,"2021, 10, 31, 21, 16, 52"
9be41ae2-5025-453f-897e-fb3aa79c9453,False,235,"2021, 10, 31, 21, 16, 54"
eb553152-165b-4789-83b9-168665f3ca4d,False,236,"2021, 10, 31, 21, 16, 54"
2f387a31-7489-427e-8cfc-79c8a6623ce8,True,237,"2021, 10, 31, 21, 16, 54"
472e4983-e932-4f8c-beb6-47b20bb0478a,False,236,"2021, 10, 31, 21, 16, 56"
a288f6a5-e066-4a97-973d-56518bd67d67,False,237,"2021, 10, 31, 21, 16, 56"
c2ab116d-1f84-474d-b299-91c81db24b14,True,238,"2021, 10, 31, 21, 16, 56"
1c47a610-04c6-4b61-92ac-7684809beaaa,False,237,"2021, 10, 31, 21, 16, 58"
0fa9cfb6-81d6-47ef-ae23-001b3d2df280,False,238,"2021, 10, 31, 21, 16, 58"
a5ea91c3-0837-4cfd-8417-2a82c6ed8ad2,True,239,"2021, 10, 31, 21, 16, 58"
0510bb20-42ad-4202-b348-1644cbb07a4e,False,238,"2021, 10, 31, 21, 17, 00"
f6a0c0b0-08df-404c-bac0-a5f51c8bce35,False,239,"2021, 10, 31, 21, 17, 00"
1817cf39-ce4e-4062-82e3-7c026c5dc21a,True,100,"2021, 10, 31, 21, 17, 00"
1239cc02-5de0-4a48-9623-ece76e58f2ca,False,239,"2021, 10, 31, 21, 17, 02"
9215e430-b397-4a09-8780-594bd28193f7,False,100,"2021, 10, 31, 21, 17, 02"
f5391d3c-0800-4aac-b4c5-a47548ba1269,True,101,"2021, 10, 31, 21, 17, 02"
9aa43784-792c-4266-88d1-3d29d020c484,False,100,"2021, 10, 31, 21, 17, 04"
419a749c-cf61-4206-918d-63a3a3cb0baa,False,101,"2021, 10, 31, 21, 17, 04"
a099ce98-81bb-461c-9751-afdb332783a1,True,102,"2021, 10, 31, 21, 17, 04"
5a514d4d-e47e-4ca5-9f60-a6944bb7582d,False,101,"2021, 10, 31, 21, 17, 06"
b7eb166a-cfc8-4e2a-a79e-0d82af52126e,False,102,"2021, 10, 31, 21, 17, 06"
57711965-f565-4d5d-8097-6c981c9bde92,True,103,"2021, 10, 31, 21, 17, 06"
e5f92fab-c5d1-4fcb-acef-dfa3f557ac0a,False,102,"2021, 10, 31, 21, 17, 08"
22e6004e-7642-4c85-a243-9c4e94ed47e7,False,103,"2021, 10, 31, 21, 17, 08"
d54d0030-d9b0-41b6-96b1-f500eaaa101b,True,104,"2021, 10, 31, 21, 17, 08"
afd928bd-49c7-4270-a4c3-27058575a528,False,103,"2021, 10, 31, 21, 17, 10"
73cb5c37-da92-4e94-9970-0b0bc6aa2508,False,104,"2021, 10, 31, 21, 17, 10"
50fa2576-895f-4a3c-a67c-af248856c403,True,105,"2021, 10, 31, 21, 17, 10"
51fe92d8-c4d2-4573-bad0-30af728ab71e,False,104,"2021, 10, 31, 21, 17, 12"
099420e6-3f78-4968-9810-2234b58d0a81,False,105,"2021, 10, 31, 21, 17, 12"
e259d86b-12b7-4fbd-be37-1149e67f1653,True,106,"2021, 10, 31, 21, 17, 12"
b1361900-9c34-4aa6-8fc3-7eaa4f4f7783,False,105,"2021, 10, 31, 21, 17, 14"
6cf0b415-fb8b-4094-997e-f43b47b884f1,False,106,"2021, 10, 31, 21, 17, 14"
7e69308b-9c28-4c39-a70e-d2f68e45bb2a,True,107,"2021, 10, 31, 21, 17, 14"
e72b1239-be51-4a44-b759-ad923d3f19bd,False,106,"2021, 10, 31, 21, 17, 16"
4bb8bd3a-2ea2-4977-898b-75eac6c488a1,False,107,"2021, 10, 31, 21, 17, 16"
cdd6ff4b-e419-4e0d-ab8e-e28cfc79ae79,True,108,"2021, 10, 31, 21, 17, 16"
fad22409-d6da-43e2-8b5b-205ec8855d35,False,107,"2021, 10, 31, 21, 17, 18"
24a1d0fb-daa1-4a01-929c-dbcf43283e83,False,108,"2021, 10, 31, 21, 17, 18"
2731f718-cd21-485d-b53b-f20ac06e6de4,True,109,"2021, 10, 31, 21, 17, 18"
9905839f-edad-4bc5-be47-1a235288abff,False,108,"2021, 10, 31, 21, 17, 20"
420298ca-795b-41ef-88d4-b749fc3803bd,False,109,"2021, 10, 31, 21, 17, 20"
8b6a6728-56b2-4ab2-85b5-a991f4ea156d,True,120,"2021, 10, 31, 21, 17, 20"
1ace6ddf-cc08-45c4-83bd-4db387f5b695,False,109,"2021, 10, 31, 21, 17, 22"
006473fa-c4ec-477b-9990-9a46961efa49,False,120,"2021, 10, 31, 21, 17, 22"
8224450d-e6f6-4244-872a-9561677c2aee,True,121,"2021, 10, 31, 21, 17, 22"
473652d6-4156-4d50-b233-c0bd2219ab23,False,120,"2021, 10, 31, 21, 17, 24"
33933101-41cf-4330-b3c5-ef1e9c12e1c8,False,121,"2021, 10, 31, 21, 17, 24"
0b61af92-c659-48ca-a49e-92057995e35e,True,122,"2021, 10, 31, 21, 17, 24"
b53bf52a-4734-4a4f-ba97-035c31be210a,False,121,"2021, 10, 31, 21, 17, 26"
1ab5f713-8d39-4491-a556-dc09227f1a75,False,122,"2021, 10, 31, 21, 17, 26"
cd2e910b-112f-4ad6-9a83-2a800a83d2b8,True,123,"2021, 10, 31, 21, 17, 26"
60557f0a-0524-43ca-8585-275da8ee03bd,False,122,"2021, 10, 31, 21, 17, 29"
af97b3de-4d08-4b19-b0a1-1aa7edb540ea,False,123,"2021, 10, 31, 21, 17, 29"
c51e97f7-7eaf-4b08-9f6a-729bbe6f5123,True,124,"2021, 10, 31, 21, 17, 29"
da717c49-7a4c-4f09-8e4f-481c3cb155c8,False,123,"2021, 10, 31, 21, 17, 31"
19fc8a8e-536e-458a-bec6-b802d4f27a8c,False,124,"2021, 10, 31, 21, 17, 31"
9d3c7cf7-069e-4564-aada-eac150712f88,True,125,"2021, 10, 31, 21, 17, 31"
20a8241d-857a-4269-a8d7-3ea9cb57289c,False,124,"2021, 10, 31, 21, 17, 33"
95e71a67-bc5e-494b-bc1d-1162a542a33b,False,125,"2021, 10, 31, 21, 17, 33"
843e3c9e-a7eb-48ab-a746-3f0ca715948c,True,126,"2021, 10, 31, 21, 17, 33"
d8e5beba-d0f2-4f9b-a109-c139d7edaac5,False,125,"2021, 10, 31, 21, 17, 35"
c8e0dd5c-2a1f-4030-a37a-cac9ad2ea4d8,False,126,"2021, 10, 31, 21, 17, 35"
cc33a0a5-e9f1-4fd7-80be-c8345839b715,True,127,"2021, 10, 31, 21, 17, 35"
c6227df7-9ed7-4d0f-bc9e-92ed422894bc,False,126,"2021, 10, 31, 21, 17, 37"
09b5d4f8-4036-42c6-a03f-62faf57f6868,False,127,"2021, 10, 31, 21, 17, 37"
bc87a352-92c6-4c70-9ce7-f4e9c761a5f4,True,128,"2021, 10, 31, 21, 17, 37"
19be7343-458b-496e-96d3-bf2b3d49effd,False,127,"2021, 10, 31, 21, 17, 39"
1e62f56f-43b1-4bcd-9257-7456856acbe4,False,128,"2021, 10, 31, 21, 17, 39"
de274807-4dfb-437a-acf4-9c09340092a4,True,129,"2021, 10, 31, 21, 17, 39"
92d207d4-253e-456f-a152-2e631996a8f7,False,128,"2021, 10, 31, 21, 17, 41"
a7b8dfc1-babd-4b3b-89b6-421ae2dd34ba,False,129,"2021, 10, 31, 21, 17, 41"
c3da6cb6-a9f4-436a-a471-1eab597a7147,True,70,"2021, 10, 31, 21, 17, 41"
4f11afa5-cc03-4735-9890-f0fed85a2d6c,False,129,"2021, 10, 31, 21, 17, 43"
3e9cdad8-82b9-4947-8cc4-edc736d049cc,False,70,"2021, 10, 31, 21, 17, 43"
4b77de67-6ba4-463c-842e-46eb8c93e0ff,True,71,"2021, 10, 31, 21, 17, 43"
ec9c040d-ad3e-40ca-a65f-260338a18ad7,False,70,"2021, 10, 31, 21, 17, 45"
7e14ba45-446d-44c4-a3e4-734a1f42192c,False,71,"2021, 10, 31, 21, 17, 45"
d19b5434-64e2-488f-b6ae-35220f6269f6,True,72,"2021, 10, 31, 21, 17, 45"
54caf93c-3a97-47ea-badc-4a82f1fd46a8,False,71,"2021, 10, 31, 21, 17, 47"
6307e04e-0213-438c-86ea-85b3bc6e07fc,False,72,"2021, 10, 31, 21, 17, 47"
5e52711d-c6b5-47e2-8482-2563c4664a56,True,73,"2021, 10, 31, 21, 17, 47"
6684cd23-56c4-40d9-8e63-3829df363376,False,72,"2021, 10, 31, 21, 17, 49"
288bd8b2-37dd-420a-9ed3-6085152997cb,False,73,"2021, 10, 31, 21, 17, 49"
780b0c26-5cb3-47f0-acca-f6d30b1985a6,True,74,"2021, 10, 31, 21, 17, 49"
3c819a59-d753-4454-a308-6c4003d687ac,False,73,"2021, 10, 31, 21, 17, 51"
3761e420-435b-4b5d-8bdf-3aab526bbbf6,False,74,"2021, 10, 31, 21, 17, 51"
08d0bfef-fc37-4327-b4e7-c389a3a767b9,True,75,"2021, 10, 31, 21, 17, 51"
9dbdb7c4-b784-4cca-b6a9-40c885e57b0a,False,74,"2021, 10, 31, 21, 17, 53"
17c90080-c683-4504-b6cd-4ca5d53162c8,False,75,"2021, 10, 31, 21, 17, 53"
1cca0c36-7b59-498d-b468-f90441c0f1e6,True,76,"2021, 10, 31, 21, 17, 53"
c762295f-bbfa-45c0-bcb5-7b18b476aeab,False,75,"2021, 10, 31, 21, 17, 55"
025e79b0-4bc2-49df-910a-b0f523274cc9,False,76,"2021, 10, 31, 21, 17, 55"
65de5eca-a7b3-463f-af5e-5a7b0e15b9b3,True,77,"2021, 10, 31, 21, 17, 55"
6426ac60-d222-4252-98f4-5da1fb9d8356,False,76,"2021, 10, 31, 21, 17, 57"
b893821e-91ba-4154-b896-728d4d87137d,False,77,"2021, 10, 31, 21, 17, 57"
467ffb44-f7b1-41df-a6f7-f8ca9a4c2ccd,True,78,"2021, 10, 31, 21, 17, 57"
80c0c3b5-19b8-4619-949f-1ea5b875fdcf,False,77,"2021, 10, 31, 21, 17, 59"
c9af4f79-46ea-480a-b495-9b34250642ca,False,78,"2021, 10, 31, 21, 17, 59"
8f498b32-fab2-4bd2-9bdd-b8456c437392,True,79,"2021, 10, 31, 21, 17, 59"
505f8402-fdf8-4786-981a-97abf91bc8c7,False,78,"2021, 10, 31, 21, 18, 01"
4b1bb832-7687-4fdb-a223-b8407e5c5b5c,False,79,"2021, 10, 31, 21, 18, 01"
11ebc0e2-1387-47a3-b29e-84ec8a1927a1,True,60,"2021, 10, 31, 21, 18, 01"
fcaaebf5-35f1-4e77-a4f8-5ad1dbe9a979,False,79,"2021, 10, 31, 21, 18, 03"
e58bcae3-c426-49eb-b409-75ede69c9016,False,60,"2021, 10, 31, 21, 18, 03"
95b9747c-a6cb-4302-a169-2865a1fd28d7,True,61,"2021, 10, 31, 21, 18, 03"
fb2b3cc2-ad89-4cee-a277-27b9b04a2407,False,60,"2021, 10, 31, 21, 18, 05"
863e4bf8-ae39-4899-a90a-9e05ac6feac5,False,61,"2021, 10, 31, 21, 18, 05"
466e2978-53ac-4896-a997-37b784ad139f,True,62,"2021, 10, 31, 21, 18, 05"
4be580a4-bf51-451a-a59e-4a820b5086b5,False,61,"2021, 10, 31, 21, 18, 08"
d7e15695-a354-431e-a192-422458d75e6d,False,62,"2021, 10, 31, 21, 18, 08"
cdd4bc73-57b1-448e-a5b5-11b4598764fd,True,63,"2021, 10, 31, 21, 18, 08"
47fd2604-9230-470b-8d22-21df5d694260,False,62,"2021, 10, 31, 21, 18, 10"
33c60aa8-cbe4-47ca-bf85-2df186becae3,False,63,"2021, 10, 31, 21, 18, 10"
b94edab4-c3f5-432d-8100-26aa00f82bc3,True,64,"2021, 10, 31, 21, 18, 10"
12134b18-3c31-4b3d-9cb5-9b23b2027565,False,63,"2021, 10, 31, 21, 18, 12"
a4cafbd3-6c13-4621-8f8d-8b3b43035bc7,False,64,"2021, 10, 31, 21, 18, 12"
566f3ef1-ea27-4bbe-aeb4-a60596ae7b5a,True,65,"2021, 10, 31, 21, 18, 12"
b80b65af-fd13-4d68-a101-f046d8af6de0,False,64,"2021, 10, 31, 21, 18, 14"
1c2f5f7f-11ec-493b-bcf5-a4da570fa657,False,65,"2021, 10, 31, 21, 18, 14"
457e8f2e-9229-4c1d-8855-99e7802bc9a3,True,66,"2021, 10, 31, 21, 18, 14"
7abd3cd6-0cbb-49dd-a3ff-e16c1b67187a,False,65,"2021, 10, 31, 21, 18, 16"
9f1215f3-02ee-4eb0-9ec4-00837f412b62,False,66,"2021, 10, 31, 21, 18, 16"
163bbe71-3c85-4185-b745-6ee15ae17321,True,67,"2021, 10, 31, 21, 18, 16"
cd90acc1-ea9c-4b37-a84c-b07e849892cf,False,66,"2021, 10, 31, 21, 18, 18"
48a254e7-cc6f-40ed-a556-d424ed03c620,False,67,"2021, 10, 31, 21, 18, 18"
64618740-b409-4f81-9437-743ea6f5afc5,True,68,"2021, 10, 31, 21, 18, 18"
e6014212-3b67-4356-b9c2-fbce595ad06a,False,67,"2021, 10, 31, 21, 18, 20"
6aa39be5-ee29-4680-9ed3-93c24ded2220,False,68,"2021, 10, 31, 21, 18, 20"
53de478e-44eb-420c-9479-55f4e3a6743c,True,69,"2021, 10, 31, 21, 18, 20"
8a3e48d6-a250-440c-a7ac-7345c17345a4,False,68,"2021, 10, 31, 21, 18, 22"
3d40b314-f1f5-491c-984c-a81c95070987,False,69,"2021, 10, 31, 21, 18, 22"
9419321f-e513-4897-9cd9-5f3ba77cea0d,True,20,"2021, 10, 31, 21, 18, 22"
42de19d9-dc98-4f4c-b988-98a92834c1d4,False,69,"2021, 10, 31, 21, 18, 24"
e11fae7c-4dcb-4c5f-9436-8e154ea7a0d5,False,20,"2021, 10, 31, 21, 18, 24"
ac5bbc25-ec34-47da-8d85-89af4ffb90e9,True,21,"2021, 10, 31, 21, 18, 24"
22041d27-78fc-4e3d-b1fe-932f6f0716b7,False,20,"2021, 10, 31, 21, 18, 26"
632b153d-c364-467b-b8a8-770fa2919ccf,False,21,"2021, 10, 31, 21, 18, 26"
3d4f9b16-0ef9-4adc-9e50-71c8404d49ce,True,22,"2021, 10, 31, 21, 18, 26"
48e092de-8317-44de-8952-d416480c9552,False,21,"2021, 10, 31, 21, 18, 28"
bdf3c8bd-d3a3-4460-b856-11e54ff60f5b,False,22,"2021, 10, 31, 21, 18, 28"
d4973189-f07e-4d00-bbfb-0cb64165e03c,True,23,"2021, 10, 31, 21, 18, 28"
0cb28600-3bf0-40fa-b5e8-ebaf3df64690,False,22,"2021, 10, 31, 21, 18, 30"
988d5a89-02ee-4e37-95bb-e641a19dfe4f,False,23,"2021, 10, 31, 21, 18, 30"
2212334f-546a-429b-8637-31c8a0647ee9,True,24,"2021, 10, 31, 21, 18, 30"
1311137d-6714-4b74-8e81-f2685e33152e,False,23,"2021, 10, 31, 21, 18, 32"
c735a1b8-63f6-4dbd-a9e2-2b9d8e6d49bc,False,24,"2021, 10, 31, 21, 18, 32"
089d8899-a1d7-4d9f-bb10-6c1e8a99e94a,True,25,"2021, 10, 31, 21, 18, 32"
a19dba9a-9700-469b-acfa-3e690c386087,False,24,"2021, 10, 31, 21, 18, 34"
8031ec4c-aa68-44d0-9a0f-d370460d36e8,False,25,"2021, 10, 31, 21, 18, 34"
4aba7dc1-a7d9-4539-8b19-37b4bf9d9341,True,26,"2021, 10, 31, 21, 18, 34"
043d23c5-6ce6-41f6-9277-ed901f6eed67,False,25,"2021, 10, 31, 21, 18, 36"
5f0f10da-1cce-495f-898d-37f0464d8822,False,26,"2021, 10, 31, 21, 18, 36"
ecee056f-3ed5-497c-9202-ec6728e75ce4,True,27,"2021, 10, 31, 21, 18, 36"
ad3dea8f-9717-41e0-b506-111fd793d455,False,26,"2021, 10, 31, 21, 18, 38"
1d97f4d2-f0a6-45bb-8d8e-2ee13755eee3,False,27,"2021, 10, 31, 21, 18, 38"
4d523a71-8080-4f2e-9071-d30660f598bd,True,28,"2021, 10, 31, 21, 18, 38"
b4ffab2f-4c3a-4a24-9754-ad1d4fbfd317,False,27,"2021, 10, 31, 21, 18, 40"
d87c405e-29ef-4eb3-87ff-6d1e3a8c1aae,False,28,"2021, 10, 31, 21, 18, 40"
d97dd1de-5b2d-4c17-b912-0079e15e1bff,True,29,"2021, 10, 31, 21, 18, 40"
50be8a39-1b0b-4aac-8d2b-8c8cf726e0da,False,28,"2021, 10, 31, 21, 18, 42"
ff1fd487-8c81-4714-914f-9abbd1fda0d2,False,29,"2021, 10, 31, 21, 18, 43"
abdf077b-5faf-40e9-9ecb-4ff6af0916e4,True,90,"2021, 10, 31, 21, 18, 43"
bce7e605-5c1c-400c-a423-7876d74ddd95,False,29,"2021, 10, 31, 21, 18, 45"
080ac221-93bd-44d9-a574-7dfc47763cf5,False,90,"2021, 10, 31, 21, 18, 45"
6a5f15a8-10d1-46e9-b3a1-0c8b1715a6c3,True,91,"2021, 10, 31, 21, 18, 45"
feae0ece-c392-42ff-95a4-23951ca1d0b3,False,90,"2021, 10, 31, 21, 18, 47"
f25fa183-dafa-4c98-8684-aa375495fdd8,False,91,"2021, 10, 31, 21, 18, 47"
30587e85-e8bc-4d3b-a85e-0a7d3f071ee2,True,92,"2021, 10, 31, 21, 18, 47"
c504b80e-f088-467b-85d9-9bc855bed7e1,False,91,"2021, 10, 31, 21, 18, 49"
fd60ebfb-0a08-4eaf-b18b-15bb41a8249e,False,92,"2021, 10, 31, 21, 18, 49"
fda4bddf-8da6-47a3-a54c-aed545913b58,True,93,"2021, 10, 31, 21, 18, 49"
c3aa04b4-0a4c-429a-9119-3cd1a1b10500,False,92,"2021, 10, 31, 21, 18, 51"
1bcda6a7-1c18-42d4-a7d6-69c4261df472,False,93,"2021, 10, 31, 21, 18, 51"
0d65f040-2c7b-4947-8104-56e41f313c68,True,94,"2021, 10, 31, 21, 18, 51"
defeb2b1-ac6b-4586-a550-71c94b73b8e7,False,93,"2021, 10, 31, 21, 18, 53"
e3a7c0f3-df82-4585-9d32-7a02261f1ff9,False,94,"2021, 10, 31, 21, 18, 53"
cec44142-af2c-4e76-bd15-4eb95b5cdd45,True,95,"2021, 10, 31, 21, 18, 53"
6ef80666-e179-47dd-9e88-fc83a724988f,False,94,"2021, 10, 31, 21, 18, 55"
102271d9-d58d-459f-b917-ddd5a4b62588,False,95,"2021, 10, 31, 21, 18, 55"
a45aa949-1855-4593-a97b-963c99de2a76,True,96,"2021, 10, 31, 21, 18, 55"
0d494f9b-196b-4373-b786-7be75fd6fba9,False,95,"2021, 10, 31, 21, 18, 58"
1d2ee025-e026-4bf4-ad2c-cc21d4247a8d,False,96,"2021, 10, 31, 21, 18, 58"
fd7ffd4c-14fe-4f75-aff5-144b16be05ea,True,97,"2021, 10, 31, 21, 18, 58"
62668a08-6dd2-473d-a141-6a402c736b61,False,96,"2021, 10, 31, 21, 19, 00"
0728e836-7efc-4094-8738-754dfe8e59a2,False,97,"2021, 10, 31, 21, 19, 00"
9b4bff17-8b36-43b0-98f2-5cd96652a1e5,True,98,"2021, 10, 31, 21, 19, 00"
e735a1ef-7d85-4abf-af87-8bd5e7dce79e,False,97,"2021, 10, 31, 21, 19, 02"
7e720f55-46c9-4643-9e2a-988f0800bc22,False,98,"2021, 10, 31, 21, 19, 02"
de62e7a5-823d-4ea2-86d2-5aa353774410,True,99,"2021, 10, 31, 21, 19, 02"
60ff0a9a-31fc-4aa0-b371-e699233ff2a1,False,98,"2021, 10, 31, 21, 19, 04"
ddc43ec2-1424-4944-b66f-4b4b4d807118,False,99,"2021, 10, 31, 21, 19, 04"
f3fead95-ab57-4b87-bb20-4274698df230,True,160,"2021, 10, 31, 21, 19, 04"
05f539bc-4110-46ed-b76c-239d5bf1dd77,False,99,"2021, 10, 31, 21, 19, 06"
ce30e5d4-754a-47e6-9a67-5a0562dbc147,False,160,"2021, 10, 31, 21, 19, 06"
15f44d00-a5f9-4aa9-8d6d-61378c86f18c,True,161,"2021, 10, 31, 21, 19, 06"
567c5a06-6492-41f0-b87e-a1e77cc245d0,False,160,"2021, 10, 31, 21, 19, 08"
8f31daa4-6046-4d85-9e37-501536769e31,False,161,"2021, 10, 31, 21, 19, 08"
17d132b2-53a1-4f2b-8b15-142af1d03823,True,162,"2021, 10, 31, 21, 19, 08"
1bb86094-73a1-4b00-ac98-1925f534c6c6,False,161,"2021, 10, 31, 21, 19, 10"
3de995d7-78a6-4a21-8ee7-8ce9bfcb2cc8,False,162,"2021, 10, 31, 21, 19, 10"
eac4b039-d99a-4f7a-8ae1-284d37695b7c,True,163,"2021, 10, 31, 21, 19, 10"
0b0bed85-f30a-4dcc-8722-b9a0d0ec5b4e,False,162,"2021, 10, 31, 21, 19, 12"
33462b2a-77a1-4345-a8f1-bdeb453c1670,False,163,"2021, 10, 31, 21, 19, 12"
83590e83-1406-4843-9d22-d60e0e2e4d9c,True,164,"2021, 10, 31, 21, 19, 12"
192df22b-488d-42b6-8ec7-e3f4511d3ae7,False,163,"2021, 10, 31, 21, 19, 14"
4e228dc9-1f3b-4e96-8a08-053dd7928ef8,False,164,"2021, 10, 31, 21, 19, 14"
ae4939c7-d85b-4cb4-b973-cacc38bf2095,True,165,"2021, 10, 31, 21, 19, 14"
f00bb2a7-d08b-44ba-9808-2d60d2fd14fd,False,164,"2021, 10, 31, 21, 19, 17"
438457f2-b432-4393-8340-b63257c6d88c,False,165,"2021, 10, 31, 21, 19, 17"
cf3aa660-d79f-4fe0-8951-02a4813ea51c,True,166,"2021, 10, 31, 21, 19, 17"
42dad245-ed98-4eb1-a7e2-7aeb6ce751af,False,165,"2021, 10, 31, 21, 19, 19"
d8da0758-23d0-4837-b266-cfb76712bc07,False,166,"2021, 10, 31, 21, 19, 19"
85cc3458-bb1b-43dd-810e-bdf32c0bc99f,True,167,"2021, 10, 31, 21, 19, 19"
36f1e311-35e3-4b39-9568-d6ef7bcb087c,False,166,"2021, 10, 31, 21, 19, 21"
8fecd16a-5a11-4375-a379-8ccb472ef6aa,False,167,"2021, 10, 31, 21, 19, 21"
894d7867-58bd-4c5b-a9f3-bc59c95f8adf,True,168,"2021, 10, 31, 21, 19, 21"
1389616c-24fe-46df-890a-7269da04ec30,False,167,"2021, 10, 31, 21, 19, 23"
f3300087-d11c-4df0-a361-389304f4ab15,False,168,"2021, 10, 31, 21, 19, 23"
3e6e8624-8525-43c9-b7c8-787a0f364e5e,True,169,"2021, 10, 31, 21, 19, 23"
8833d950-2be0-417b-a0ff-da8fd393318f,False,168,"2021, 10, 31, 21, 19, 25"
e9abec37-af37-43a0-ba92-e12cb60fc286,False,169,"2021, 10, 31, 21, 19, 25"
72593b2a-bacb-47a2-89ae-1c77ce9f634a,True,110,"2021, 10, 31, 21, 19, 25"
45613d3a-2092-4b3a-b467-29ee0c120358,False,169,"2021, 10, 31, 21, 19, 27"
f595704d-d754-4705-a7f7-ac807949360a,False,110,"2021, 10, 31, 21, 19, 27"
85b63b1d-0ed1-4d00-95cd-4d7def2dae04,True,111,"2021, 10, 31, 21, 19, 27"
d9195a69-615e-4a33-ace7-60f4985df520,False,110,"2021, 10, 31, 21, 19, 29"
a7dd0ecf-d92a-48b4-b7fc-65a7ab0835a0,False,111,"2021, 10, 31, 21, 19, 29"
a98767b2-d6fd-4bf5-b291-73bebd6ce72e,True,112,"2021, 10, 31, 21, 19, 29"
ed2dbe15-ca42-48b0-94dd-47e043e6f030,False,111,"2021, 10, 31, 21, 19, 31"
b730db9f-356f-4a1f-bb56-63d30dcbafa2,False,112,"2021, 10, 31, 21, 19, 31"
5cc961b9-0bfe-4dff-8075-348689844a6e,True,113,"2021, 10, 31, 21, 19, 31"
66780ff5-f0fc-4127-9bef-7639fc363f4b,False,112,"2021, 10, 31, 21, 19, 33"
398e4a37-a391-4662-9331-4a6c8654cbaf,False,113,"2021, 10, 31, 21, 19, 33"
beac7f0d-1b15-4773-955e-d07f8ab4656f,True,114,"2021, 10, 31, 21, 19, 33"
070a17a5-4b75-4e47-a099-9fe184cb5cf9,False,113,"2021, 10, 31, 21, 19, 35"
76ff26ed-5877-46ae-a5fa-d7034320d9d5,False,114,"2021, 10, 31, 21, 19, 35"
011a2d95-dbdd-40b9-b271-9aa4231f1bb4,True,115,"2021, 10, 31, 21, 19, 35"
4c0c13e6-ab8f-49a5-9d7e-39e03aaca00f,False,114,"2021, 10, 31, 21, 19, 37"
a4e5e9e1-e710-46e5-8162-8b0ff514b43e,False,115,"2021, 10, 31, 21, 19, 37"
4a48da3a-8acb-4b08-9bce-abed644a7b77,True,116,"2021, 10, 31, 21, 19, 37"
9e9e7f7b-dc8b-4a5c-b44e-7366b59bbec4,False,115,"2021, 10, 31, 21, 19, 39"
bfa8d87e-c773-4420-808c-6692f382bdf7,False,116,"2021, 10, 31, 21, 19, 39"
d451c813-62fb-4e38-bcc5-b0a2c23b0557,True,117,"2021, 10, 31, 21, 19, 39"
4687d3fc-6909-4ba1-bdeb-9df9530f10e6,False,116,"2021, 10, 31, 21, 19, 41"
e834293c-2b1a-46f1-86ae-0c3b77c54b1a,False,117,"2021, 10, 31, 21, 19, 41"
eb740e07-566b-4ee8-a726-559aefefca02,True,118,"2021, 10, 31, 21, 19, 41"
fbd002ee-7312-42c9-bcdd-6fb716c3ae35,False,117,"2021, 10, 31, 21, 19, 43"
2891a7f3-c7fd-4e36-b149-cd8de707a37d,False,118,"2021, 10, 31, 21, 19, 43"
bb5a887b-5c00-42cc-8bba-68739aa9863d,True,119,"2021, 10, 31, 21, 19, 43"
bb2d7643-e92f-4f61-8fbb-ad62ab7a0ab1,False,118,"2021, 10, 31, 21, 19, 45"
d32c4ce1-2b21-4937-809a-79ccdb8ed8d8,False,119,"2021, 10, 31, 21, 19, 45"
4eac20bd-a054-455e-a0ca-a16c77c92bef,True,220,"2021, 10, 31, 21, 19, 45"
de9b6f0b-2290-4c09-9a77-9e059739631c,False,119,"2021, 10, 31, 21, 19, 48"
638c0175-c98b-4b3b-8396-1b16f810411b,False,220,"2021, 10, 31, 21, 19, 48"
a731a98f-6302-46e7-91bd-7ac7645f0a1a,True,221,"2021, 10, 31, 21, 19, 48"
b99b9b14-f8df-498b-b241-b775ed1940c6,False,220,"2021, 10, 31, 21, 19, 50"
e6c56d1c-a8e0-4def-9746-ab70c5672455,False,221,"2021, 10, 31, 21, 19, 50"
1155da17-ffe5-4c06-89ff-6373cbeee778,True,222,"2021, 10, 31, 21, 19, 50"
880a2b03-7e97-47ad-8c53-918510c31f53,False,221,"2021, 10, 31, 21, 19, 51"
2514bab4-a288-4432-a0e8-bce9eb794c24,False,222,"2021, 10, 31, 21, 19, 52"
25cb0a87-beba-44d6-840e-399075aafb55,True,223,"2021, 10, 31, 21, 19, 52"
e73aef30-8028-4f88-953a-f71daea527fd,False,222,"2021, 10, 31, 21, 19, 54"
6b55e321-f5d9-4bfb-98b8-0759faa0ce96,False,223,"2021, 10, 31, 21, 19, 54"
a46f97d8-0f0a-4f5f-bec2-7f51378c5653,True,224,"2021, 10, 31, 21, 19, 54"
51b8d5ec-0355-4cf3-8927-1d32f550a167,False,223,"2021, 10, 31, 21, 19, 56"
626996a2-3fdb-4bf9-af44-86b1394abec7,False,224,"2021, 10, 31, 21, 19, 56"
9f5c95c3-e200-46f1-8fe7-e167f5547e44,True,225,"2021, 10, 31, 21, 19, 56"
5d8d8ac7-bd9c-4263-9816-1598b6a406b5,False,224,"2021, 10, 31, 21, 19, 58"
44fd1a50-46e2-4a8e-928c-295992ada85e,False,225,"2021, 10, 31, 21, 19, 58"
5b87f67b-481f-47ac-b690-f8a9cefae185,True,226,"2021, 10, 31, 21, 19, 58"
3f9db585-d2ee-4c83-bc06-2b17c8f1dbe9,False,225,"2021, 10, 31, 21, 20, 00"
ebf7a9ba-52b1-45f5-b3d4-c87d4a434562,False,226,"2021, 10, 31, 21, 20, 00"
cf0e1389-17e9-42ff-ac0f-d5e2c5945e03,True,227,"2021, 10, 31, 21, 20, 00"
075f43c0-b50e-4a7a-a426-c3d57cb656e8,False,226,"2021, 10, 31, 21, 20, 02"
48204c25-5484-48a4-b774-396603289b0b,False,227,"2021, 10, 31, 21, 20, 02"
0bfccc17-82fb-44c0-851e-6ba32d52b230,True,228,"2021, 10, 31, 21, 20, 02"
f95a01ba-34cb-4b6b-bf48-94e91843f0c7,False,227,"2021, 10, 31, 21, 20, 04"
bacafe80-9815-4bcd-a440-08e632990cbd,False,228,"2021, 10, 31, 21, 20, 04"
9c14fc14-36ee-458d-8cb1-0e71b634eb5f,True,229,"2021, 10, 31, 21, 20, 04"
c9dc7af6-6531-481f-9f44-bc68688a9dca,False,228,"2021, 10, 31, 21, 20, 06"
4076a2b0-0c23-42ec-a69d-66b7611153d5,False,229,"2021, 10, 31, 21, 20, 06"
d0e18a42-53f1-40e1-a09a-08499e032b5d,True,210,"2021, 10, 31, 21, 20, 06"
4149b12c-fd76-41c3-93c1-1007e52eec8e,False,229,"2021, 10, 31, 21, 20, 08"
0ea943e9-9c27-47a5-abdd-55c8839e31fd,False,210,"2021, 10, 31, 21, 20, 08"
f752cb6f-7fa6-4438-88a6-b85fdcbef40c,True,211,"2021, 10, 31, 21, 20, 08"
d7ff63be-7f09-454f-bde6-27cab096e47e,False,210,"2021, 10, 31, 21, 20, 10"
0ea2b006-7ae5-4b34-b2b0-f94b3c9aea7d,False,211,"2021, 10, 31, 21, 20, 10"
f5023da5-083e-47c9-8713-fd5261777206,True,212,"2021, 10, 31, 21, 20, 10"
66bb517e-8977-41bd-84eb-84c7c10fe46c,False,211,"2021, 10, 31, 21, 20, 12"
103a6d85-47ac-482d-9e15-5a78e162a330,False,212,"2021, 10, 31, 21, 20, 12"
c5bd0e01-7945-47a4-afe6-4001a04228da,True,213,"2021, 10, 31, 21, 20, 12"
8d863dfe-8ca6-4580-a664-eff72b3ab32c,False,212,"2021, 10, 31, 21, 20, 14"
f769b9d2-d55d-4680-9949-230d705a73e2,False,213,"2021, 10, 31, 21, 20, 14"
a7f0b09d-9e78-4212-91bc-7ba3115d72d6,True,214,"2021, 10, 31, 21, 20, 14"
9ab45c99-9f3f-4e49-ac0a-dbffda24e1bd,False,213,"2021, 10, 31, 21, 20, 16"
cc44cbb9-b5fa-487a-ba23-bdf0f060d21e,False,214,"2021, 10, 31, 21, 20, 16"
b3a937ce-d722-4708-9d2f-4959a0fda0c1,True,215,"2021, 10, 31, 21, 20, 16"
7219cfe4-3d0f-4c21-856d-7a1d5d542443,False,214,"2021, 10, 31, 21, 20, 18"
34544863-6bbe-4b21-921f-b49a052e7d48,False,215,"2021, 10, 31, 21, 20, 18"
9791ceb4-99c8-4d38-8893-ecc987b94280,True,216,"2021, 10, 31, 21, 20, 18"
8781374f-84fb-47b3-a7c4-b14841930410,False,215,"2021, 10, 31, 21, 20, 20"
a5248bf0-42d8-4315-883a-8a18d1d8001d,False,216,"2021, 10, 31, 21, 20, 20"
820f4c59-e5cd-42ef-b33a-975d621035cf,True,217,"2021, 10, 31, 21, 20, 20"
8892efcc-bb22-4587-ab82-b145648cff64,False,216,"2021, 10, 31, 21, 20, 22"
543381fb-c7ad-4f5d-a7bd-321809b74340,False,217,"2021, 10, 31, 21, 20, 22"
c8ed18e0-a889-4f79-b05e-2abe24290b04,True,218,"2021, 10, 31, 21, 20, 22"
052a579c-a9e8-4b0c-8bc8-f4f3822b1db7,False,217,"2021, 10, 31, 21, 20, 24"
ed43d745-b04b-406f-a191-047c651f105a,False,218,"2021, 10, 31, 21, 20, 24"
693cd978-cda7-48d5-8567-5cedfe081155,True,219,"2021, 10, 31, 21, 20, 24"
8c4b2098-792a-4ec6-a6fb-6c445ce7629b,False,218,"2021, 10, 31, 21, 20, 26"
4bec52d8-33e6-43b0-9c65-654107423748,False,219,"2021, 10, 31, 21, 20, 26"
b04ed1c7-71df-45d9-b471-da7c59b1cea9,True,10,"2021, 10, 31, 21, 20, 26"
898b6852-8888-4a72-a531-b4c7f2b27a4a,False,219,"2021, 10, 31, 21, 20, 28"
133f8083-1427-449c-860b-1f9558f591cb,False,10,"2021, 10, 31, 21, 20, 28"
6ef293eb-99e8-4080-902b-c8715012f2e3,True,11,"2021, 10, 31, 21, 20, 28"
dff3ac40-62b2-4ff3-b426-1d1621e070bf,False,10,"2021, 10, 31, 21, 20, 31"
4aa59a16-9ec2-4ab1-95ba-3cc59eef11d1,False,11,"2021, 10, 31, 21, 20, 31"
cefa0b95-a531-4c0c-ac7d-4ff733f472a5,True,12,"2021, 10, 31, 21, 20, 31"
5a1bf393-2e13-4d53-aad5-73a55c6a6e51,False,11,"2021, 10, 31, 21, 20, 34"
f3e49edb-34a6-4578-871d-c6816c917331,False,12,"2021, 10, 31, 21, 20, 34"
5fbb938b-6e2a-43ac-bda4-11da11ce91ce,True,13,"2021, 10, 31, 21, 20, 34"
021c492b-b778-4c84-94c4-d90ae72630f8,False,12,"2021, 10, 31, 21, 20, 37"
fb10ea90-35d1-4ae0-a6d6-850406576abc,False,13,"2021, 10, 31, 21, 20, 37"
5cd29574-60c4-4e7e-aac7-1774e899c348,True,14,"2021, 10, 31, 21, 20, 37"
f8b8fc31-b6ea-489a-b7d0-0fffb9a22e08,False,13,"2021, 10, 31, 21, 20, 39"
bb80167d-94a9-46b6-9c88-74216af5eadf,False,14,"2021, 10, 31, 21, 20, 39"
d07f4223-b1e2-44ac-966b-6aaa12d6e3e0,True,15,"2021, 10, 31, 21, 20, 39"
b83b56f3-5116-4606-86d5-c4ac236cc0b8,False,14,"2021, 10, 31, 21, 20, 42"
855d3a64-7604-4380-9903-f848bcdfadb5,False,15,"2021, 10, 31, 21, 20, 42"
961c0fa1-6946-4c16-93e7-8ad51463d4f9,True,16,"2021, 10, 31, 21, 20, 42"
cfc09f08-b7aa-4951-94ca-e1c1e31d8e69,False,15,"2021, 10, 31, 21, 20, 44"
7a7ab8d1-dd9a-4969-8af7-0221703bfb5b,False,16,"2021, 10, 31, 21, 20, 44"
4a62daeb-8209-40ed-95ca-6ba1f4fcfd95,True,17,"2021, 10, 31, 21, 20, 44"
e9333327-bacc-4d57-a911-247377eeee3a,False,16,"2021, 10, 31, 21, 20, 46"
ae1c8675-25df-4197-9241-3e3bdb3fc32c,False,17,"2021, 10, 31, 21, 20, 46"
05ab026a-e671-4438-8316-749d9c91547c,True,18,"2021, 10, 31, 21, 20, 46"
44fe4e4b-5174-421e-b7b9-d1e5e74a5a29,False,17,"2021, 10, 31, 21, 20, 49"
f8c7a691-892f-4068-b1cd-7670cdcc33d5,False,18,"2021, 10, 31, 21, 20, 49"
8a93b056-5ea5-48ab-b656-8c32d52a17c9,True,19,"2021, 10, 31, 21, 20, 49"
e8ec2d82-ed19-4854-82d8-b4e898aee53f,False,18,"2021, 10, 31, 21, 20, 51"
ef24f43e-b6fe-4d5a-a3e9-d4179bc9c128,False,19,"2021, 10, 31, 21, 20, 51"
cefb07a1-6030-4b86-ab83-9f8e29d35e4c,True,40,"2021, 10, 31, 21, 20, 51"
d55e7697-3ff2-46b6-b21c-5d6dfda129ff,False,19,"2021, 10, 31, 21, 20, 54"
9e52bb03-04e0-4cf2-81aa-77d4a96d05e7,False,40,"2021, 10, 31, 21, 20, 54"
d6bed17f-193e-4cfe-86f8-98f182d7973e,True,41,"2021, 10, 31, 21, 20, 54"
ec6fe9e0-08c6-478f-8373-7cfb40cf5788,False,40,"2021, 10, 31, 21, 20, 56"
8c599d95-9316-419f-aa25-1f514efc3c99,False,41,"2021, 10, 31, 21, 20, 56"
e35e18d0-fc15-4675-8dd6-b2051fa7c3bb,True,42,"2021, 10, 31, 21, 20, 56"
610e92be-47aa-4005-ab8c-8010c6b0199c,False,41,"2021, 10, 31, 21, 20, 58"
dba2939c-725b-41e8-bed0-cfaa6849b08b,False,42,"2021, 10, 31, 21, 20, 58"
82c7af57-b322-42d6-b74a-6bd02237dbd0,True,43,"2021, 10, 31, 21, 20, 58"
1afa919e-48c4-4495-bafd-654f1d7a1afa,False,42,"2021, 10, 31, 21, 21, 00"
183443af-20cd-4594-b1ef-3324c4ed19ea,False,43,"2021, 10, 31, 21, 21, 00"
a435773b-99e2-4e9b-8d5c-ad86f69da15c,True,44,"2021, 10, 31, 21, 21, 00"
2838e7ff-7cd7-41fd-8413-d1d4db8ebc18,False,43,"2021, 10, 31, 21, 21, 03"
3e989a2d-e928-40ed-83eb-5c007363576e,False,44,"2021, 10, 31, 21, 21, 03"
5da6bf5b-0969-4688-95fd-fee580f6f7b8,True,45,"2021, 10, 31, 21, 21, 03"
5d4e84e8-a0ac-4d4a-bd3c-cc0506b6bbf8,False,44,"2021, 10, 31, 21, 21, 05"
9d9e6c26-5e1c-4d8c-bafa-488931b0fa3d,False,45,"2021, 10, 31, 21, 21, 05"
ece72aea-1eaf-4b20-8fdf-a2300b547933,True,46,"2021, 10, 31, 21, 21, 05"
6e505900-09a2-4e30-aae5-20fd9b221ba3,False,45,"2021, 10, 31, 21, 21, 07"
92123d32-1b43-444b-91aa-a152cf5554e3,False,46,"2021, 10, 31, 21, 21, 07"
3e99c8f9-01e6-4b07-8dde-392e269ce98b,True,47,"2021, 10, 31, 21, 21, 07"
11af506c-1b33-4fff-a9a5-321c4c88f0c2,False,46,"2021, 10, 31, 21, 21, 09"
66c6600f-c4d5-4176-8ccd-051cef438321,False,47,"2021, 10, 31, 21, 21, 09"
af89b6bf-c079-4d98-8b2e-56bc1f3b4f4d,True,48,"2021, 10, 31, 21, 21, 09"
fe8c52cc-321d-4f6c-8d3a-162904729563,False,47,"2021, 10, 31, 21, 21, 11"
1abb6bc6-4523-41b5-9d5a-89caa663ec38,False,48,"2021, 10, 31, 21, 21, 11"
fe50ff07-b22a-4dfd-91d5-18199c944cbf,True,49,"2021, 10, 31, 21, 21, 11"
5b2e0186-9bc3-4149-9f6e-c7d4139e8ea1,False,48,"2021, 10, 31, 21, 21, 13"
d829aa50-8339-4669-9ef1-89c261ab4350,False,49,"2021, 10, 31, 21, 21, 13"
e942c53a-ff72-4487-91ab-772ab985f05e,True,240,"2021, 10, 31, 21, 21, 13"
66eab4db-69c2-4109-88fd-91e34b3e4663,False,49,"2021, 10, 31, 21, 21, 15"
0aa25985-6724-458b-a004-1c073471288f,False,240,"2021, 10, 31, 21, 21, 15"
2cfa674d-fc21-41c5-9511-c6d177383bd9,True,241,"2021, 10, 31, 21, 21, 15"
5b48e94d-638d-455b-be19-a8c08f5954c9,False,240,"2021, 10, 31, 21, 21, 17"
2bd4d31a-0a88-4db0-ad9a-84250a7ea312,False,241,"2021, 10, 31, 21, 21, 17"
9a301001-bec7-40e1-a141-6ef0cae4212b,True,242,"2021, 10, 31, 21, 21, 17"
0ba07ec4-2584-4570-913b-198e6ef83efe,False,241,"2021, 10, 31, 21, 21, 19"
8f18e2d6-bdde-4561-a86b-12e7dce81428,False,242,"2021, 10, 31, 21, 21, 19"
df714d42-3f55-4f3f-8892-86e7aadb9879,True,243,"2021, 10, 31, 21, 21, 19"
cbbd001f-ccd1-492b-a036-bb54473b1249,False,242,"2021, 10, 31, 21, 21, 22"
593defca-a983-44dc-8ad9-481291817ec4,False,243,"2021, 10, 31, 21, 21, 22"
61db4904-c7e0-4e96-9209-d585e1592881,True,244,"2021, 10, 31, 21, 21, 22"
2be5eaeb-6c74-4d67-999c-5388d8c85118,False,243,"2021, 10, 31, 21, 21, 24"
6bfca8a6-51ae-466f-a9b3-46b928e13858,False,244,"2021, 10, 31, 21, 21, 24"
60981fa1-b4c5-4573-a953-eb86688656d2,True,245,"2021, 10, 31, 21, 21, 24"
fbb52dd3-b70d-4ea7-a846-236849ca4a6f,False,244,"2021, 10, 31, 21, 21, 26"
8a27e645-9150-4adf-8f7f-aea8731db62a,False,245,"2021, 10, 31, 21, 21, 26"
c01ff59c-e29c-4c4e-9a50-1cd8b1f8820a,True,130,"2021, 10, 31, 21, 21, 26"
065e1957-4565-4257-82d6-d605a3b6f5c4,False,245,"2021, 10, 31, 21, 21, 28"
d1c92d0d-b9c0-4d21-bb0a-87569def1d1a,False,130,"2021, 10, 31, 21, 21, 28"
9838ae29-04e7-4ad1-85d4-4d252905515f,True,131,"2021, 10, 31, 21, 21, 28"
0697fd0e-c72b-4dd8-99c2-9eb9a94e2b96,False,130,"2021, 10, 31, 21, 21, 30"
16811f50-8cb2-4477-8697-bc191a4867a0,False,131,"2021, 10, 31, 21, 21, 30"
19ba564f-a703-4e69-ae87-7fa5255c2ea2,True,132,"2021, 10, 31, 21, 21, 30"
566b83bc-d9f2-4a67-bc6e-26620c98f8e0,False,131,"2021, 10, 31, 21, 21, 32"
bc94699a-4db1-4c46-b2f1-84d5cf848b64,False,132,"2021, 10, 31, 21, 21, 32"
9f71f786-e162-4b1e-a77a-ffdc02f3c301,True,133,"2021, 10, 31, 21, 21, 32"
69b7c5c3-afc0-47c6-a736-24ea53491848,False,132,"2021, 10, 31, 21, 21, 34"
e5dc190a-806c-4d0f-ae37-39711f9eec39,False,133,"2021, 10, 31, 21, 21, 34"
1d61c94f-b69a-41bc-b565-554e31b1cbe8,True,134,"2021, 10, 31, 21, 21, 34"
8060ad1d-13ab-407f-ae04-75eca89e72e1,False,133,"2021, 10, 31, 21, 21, 36"
90c26b82-4407-436d-b697-6d3ada9bf748,False,134,"2021, 10, 31, 21, 21, 36"
e447dd8a-e1c3-4b0b-9517-c73550d0650f,True,135,"2021, 10, 31, 21, 21, 36"
b5d4fe1b-d879-4204-9cf9-61fb4ff01c45,False,134,"2021, 10, 31, 21, 21, 38"
f63a7570-101b-44bc-b2ae-00710207327a,False,135,"2021, 10, 31, 21, 21, 38"
bc5f4d9e-c72b-47c3-9282-9923d60ba7ba,True,136,"2021, 10, 31, 21, 21, 38"
b76a1205-60b9-4207-80c5-a1c0af19a1b1,False,135,"2021, 10, 31, 21, 21, 40"
be9699d6-760c-4314-82e0-9f511549fc5e,False,136,"2021, 10, 31, 21, 21, 40"
c6541674-df32-448b-a2bc-d51d0510b6e6,True,137,"2021, 10, 31, 21, 21, 40"
e8e8e907-bc2f-4ca3-b1b5-08531e2441bb,False,136,"2021, 10, 31, 21, 21, 42"
c427ca63-1122-449a-a727-18ea80d598ea,False,137,"2021, 10, 31, 21, 21, 42"
78ec6ca6-3c62-4e2d-8389-5c16fddb522f,True,138,"2021, 10, 31, 21, 21, 42"
7f2ed174-e66d-49f4-bbbf-b3dc94b1a1be,False,137,"2021, 10, 31, 21, 21, 44"
4cb02ff1-4409-48bb-b72d-b587b3ce697e,False,138,"2021, 10, 31, 21, 21, 44"
ca47d8c9-6ee8-4bc2-b419-0fe349388254,True,139,"2021, 10, 31, 21, 21, 44"
f3603f97-e80f-4f5b-9055-c6e79c82e606,False,138,"2021, 10, 31, 21, 21, 46"
bc225eaa-4764-4b03-a987-bad88e16ff1a,False,139,"2021, 10, 31, 21, 21, 46"
9270ea61-917e-4edb-9aec-a2f3bfe78687,True,80,"2021, 10, 31, 21, 21, 46"
dba9dd5b-aa01-45b8-aea3-87192f5cf339,False,139,"2021, 10, 31, 21, 21, 49"
8d07edff-6a59-4b0a-90e7-e37d3f3de889,False,80,"2021, 10, 31, 21, 21, 49"
1ae8de6d-5116-45ae-a53a-7e1b102a566d,True,81,"2021, 10, 31, 21, 21, 49"
e3ed42a1-cce4-4e41-b799-f164435ffee2,False,80,"2021, 10, 31, 21, 21, 51"
3ec73bc3-f09f-4901-80da-b89debf2047e,False,81,"2021, 10, 31, 21, 21, 51"
c393c3a2-acd9-4576-a12b-d2feaa8be6c5,True,82,"2021, 10, 31, 21, 21, 51"
38a7dd3c-88d7-436f-97e8-ac4ade4888d9,False,81,"2021, 10, 31, 21, 21, 53"
dbac71fd-d434-4503-9c4e-c88516c6a120,False,82,"2021, 10, 31, 21, 21, 53"
f8895124-0eb4-4f25-bd26-d457fd47b359,True,83,"2021, 10, 31, 21, 21, 53"
70746a79-c234-4328-87dd-4337972b1bda,False,82,"2021, 10, 31, 21, 21, 55"
e3ee218e-206a-4806-9ec9-b40f0ab307d0,False,83,"2021, 10, 31, 21, 21, 55"
292ffebb-2e68-4cd4-870b-6df6e80bd8ae,True,84,"2021, 10, 31, 21, 21, 55"
49bd64a0-cf8f-4dec-bef7-ef33a27f83c0,False,83,"2021, 10, 31, 21, 21, 57"
ea40eb37-d18a-45cf-8036-3491c9ddd953,False,84,"2021, 10, 31, 21, 21, 57"
b8025490-f19e-48cb-bdc7-6ef62572b59f,True,85,"2021, 10, 31, 21, 21, 57"
d037364e-c561-43db-896b-cbf61debc23c,False,84,"2021, 10, 31, 21, 21, 59"
ac794fdc-038f-4a63-8140-78985e68b0dd,False,85,"2021, 10, 31, 21, 21, 59"
b5b3ab69-e011-416b-afad-0234fef5820f,True,86,"2021, 10, 31, 21, 21, 59"
1e67fc92-070d-49bf-ae62-e1b2e00d25a0,False,85,"2021, 10, 31, 21, 22, 02"
1f18372c-0164-407b-9a04-1a070cabd0f7,False,86,"2021, 10, 31, 21, 22, 02"
ce06051b-4a8c-4ba4-a1cb-99d949920a4d,True,87,"2021, 10, 31, 21, 22, 02"
d4a98d31-2352-4871-ab96-8e7c39baabaa,False,86,"2021, 10, 31, 21, 22, 04"
ae5362e4-4233-42e9-a652-e5be914c99b8,False,87,"2021, 10, 31, 21, 22, 04"
5a1a22db-bd15-4fbe-9972-18dd30330b81,True,88,"2021, 10, 31, 21, 22, 04"
1703260f-94e1-4e79-a48d-eb233d13221c,False,87,"2021, 10, 31, 21, 22, 06"
d7f6eace-8cc3-4d9a-a218-6c094eaaf4f1,False,88,"2021, 10, 31, 21, 22, 06"
48c5bfd2-2aff-4de3-a202-40418b164626,True,89,"2021, 10, 31, 21, 22, 06"
13100cfa-3115-411b-a7a5-f1595fb76168,False,88,"2021, 10, 31, 21, 22, 08"
ed269e19-fe87-465a-8e0a-400c3166bb08,False,89,"2021, 10, 31, 21, 22, 08"
8004f79f-bb95-42f1-9e1c-f2c9ca70ddca,True,180,"2021, 10, 31, 21, 22, 08"
faf7704c-5a53-42c4-8a75-00eda17652d7,False,89,"2021, 10, 31, 21, 22, 10"
eb5624d3-4f81-40c9-b88d-68c8043bda0e,False,180,"2021, 10, 31, 21, 22, 10"
764269f5-3c6a-45da-8802-965617eee71b,True,181,"2021, 10, 31, 21, 22, 10"
e87b8ffa-ccb6-4ef3-8a22-e3fbb400f7e2,False,180,"2021, 10, 31, 21, 22, 12"
e63ea888-3ba9-4e6f-a5f7-3423f7953563,False,181,"2021, 10, 31, 21, 22, 12"
39b3381f-ad49-43e8-8266-a10d8417f880,True,182,"2021, 10, 31, 21, 22, 12"
80c1597c-9d81-4923-9e23-2ca32d788a0b,False,181,"2021, 10, 31, 21, 22, 14"
22e4ef79-e3e7-4799-b3d2-5f189a9cc479,False,182,"2021, 10, 31, 21, 22, 14"
f1e92136-9d3c-4a14-b627-fa6e9eab86c2,True,183,"2021, 10, 31, 21, 22, 14"
912ffabc-b662-4957-a250-690811e95e36,False,182,"2021, 10, 31, 21, 22, 16"
be8463c6-946f-4843-a01d-98d0519d0641,False,183,"2021, 10, 31, 21, 22, 16"
35cf03fb-36e7-4296-ace5-1ce89a8c8c30,True,184,"2021, 10, 31, 21, 22, 16"
3960dc05-dde7-4b15-8f16-a755e1a3a457,False,183,"2021, 10, 31, 21, 22, 18"
fd7b2aba-d971-49e4-91ca-b44b20778404,False,184,"2021, 10, 31, 21, 22, 18"
03d01303-3646-4446-a463-584245eaae36,True,185,"2021, 10, 31, 21, 22, 18"
b84ab30c-0a9c-452e-ab0b-9e2bcd9b4efc,False,184,"2021, 10, 31, 21, 22, 20"
a5ed2d74-1b1a-41af-bdb6-03b245728852,False,185,"2021, 10, 31, 21, 22, 20"
4ad8defc-18a4-442e-b25b-efa5c1f3919c,True,186,"2021, 10, 31, 21, 22, 20"
00d78332-55e3-4841-9c6c-2b44fd6d8d3f,False,185,"2021, 10, 31, 21, 22, 22"
9b3f3fc8-3689-4f8b-b504-ea8f0aa3dba2,False,186,"2021, 10, 31, 21, 22, 22"
8b883b72-7806-4772-bcc5-b3761b11106c,True,187,"2021, 10, 31, 21, 22, 22"
b5e7b9a8-cd08-4855-bc1b-8451853cddf7,False,186,"2021, 10, 31, 21, 22, 24"
ee09915b-cd5d-4d7e-a919-549e69483955,False,187,"2021, 10, 31, 21, 22, 24"
41a1eb52-71f2-422f-91e2-895e3f6f5866,True,188,"2021, 10, 31, 21, 22, 24"
310b6d1b-d997-4093-b8a5-ed020cf3e8b0,False,187,"2021, 10, 31, 21, 22, 26"
c34c05a4-a785-4ec8-a362-cf648a6b6225,False,188,"2021, 10, 31, 21, 22, 26"
3c0dd7d1-4969-4fd2-9b42-ebb81f646b14,True,189,"2021, 10, 31, 21, 22, 26"
fd1dd7c5-aea9-4aeb-aa64-d610ece171bc,False,188,"2021, 10, 31, 21, 22, 28"
a6fa575c-8be3-4964-b645-c1afe76b071e,False,189,"2021, 10, 31, 21, 22, 28"
aacedf52-2fc0-408c-ad96-31185e9e1546,True,246,"2021, 10, 31, 21, 22, 28"
2caf1308-38c4-4cc3-b7d3-6e71be0df29e,False,189,"2021, 10, 31, 21, 22, 30"
591ba840-3ebd-4986-8bf3-7e21e72598c0,False,246,"2021, 10, 31, 21, 22, 30"
412ebdb6-db47-46c3-9d28-313c72eff1f8,True,247,"2021, 10, 31, 21, 22, 30"
8bb9f3a8-8314-4933-bd93-84db05f54b84,False,246,"2021, 10, 31, 21, 22, 32"
4f02180d-7d8e-4bcf-ab0f-6c077cd3f8a1,False,247,"2021, 10, 31, 21, 22, 32"
393fb05a-70a1-4f14-aa59-bf48fd9fed21,True,248,"2021, 10, 31, 21, 22, 32"
83148554-5c4d-4509-8d0b-8e56263a89c4,False,247,"2021, 10, 31, 21, 22, 35"
a1b8a5ba-d422-44c4-af45-3aaf0769a19d,False,248,"2021, 10, 31, 21, 22, 35"
dd24ef8f-7e13-4b6b-bc63-fb2564d22cc2,True,249,"2021, 10, 31, 21, 22, 35"
3af9d412-11fa-4581-810b-d4bf15bc3402,False,248,"2021, 10, 31, 21, 22, 37"
4e8ef74e-b7a3-4ffb-9f42-d490e2c1c0c4,False,249,"2021, 10, 31, 21, 22, 37"
b2dd2733-bc54-433a-be08-d15f2b59b3d5,True,250,"2021, 10, 31, 21, 22, 37"
d03bf9ac-1c76-4cf2-9a06-127861299c72,False,249,"2021, 10, 31, 21, 22, 39"
eede0519-4a66-4522-8135-d972ec0423c1,False,250,"2021, 10, 31, 21, 22, 39"
d1bb3821-1aca-4e08-a80d-67eaa2607cc8,True,251,"2021, 10, 31, 21, 22, 39"
3c06bd56-58d7-4c4f-a302-d916779f6403,False,250,"2021, 10, 31, 21, 22, 41"
50108f5b-25eb-471e-9c1f-be8cf9564d55,False,251,"2021, 10, 31, 21, 22, 41"
626307d3-a861-482b-b129-2dfb98140a19,True,140,"2021, 10, 31, 21, 22, 41"
77e91cc6-a30c-4f91-9ebe-7ed925bec0b5,False,251,"2021, 10, 31, 21, 22, 43"
f7e56a44-1e65-4a5d-a357-6a2952815431,False,140,"2021, 10, 31, 21, 22, 43"
11fb46b0-d12c-4874-9de9-28e07592a639,True,141,"2021, 10, 31, 21, 22, 43"
d1c13911-f49f-4f71-bce1-d2af11ff2047,False,140,"2021, 10, 31, 21, 22, 45"
4e54ba48-32ab-4a35-9118-ac3f5701fd12,False,141,"2021, 10, 31, 21, 22, 45"
e4259cb9-c8c5-4f2d-a30a-a49605c8f713,True,142,"2021, 10, 31, 21, 22, 45"
98c07999-1104-474c-8951-ab8d850ef842,False,141,"2021, 10, 31, 21, 22, 47"
9f291afc-6792-4a33-a172-5d831b799412,False,142,"2021, 10, 31, 21, 22, 47"
e059ace3-fe02-46a5-8112-2c20c7f8f78f,True,143,"2021, 10, 31, 21, 22, 47"
3adb00ef-e5a8-450e-b5b6-dd36faf799e0,False,142,"2021, 10, 31, 21, 22, 49"
a8e5c505-1f7f-4ec1-a62d-de89be373ed7,False,143,"2021, 10, 31, 21, 22, 49"
d09d20c5-00dd-472b-8b87-e81f696f7ab2,True,144,"2021, 10, 31, 21, 22, 49"
48abac10-e708-4669-b3f2-51b034770d03,False,143,"2021, 10, 31, 21, 22, 51"
137aaf5a-cd8b-473c-942f-ea16acf22c2a,False,144,"2021, 10, 31, 21, 22, 51"
cb7e6aa5-1ebd-47f8-9a6a-78c2d86602c9,True,145,"2021, 10, 31, 21, 22, 51"
21693485-0985-4e7c-8950-5e77ac474dc0,False,144,"2021, 10, 31, 21, 22, 53"
8d889697-601a-4a68-925b-d22ba01076c3,False,145,"2021, 10, 31, 21, 22, 53"
18597637-bcc7-41aa-a8c0-09ccdb9ab29a,True,146,"2021, 10, 31, 21, 22, 53"
8cb19604-e26e-4979-9502-52b3f1b20db0,False,145,"2021, 10, 31, 21, 22, 56"
d9dfae04-c2b0-474d-911b-74f37a1b1ad5,False,146,"2021, 10, 31, 21, 22, 56"
e9cf352b-a780-4d92-b9d6-d1af1b65b8f3,True,147,"2021, 10, 31, 21, 22, 56"
6de9db2c-81c4-471a-a67a-c01041834336,False,146,"2021, 10, 31, 21, 22, 58"
2c72f9f7-63fd-48ec-beaf-43269ab7dc74,False,147,"2021, 10, 31, 21, 22, 58"
07104eb6-a2dc-4275-be64-508b2e3644bb,True,148,"2021, 10, 31, 21, 22, 58"
9a4beb8f-08ee-4d4e-81c2-0ba1202a5b67,False,147,"2021, 10, 31, 21, 23, 01"
abf3ba92-5645-416e-a66c-6f15c8f398b9,False,148,"2021, 10, 31, 21, 23, 01"
5ac05c27-b060-4a5b-9405-c4bf4be98e8b,True,149,"2021, 10, 31, 21, 23, 01"
ca612993-6764-4f16-9398-8e092360ef43,False,148,"2021, 10, 31, 21, 23, 03"
f9e46bfa-edad-4cf1-963c-fb1a3699595e,False,149,"2021, 10, 31, 21, 23, 03"
2fc71800-9136-4fa4-b0d7-c7c0ca1309b0,True,150,"2021, 10, 31, 21, 23, 03"
b8643e03-d946-40a1-a3cb-fed1e7a202c5,False,149,"2021, 10, 31, 21, 23, 05"
a5dfedb6-c5a9-43ca-b1fa-c15d8c97a1f1,False,150,"2021, 10, 31, 21, 23, 05"
547cc3b2-4e4c-4ed6-82ad-1e5e598df2cf,True,151,"2021, 10, 31, 21, 23, 05"
a750836b-602b-4bda-9212-8f2e559555a6,False,150,"2021, 10, 31, 21, 23, 08"
7ad1e759-5f6b-4465-be07-b25ad4c6696b,False,151,"2021, 10, 31, 21, 23, 08"
c8b98537-b83e-4aa8-9ee0-e9c81a40dbee,True,152,"2021, 10, 31, 21, 23, 08"
1f6d034a-e169-420d-9874-49bb30c59362,False,151,"2021, 10, 31, 21, 23, 10"
f4eb4003-8eb2-4757-8870-536a45be9bd5,False,152,"2021, 10, 31, 21, 23, 10"
64f7f58d-9b1c-4c8d-a17b-4899aa2daa35,True,153,"2021, 10, 31, 21, 23, 10"
7b7249d4-50b7-4298-9b39-17ea8bcb5171,False,152,"2021, 10, 31, 21, 23, 12"
b5858d34-7e86-46d4-942a-da8ac617ac0f,False,153,"2021, 10, 31, 21, 23, 12"
83bc24d6-a127-4a7c-a8c6-85baeb366e25,True,154,"2021, 10, 31, 21, 23, 12"
6b32e3fa-e9f6-4195-9563-ad9812f87bb9,False,153,"2021, 10, 31, 21, 23, 14"
ddc489d6-f80e-448a-817e-e5a8df59d32a,False,154,"2021, 10, 31, 21, 23, 14"
e3ecc0d5-3e53-4138-856f-2821585003bd,True,155,"2021, 10, 31, 21, 23, 14"
bb2b3e72-ba39-40f0-b3bd-a5d18973f7e3,False,154,"2021, 10, 31, 21, 23, 16"
6849b3fd-f6b6-401a-92b3-4a5abbca3aca,False,155,"2021, 10, 31, 21, 23, 16"
60fbf69f-39bc-48c4-b828-3612c7902427,True,156,"2021, 10, 31, 21, 23, 16"
a8e66bac-4145-4b79-b60a-1b7dfd1f6350,False,155,"2021, 10, 31, 21, 23, 18"
f2fa73f9-9845-4164-8831-228c4950cca6,False,156,"2021, 10, 31, 21, 23, 18"
fc82c2ac-32a4-42e7-91b8-0730da84e532,True,157,"2021, 10, 31, 21, 23, 18"
f2ea9507-94bc-46e0-aa55-5894c91ea737,False,156,"2021, 10, 31, 21, 23, 20"
295a31b7-08dc-489d-9a11-50aea2f4116c,False,157,"2021, 10, 31, 21, 23, 20"
fbfe0dca-9dd1-4eb9-b2f5-27a820100567,True,158,"2021, 10, 31, 21, 23, 20"
b97ce67b-b747-4a86-b6cb-7e4882c38cf7,False,157,"2021, 10, 31, 21, 23, 22"
bca61294-49c7-448b-bca4-39076e955e19,False,158,"2021, 10, 31, 21, 23, 22"
42461743-e852-4741-8de5-8ba9c5532604,True,159,"2021, 10, 31, 21, 23, 22"
9b6640c5-b50f-4c30-964e-0fab83af5a02,False,158,"2021, 10, 31, 21, 23, 24"
911b5eca-0b58-44ea-81db-4e3bdaaae9d2,False,159,"2021, 10, 31, 21, 23, 25"
aff63ea7-8614-4175-9d2d-5f2bee01f93d,True,200,"2021, 10, 31, 21, 23, 25"
47b1476c-a11d-468b-b408-38f27d7249ba,False,159,"2021, 10, 31, 21, 23, 27"
f90dc292-b945-4274-a03b-0f2508d0624d,False,200,"2021, 10, 31, 21, 23, 27"
67ac71fb-7ad0-4ef1-bf2e-59013ec2eae0,True,201,"2021, 10, 31, 21, 23, 27"
7f5a00ff-bedc-4f81-a5a4-520730753314,False,200,"2021, 10, 31, 21, 23, 29"
4ea590f7-2123-4f76-aa76-9966d4a55736,False,201,"2021, 10, 31, 21, 23, 29"
8c6cb319-8a80-407b-b5d1-281bc2778cf8,True,202,"2021, 10, 31, 21, 23, 29"
b5fca525-3981-482a-a507-6cdcae66c3a2,False,201,"2021, 10, 31, 21, 23, 31"
4451999e-e169-467a-be18-dec3eb6ad15d,False,202,"2021, 10, 31, 21, 23, 31"
ed39c190-bf96-4507-b717-e3797ba74ed3,True,203,"2021, 10, 31, 21, 23, 31"
fdcb6d04-ce23-4a44-bf0a-c882f4caebd2,False,202,"2021, 10, 31, 21, 23, 33"
99f1e509-bc19-4a10-be9f-0bb339029149,False,203,"2021, 10, 31, 21, 23, 33"
60eb9e31-8a83-4ae6-b5a1-920b37660901,True,204,"2021, 10, 31, 21, 23, 33"
f485bc85-d6d4-4d08-bc22-ad2c44d4f8be,False,203,"2021, 10, 31, 21, 23, 35"
5125e34f-d91f-4126-95dc-872a06a294e5,False,204,"2021, 10, 31, 21, 23, 35"
7c83365e-3091-4ace-be22-d2ef19a6b5a7,True,205,"2021, 10, 31, 21, 23, 35"
22877915-f409-440e-88a0-96c1668296bb,False,204,"2021, 10, 31, 21, 23, 37"
a0594fc3-77dc-4085-a4fe-859a4857695c,False,205,"2021, 10, 31, 21, 23, 37"
589c5bda-9497-4cf0-b454-5b65950d395c,True,206,"2021, 10, 31, 21, 23, 37"
144fa5e6-2d35-4140-a3be-0ed963cb38f6,False,205,"2021, 10, 31, 21, 23, 39"
e163f722-a17b-435e-a441-ea9f98c3757d,False,206,"2021, 10, 31, 21, 23, 39"
53ae7655-3b89-4b10-a5c8-79e6945d1a38,True,207,"2021, 10, 31, 21, 23, 39"
34942945-e508-41aa-a68b-49f37963864f,False,206,"2021, 10, 31, 21, 23, 41"
b53fea24-5abe-48c3-a88c-b757912dc36d,False,207,"2021, 10, 31, 21, 23, 41"
d0a3c23c-c251-42d6-a642-1ba8f4ccd687,True,208,"2021, 10, 31, 21, 23, 41"
2414a0a1-a2f3-4ec3-8a67-9cc848d2000c,False,207,"2021, 10, 31, 21, 23, 43"
d8ac7145-adae-4284-bba6-67c41c57369c,False,208,"2021, 10, 31, 21, 23, 43"
6b71d49e-a322-4002-bd58-5ce5fe4c578d,True,209,"2021, 10, 31, 21, 23, 43"
c8d815af-8aa7-4d17-8c91-df71fe1f5d55,False,208,"2021, 10, 31, 21, 23, 45"
43f2cad8-c81e-4621-b3b8-7ac0386c45ee,False,209,"2021, 10, 31, 21, 23, 45"
3558bd45-73d3-406a-a2ff-3333f0ab7e2e,True,0,"2021, 10, 31, 21, 23, 45"
0bef809a-72cc-4c6d-a71a-ba239abb5b03,False,209,"2021, 10, 31, 21, 23, 47"
848c9aad-dc24-4c41-8b6e-8068bdc51940,False,0,"2021, 10, 31, 21, 23, 47"
3f895f40-774c-4038-9015-af3e3f2c0639,False,0,"2021, 10, 31, 21, 23, 49"
fca9a056-14d2-493e-b398-2b51e98624bc,True,1,"2021, 10, 31, 21, 23, 49"
33f41771-4875-46fd-a841-b3188b5de782,False,0,"2021, 10, 31, 21, 23, 51"
8e466e1a-9e40-4ee9-aae8-b3e2abc42e3a,False,1,"2021, 10, 31, 21, 23, 51"
4575f414-fbfe-4fd9-9f7b-2c68dd64ed2a,False,0,"2021, 10, 31, 21, 23, 51"
06320d88-7d6c-481a-84f8-b957e2ded329,False,1,"2021, 10, 31, 21, 23, 53"
161e70b2-ce4e-4057-9007-728f175c2b15,True,2,"2021, 10, 31, 21, 23, 53"
6795ca33-39e0-471b-b80d-010f8e825a76,False,1,"2021, 10, 31, 21, 23, 55"
8684dfbc-7100-47b0-8db5-a8d412bab9e7,False,2,"2021, 10, 31, 21, 23, 55"
d6fe6f1a-56ce-4d58-bf11-8a484286ee61,False,1,"2021, 10, 31, 21, 23, 55"
dcf7c788-c381-4f61-99e1-f3d7529b71f8,False,2,"2021, 10, 31, 21, 23, 57"
f6de8507-3185-46e3-b615-db22ec982e93,True,3,"2021, 10, 31, 21, 23, 57"
2d3db017-8561-4519-b820-313a4cd2a0f4,False,2,"2021, 10, 31, 21, 23, 59"
a418c802-7a35-4fba-b6cb-e96d79e89327,False,3,"2021, 10, 31, 21, 23, 59"
f25ff11c-9b22-45ae-a97e-f4ba6aee4137,False,2,"2021, 10, 31, 21, 23, 59"
c398d214-c94a-4d7d-a0b5-07600c947120,False,3,"2021, 10, 31, 21, 24, 01"
a08b50de-7b7d-47e4-b0c7-99fa51f4006d,True,4,"2021, 10, 31, 21, 24, 01"
43e7f1a5-1f16-4c9f-adae-af3b1f480467,False,3,"2021, 10, 31, 21, 24, 03"
611b46e0-e396-424c-809f-bea5edc7ee40,False,4,"2021, 10, 31, 21, 24, 03"
24c50972-6753-4dce-8923-23b2043c6162,False,3,"2021, 10, 31, 21, 24, 03"
6010c220-5911-4b20-b99e-a621d9555bd8,False,4,"2021, 10, 31, 21, 24, 05"
56327496-fcf2-4931-8253-57c9e42e4d39,True,5,"2021, 10, 31, 21, 24, 05"
a5228ce4-9466-4bb2-9a89-0d656a69fcb6,False,4,"2021, 10, 31, 21, 24, 08"
90cc2abd-7ee8-44ca-ae36-479f2d3bc265,False,5,"2021, 10, 31, 21, 24, 08"
9bee2068-5712-4e7c-9066-f3b67c4a30f7,True,6,"2021, 10, 31, 21, 24, 08"
deae1d1d-b60c-45bb-83ad-8a37a7882e59,False,5,"2021, 10, 31, 21, 24, 10"
5ff87d5b-f961-4acc-88f3-9d9a097470af,False,6,"2021, 10, 31, 21, 24, 10"
c5fdbd9f-30bf-4925-807c-018ace174248,True,7,"2021, 10, 31, 21, 24, 10"
5afb1dbb-37f8-4b3b-8417-a253f9046558,False,6,"2021, 10, 31, 21, 24, 12"
fe191fab-51ed-4359-b9ab-b7e91b8b2d7d,False,7,"2021, 10, 31, 21, 24, 12"
4b822416-78f7-4791-87ea-c2029c205c4d,True,8,"2021, 10, 31, 21, 24, 12"
25751e1c-9d49-417c-a8a7-1c4efb5e09c9,False,7,"2021, 10, 31, 21, 24, 14"
92a2e0cd-bdf1-4f56-90c7-77332c9ef4a3,False,8,"2021, 10, 31, 21, 24, 14"
a710971b-3c10-42ca-a003-c8a61a105e03,True,9,"2021, 10, 31, 21, 24, 14"
18008d39-d91a-4463-ba47-8fb286471f1a,False,8,"2021, 10, 31, 21, 24, 16"
c795a74d-3162-43a9-a108-0c8d43e1acdf,False,9,"2021, 10, 31, 21, 24, 16"
5118cd17-400c-4af4-8cbe-b73c29f52c1e,True,30,"2021, 10, 31, 21, 24, 16"
38b64e5b-c87c-4bba-b20a-c8eb3944d5c4,False,9,"2021, 10, 31, 21, 24, 18"
249832d4-9be2-4608-838a-7469f6c05f8e,False,30,"2021, 10, 31, 21, 24, 18"
f11913f3-5b4c-4e17-b310-3e44467e7b84,True,31,"2021, 10, 31, 21, 24, 18"
932ddf9c-9a45-4d02-aa14-eedd364288a6,False,30,"2021, 10, 31, 21, 24, 20"
a33ac310-b7f5-4fa8-98e8-2710fd31ae95,False,31,"2021, 10, 31, 21, 24, 20"
cf2aa5a6-3c12-4e77-80b9-c6eec67dc74e,True,32,"2021, 10, 31, 21, 24, 20"
41e929d7-d48d-4a94-8f9f-ae25d587a949,False,31,"2021, 10, 31, 21, 24, 22"
a31dcefb-99d1-4578-95e2-efa3c331fadf,False,32,"2021, 10, 31, 21, 24, 22"
49e6631f-ca56-4715-9364-a8b9f497fa38,True,33,"2021, 10, 31, 21, 24, 22"
b52b622e-d27d-4f6a-848b-82192b7b6862,False,32,"2021, 10, 31, 21, 24, 24"
8c3e3fc1-3b1f-4f75-b588-0b87d6664380,False,33,"2021, 10, 31, 21, 24, 24"
586ded1d-d039-4ebe-8990-7dc63a91d874,True,34,"2021, 10, 31, 21, 24, 24"
10fe6359-c676-4396-a154-5270414e503d,False,33,"2021, 10, 31, 21, 24, 26"
a6c1e9af-16e5-470f-8265-981d1afdfe7a,False,34,"2021, 10, 31, 21, 24, 26"
6f50ce61-247c-40c9-b04a-5fd09c0d98c3,True,35,"2021, 10, 31, 21, 24, 26"
b3db3f35-bae7-427b-9a6c-793c6e3dcf12,False,34,"2021, 10, 31, 21, 24, 29"
ede1c94b-4fdf-4a93-9398-b0558ee7a768,False,35,"2021, 10, 31, 21, 24, 29"
96648e65-367f-42c9-a80c-4377e01b9f83,True,36,"2021, 10, 31, 21, 24, 29"
52f4ec80-0722-459e-b08c-bbf7d4a0dc2f,False,35,"2021, 10, 31, 21, 24, 31"
60a956cb-28e0-4f15-bc65-cd223a80a6b4,False,36,"2021, 10, 31, 21, 24, 31"
f1fcd84e-6ca9-4334-8c17-57278e4caea3,True,37,"2021, 10, 31, 21, 24, 31"
f9ed8ecd-6b75-42f1-8db3-1983df28ac68,False,36,"2021, 10, 31, 21, 24, 33"
a5ea2add-1823-40e0-85d7-f6fc4603cbe9,False,37,"2021, 10, 31, 21, 24, 33"
24f0843d-ddd7-499e-9e16-f8f825d647bd,True,38,"2021, 10, 31, 21, 24, 33"
fa72b0c6-4920-4448-a5e3-1d9d7bd5c5f3,False,37,"2021, 10, 31, 21, 24, 35"
60a8bf1f-5d9e-485c-b739-e726670e69b1,False,38,"2021, 10, 31, 21, 24, 35"
6e4c2024-378d-42bc-81f8-06ff06764f7a,True,39,"2021, 10, 31, 21, 24, 35"
43a01e06-c114-430d-a5ed-3d217b628a9c,False,38,"2021, 10, 31, 21, 24, 37"
ebf2679d-d013-42fc-915a-d227f907c5ca,False,39,"2021, 10, 31, 21, 24, 37"
9dddf21a-e743-48f9-830e-f7b04e53d31c,True,190,"2021, 10, 31, 21, 24, 37"
f6445833-9dcb-4a62-830b-9b9c7abcabd0,False,39,"2021, 10, 31, 21, 24, 39"
075f3feb-3793-4bc1-b8b9-9726811ca6cc,False,190,"2021, 10, 31, 21, 24, 39"
07219986-2b52-4911-8b45-b1f13519479d,True,191,"2021, 10, 31, 21, 24, 39"
44649d4d-4ea2-46f5-924c-a57f7f2869b2,False,190,"2021, 10, 31, 21, 24, 41"
ea77c012-2008-4824-9c25-0f869a3fe0cd,False,191,"2021, 10, 31, 21, 24, 41"
a6027922-caa1-48eb-a833-d6beb4573862,True,192,"2021, 10, 31, 21, 24, 41"
47d43b27-741d-4905-9e0d-273429961c72,False,191,"2021, 10, 31, 21, 24, 44"
7557e181-5068-4fff-8377-f475c2e3e5fb,False,192,"2021, 10, 31, 21, 24, 44"
ebd3860f-f694-4838-9068-47a8953280d8,True,193,"2021, 10, 31, 21, 24, 44"
0a867b65-2a9e-4572-a27d-8f15b11bf34a,False,192,"2021, 10, 31, 21, 24, 46"
3785dcc8-3a97-4935-be0e-71db6d9711f5,False,193,"2021, 10, 31, 21, 24, 46"
e50215f2-96a0-4a03-8626-8464dc8c821e,True,194,"2021, 10, 31, 21, 24, 46"
8ca9cec5-a00f-4a4a-bb8a-fbbff034d7a0,False,193,"2021, 10, 31, 21, 24, 48"
30553e14-c977-43ef-8910-417664860feb,False,194,"2021, 10, 31, 21, 24, 48"
57da7b04-9adf-4875-b70a-289141e2ba37,True,195,"2021, 10, 31, 21, 24, 48"
40f44187-3ed7-4e4d-b023-89c10943c78b,False,194,"2021, 10, 31, 21, 24, 50"
47e395cd-f83d-4bf8-8406-48ac81e0d842,False,195,"2021, 10, 31, 21, 24, 50"
47cf580e-4b78-4d57-9e40-0e0124441a26,True,196,"2021, 10, 31, 21, 24, 50"
5a7745e6-566f-4283-af32-de8b3b40f482,False,195,"2021, 10, 31, 21, 24, 52"
2883af14-0a2b-406f-ab5f-dde4c8c5aab2,False,196,"2021, 10, 31, 21, 24, 52"
10e94b43-8c08-43f3-8370-4ed8baf426b8,True,197,"2021, 10, 31, 21, 24, 52"
73245b80-41b3-4bc3-814f-9d7b2c3b26d1,False,196,"2021, 10, 31, 21, 24, 54"
840012ed-a4fb-41b3-8adb-6f56e274596a,False,197,"2021, 10, 31, 21, 24, 54"
78b879a8-7ce0-43d9-980f-17094de29d0b,True,198,"2021, 10, 31, 21, 24, 54"
725bec47-a445-4228-bdc4-94aab2ca4fbd,False,197,"2021, 10, 31, 21, 24, 56"
e428ac48-2856-476d-ba1e-6ff1ca5dd5fe,False,198,"2021, 10, 31, 21, 24, 56"
a8205592-d35f-4f86-b849-765133fc87ba,True,199,"2021, 10, 31, 21, 24, 56"
42128f29-0bad-4a06-bd65-e99b5fcae49c,False,198,"2021, 10, 31, 21, 24, 58"
46d6894c-108a-41c4-8f95-a3c62f4b9486,False,199,"2021, 10, 31, 21, 24, 58"
c209db4b-029d-42f1-9677-7ee76a9ddceb,True,170,"2021, 10, 31, 21, 24, 58"
3d6fbedb-8a14-41c9-b4be-0cde913d8d56,False,199,"2021, 10, 31, 21, 25, 00"
b47dc5d9-ecc6-4514-b15f-a60a720bd395,False,170,"2021, 10, 31, 21, 25, 00"
b6221389-4bb6-48df-aa7b-9295229e4655,True,171,"2021, 10, 31, 21, 25, 00"
62293818-45f5-44c7-95b1-5038cc7a0f93,False,170,"2021, 10, 31, 21, 25, 02"
9738bcf0-77c5-4eba-bb81-9beea533d091,False,171,"2021, 10, 31, 21, 25, 02"
d738981f-dd74-4e9a-bdf2-0a1b311cf8de,True,172,"2021, 10, 31, 21, 25, 02"
eace6b32-e026-49f0-ab3f-b5d2bb7c140b,False,171,"2021, 10, 31, 21, 25, 04"
8e1ad863-13a7-4489-8ea9-559453f8cd07,False,172,"2021, 10, 31, 21, 25, 04"
1d6caa18-03cf-4568-b96f-a136bd13fdfa,True,173,"2021, 10, 31, 21, 25, 04"
f4b2ba10-c496-4940-9579-7972af7a10fd,False,172,"2021, 10, 31, 21, 25, 06"
5958c57b-882e-4f9a-80ae-7080b1b1d07f,False,173,"2021, 10, 31, 21, 25, 06"
7bed1bdc-deeb-4fe7-9cb3-c76bdfcf1562,True,174,"2021, 10, 31, 21, 25, 06"
9b9e766e-3e4e-45f7-aadb-6e0e18ff4df4,False,173,"2021, 10, 31, 21, 25, 08"
743aad34-28ad-431d-aff4-c6c69dc8f59b,False,174,"2021, 10, 31, 21, 25, 08"
e7130e34-928f-470c-8b7f-b57b1e154b3a,True,175,"2021, 10, 31, 21, 25, 08"
b73783bb-27f2-447b-901b-e93f01953239,False,174,"2021, 10, 31, 21, 25, 10"
4a4c9d50-a7eb-4fc3-a365-f7c75f2c959b,False,175,"2021, 10, 31, 21, 25, 10"
113b786b-2560-46b9-99b8-467a9c6dee70,True,176,"2021, 10, 31, 21, 25, 10"
b97ce7e4-e636-460a-86da-c136d0e2b1ae,False,175,"2021, 10, 31, 21, 25, 13"
dac9cf51-9730-42ce-a69d-ab04f171319d,False,176,"2021, 10, 31, 21, 25, 13"
4d3826af-97b8-4aa7-8208-22072cf0bc8e,True,177,"2021, 10, 31, 21, 25, 13"
602a134e-7019-468f-82f9-da39a576c4c5,False,176,"2021, 10, 31, 21, 25, 15"
e69b2f27-d1a4-4cea-b651-395a7bb6977b,False,177,"2021, 10, 31, 21, 25, 15"
b31a6c04-0761-4429-8ae2-beb834dec7db,True,178,"2021, 10, 31, 21, 25, 15"
d93b3e53-b1b7-43b7-a3c1-65ade8798d42,False,177,"2021, 10, 31, 21, 25, 17"
a023c185-f50b-4439-9cc6-aa7d67c4421e,False,178,"2021, 10, 31, 21, 25, 17"
80367f8f-3c67-4a1a-b419-73a404ee1f34,True,179,"2021, 10, 31, 21, 25, 17"
5c4bb269-09e1-484b-9f9f-01ee9aa90e47,False,178,"2021, 10, 31, 21, 25, 19"
8da4ef54-cc65-475a-b077-d1539d35e3e4,False,179,"2021, 10, 31, 21, 25, 19"
ee654a5c-e2f1-4854-a4d2-9c049cf86be9,True,50,"2021, 10, 31, 21, 25, 19"
57f0081b-d895-432b-94e9-972b7795a127,False,179,"2021, 10, 31, 21, 25, 21"
345c6c8f-79b4-4b54-80a7-0c0af64c0373,False,50,"2021, 10, 31, 21, 25, 21"
8b120241-45fe-4d4c-a7e3-a69ba02adbba,True,51,"2021, 10, 31, 21, 25, 21"
cccf91da-3b9f-4bea-8cdd-44627b03554f,False,50,"2021, 10, 31, 21, 25, 23"
0150f9a6-d622-4d45-aab0-a8f0f3afb9d6,False,51,"2021, 10, 31, 21, 25, 23"
3869d76c-6ae6-4d2f-991d-78e43200b94b,True,52,"2021, 10, 31, 21, 25, 23"
0f4a136e-34a0-43c2-b3fd-a34984c118b1,False,51,"2021, 10, 31, 21, 25, 25"
98554aaa-977f-4afb-b11f-b1128055f8f9,False,52,"2021, 10, 31, 21, 25, 25"
9ff64b08-a1be-43f6-a700-a171b0cc9b29,True,53,"2021, 10, 31, 21, 25, 25"
84cca656-9cf4-4125-afbc-decfb6a5f239,False,52,"2021, 10, 31, 21, 25, 27"
f0807144-ef5e-4cb7-b7b3-b7a8101de9cc,False,53,"2021, 10, 31, 21, 25, 27"
986f8b3d-a7c1-4026-93a9-7e64382aa311,True,54,"2021, 10, 31, 21, 25, 27"
8dea8381-52b3-4eb7-9700-72b8b4b6b77e,False,53,"2021, 10, 31, 21, 25, 29"
228125ae-bee7-4898-abb4-40ba86f99b74,False,54,"2021, 10, 31, 21, 25, 29"
eb9245a5-f994-410f-9904-f775763ef963,True,55,"2021, 10, 31, 21, 25, 29"
b39ed6d0-16a5-4230-be69-efbcc041faae,False,54,"2021, 10, 31, 21, 25, 32"
0f4b8a6d-62cc-4e3e-8626-6b79b33c3683,False,55,"2021, 10, 31, 21, 25, 32"
fdd4286b-937e-4ffd-8647-bbf46aab1d2e,True,56,"2021, 10, 31, 21, 25, 32"
749b8ce9-66b5-4922-97a2-3bef1e979351,False,55,"2021, 10, 31, 21, 25, 34"
333c9f11-3b3f-47ed-959a-b19027f9ece1,False,56,"2021, 10, 31, 21, 25, 34"
3e8376d6-cf5d-4436-a90a-bfb32fa994b6,True,57,"2021, 10, 31, 21, 25, 34"
e0a3e49c-8b6a-45dd-afb6-37c41ef62858,False,56,"2021, 10, 31, 21, 25, 36"
8e26237f-f3cc-4544-a750-9f3ecdea9d85,False,57,"2021, 10, 31, 21, 25, 36"
65ff0228-f19d-40ff-9cb1-87faf94e8a8c,True,58,"2021, 10, 31, 21, 25, 36"
5b629f61-58d8-4565-b866-1b334179276a,False,57,"2021, 10, 31, 21, 25, 38"
d4db1e99-334d-4515-b501-3abd7d5cd864,False,58,"2021, 10, 31, 21, 25, 38"
4a577b89-8c1d-477f-b800-7912aeb3f0d5,True,59,"2021, 10, 31, 21, 25, 38"
ffea4d64-c2a6-430a-806e-e5eee29533d4,False,58,"2021, 10, 31, 21, 25, 40"
f851aec8-a5a5-4757-a81f-36079c254d3f,False,59,"2021, 10, 31, 21, 25, 40"
9d16492d-bf66-43c5-ad28-0f175b4bfbcc,False,59,"2021, 10, 31, 21, 25, 42"
6cba4daf-02e8-4480-97af-01c846e005d7,False,4,"2021, 10, 31, 21, 25, 42"
08e61075-60c3-4012-8a64-579f288da798,False,4,"2021, 10, 31, 21, 25, 44"
891f556b-c238-44d7-82c6-b3cae10a3668,False,3,"2021, 10, 31, 21, 25, 46"
c462c9d7-1957-4d29-9f1d-e9b668e6ef39,False,2,"2021, 10, 31, 21, 25, 48"
2e036716-5e3d-49a7-8db9-64424379bd3f,False,1,"2021, 10, 31, 21, 25, 49"
f26a3a1a-904f-4056-aea0-a90d0e45ff83,False,0,"2021, 10, 31, 21, 25, 51"
